date,home_team,away_team,home_score,away_score,week,point_diff,total_points,home_win,home_avg_points_L5,home_avg_allowed_L5,home_win_rate_L5,home_diff_trend,away_avg_points_L5,away_avg_allowed_L5,away_win,away_win_rate_L5,away_diff_trend,home_advantage,point_spread_estimate,home_rest_days,away_rest_days,rest_advantage,is_division_game,home_team_home_advantage,away_team_away_disadvantage,home_momentum,away_momentum,momentum_advantage,home_opponent_strength,away_opponent_strength,opponent_strength_diff,week_normalized,is_early_season,is_mid_season,is_late_season,h2h_home_win_rate,h2h_games_played,home_point_diff_variance,away_point_diff_variance,consistency_advantage,home_scoring_trend,away_scoring_trend,scoring_trend_advantage,home_yards_per_play,away_yards_per_play,home_explosive_rate,away_explosive_rate,home_third_down_success,away_third_down_success,home_red_zone_td,away_red_zone_td,efficiency_advantage,home_team_tier,away_team_tier,tier_matchup,home_form_pca1,home_form_pca2,home_travel_miles_21d,away_travel_miles_21d,home_back_to_back_away,away_back_to_back_away,home_after_long_trip,away_timezone_disadvantage,travel_advantage,home_qb_continuity,away_qb_continuity,home_ol_continuity,away_ol_continuity,home_qb_change_flag,away_qb_change_flag,qb_continuity_advantage,home_4th_quarter_perf,away_4th_quarter_perf,fourth_quarter_advantage,home_coach_aggression,away_coach_aggression,home_adjustment_delta,away_adjustment_delta,coaching_aggression_diff,market_closing_line,model_market_divergence,market_movement_units,prediction_confidence,is_high_confidence
2023-01-01 18:00:00+00:00,Atlanta Falcons,Arizona Cardinals,20,19,17,1,39,1,,,,,,,0,,,3,,7.0,7.0,0.0,0,0.0,-0.0,0.0,0.0,0.0,22.89766081871345,22.89766081871345,0.0,0.9444444444444444,0,0,1,0.5,0,0.0,0.0,0.0,0.0,0.0,0.0,5.5,5.5,0.15,0.15,0.4,0.4,0.6,0.6,0.0,1.0,0.0,1.0,0.0,0.0,0,0,0,0,0,-1,0,0.5,0.5,0.5,0.5,0,0,0.0,0.0,0.0,0.0,0.0,0.0,0.0,0.0,0.0,3.0,,0.0,0.5,0
2023-01-01 18:00:00+00:00,Detroit Lions,Chicago Bears,41,10,17,31,51,1,,,,,,,0,,,3,,7.0,7.0,0.0,1,0.0,-0.0,0.0,0.0,0.0,22.89766081871345,22.89766081871345,0.0,0.9444444444444444,0,0,1,0.5,0,0.0,0.0,0.0,0.0,0.0,0.0,5.5,5.5,0.15,0.15,0.4,0.4,0.6,0.6,0.0,2.0,1.0,1.0,0.0,0.0,0,0,0,0,0,0,0,0.5,0.5,0.5,0.5,0,0,0.0,0.0,0.0,0.0,0.0,0.0,0.0,0.0,0.0,3.0,,0.0,0.5,0
2023-01-01 18:00:00+00:00,Kansas City Chiefs,Denver Broncos,27,24,17,3,51,1,,,,,,,0,,,3,,7.0,7.0,0.0,1,0.0,-0.0,0.0,0.0,0.0,22.89766081871345,22.89766081871345,0.0,0.9444444444444444,0,0,1,0.5,0,0.0,0.0,0.0,0.0,0.0,0.0,5.5,5.5,0.15,0.15,0.4,0.4,0.6,0.6,0.0,3.0,2.0,1.0,0.0,0.0,0,0,0,0,0,0,0,0.5,0.5,0.5,0.5,0,0,0.0,0.0,0.0,0.0,0.0,0.0,0.0,0.0,0.0,3.0,,0.0,0.5,0
2023-01-01 18:00:00+00:00,New England Patriots,Miami Dolphins,23,21,17,2,44,1,,,,,,,0,,,3,,7.0,7.0,0.0,1,0.0,-0.0,0.0,0.0,0.0,22.89766081871345,22.89766081871345,0.0,0.9444444444444444,0,0,1,0.5,0,0.0,0.0,0.0,0.0,0.0,0.0,5.5,5.5,0.15,0.15,0.4,0.4,0.6,0.6,0.0,3.0,3.0,0.0,0.0,0.0,0,0,0,0,0,0,0,0.5,0.5,0.5,0.5,0,0,0.0,0.0,0.0,0.0,0.0,0.0,0.0,0.0,0.0,3.0,,0.0,0.5,0
2023-01-01 18:00:00+00:00,New York Giants,Indianapolis Colts,38,10,17,28,48,1,,,,,,,0,,,3,,7.0,7.0,0.0,0,0.0,-0.0,0.0,0.0,0.0,22.89766081871345,22.89766081871345,0.0,0.9444444444444444,0,0,1,0.5,0,0.0,0.0,0.0,0.0,0.0,0.0,5.5,5.5,0.15,0.15,0.4,0.4,0.6,0.6,0.0,1.0,1.0,0.0,0.0,0.0,0,0,0,0,0,0,0,0.5,0.5,0.5,0.5,0,0,0.0,0.0,0.0,0.0,0.0,0.0,0.0,0.0,0.0,3.0,,0.0,0.5,0
2023-01-01 18:00:00+00:00,Philadelphia Eagles,New Orleans Saints,10,20,17,-10,30,0,,,,,,,1,,,3,,7.0,7.0,0.0,0,0.0,-0.0,0.0,0.0,0.0,22.89766081871345,22.89766081871345,0.0,0.9444444444444444,0,0,1,0.5,0,0.0,0.0,0.0,0.0,0.0,0.0,5.5,5.5,0.15,0.15,0.4,0.4,0.6,0.6,0.0,3.0,0.0,3.0,0.0,0.0,0,0,0,0,0,0,0,0.5,0.5,0.5,0.5,0,0,0.0,0.0,0.0,0.0,0.0,0.0,0.0,0.0,0.0,3.0,,0.0,0.5,0
2023-01-01 18:00:00+00:00,Tampa Bay Buccaneers,Carolina Panthers,30,24,17,6,54,1,,,,,,,0,,,3,,7.0,7.0,0.0,1,0.0,-0.0,0.0,0.0,0.0,22.89766081871345,22.89766081871345,0.0,0.9444444444444444,0,0,1,0.5,0,0.0,0.0,0.0,0.0,0.0,0.0,5.5,5.5,0.15,0.15,0.4,0.4,0.6,0.6,0.0,3.0,1.0,2.0,0.0,0.0,0,0,0,0,0,0,0,0.5,0.5,0.5,0.5,0,0,0.0,0.0,0.0,0.0,0.0,0.0,0.0,0.0,0.0,3.0,,0.0,0.5,0
2023-01-01 18:00:00+00:00,Washington Commanders,Cleveland Browns,10,24,17,-14,34,0,,,,,,,1,,,3,,7.0,7.0,0.0,0,0.0,-0.0,0.0,0.0,0.0,22.89766081871345,22.89766081871345,0.0,0.9444444444444444,0,0,1,0.5,0,0.0,0.0,0.0,0.0,0.0,0.0,5.5,5.5,0.15,0.15,0.4,0.4,0.6,0.6,0.0,3.0,1.0,2.0,0.0,0.0,0,0,0,0,0,0,0,0.5,0.5,0.5,0.5,0,0,0.0,0.0,0.0,0.0,0.0,0.0,0.0,0.0,0.0,3.0,,0.0,0.5,0
2023-01-01 18:00:00+00:00,Houston Texans,Jacksonville Jaguars,3,31,17,-28,34,0,,,,,,,1,,,3,,7.0,7.0,0.0,1,0.0,-0.0,0.0,0.0,0.0,22.89766081871345,22.89766081871345,0.0,0.9444444444444444,0,0,1,0.5,0,0.0,0.0,0.0,0.0,0.0,0.0,5.5,5.5,0.15,0.15,0.4,0.4,0.6,0.6,0.0,3.0,1.0,2.0,0.0,0.0,0,0,0,0,0,0,0,0.5,0.5,0.5,0.5,0,0,0.0,0.0,0.0,0.0,0.0,0.0,0.0,0.0,0.0,3.0,,0.0,0.5,0
2023-01-01 21:05:00+00:00,Seattle Seahawks,New York Jets,23,6,17,17,29,1,,,,,,,0,,,3,,7.0,7.0,0.0,0,0.0,-0.0,0.0,0.0,0.0,22.89766081871345,22.89766081871345,0.0,0.9444444444444444,0,0,1,0.5,0,0.0,0.0,0.0,0.0,0.0,0.0,5.5,5.5,0.15,0.15,0.4,0.4,0.6,0.6,0.0,0.0,1.0,-1.0,0.0,0.0,0,0,0,0,0,1,0,0.5,0.5,0.5,0.5,0,0,0.0,0.0,0.0,0.0,0.0,0.0,0.0,0.0,0.0,3.0,,0.0,0.5,0
2023-01-01 21:05:00+00:00,Las Vegas Raiders,San Francisco 49ers,34,37,17,-3,71,0,,,,,,,1,,,3,,7.0,7.0,0.0,0,0.0,-0.0,0.0,0.0,0.0,22.89766081871345,22.89766081871345,0.0,0.9444444444444444,0,0,1,0.5,0,0.0,0.0,0.0,0.0,0.0,0.0,5.5,5.5,0.15,0.15,0.4,0.4,0.6,0.6,0.0,1.0,1.0,0.0,0.0,0.0,0,0,0,0,0,0,0,0.5,0.5,0.5,0.5,0,0,0.0,0.0,0.0,0.0,0.0,0.0,0.0,0.0,0.0,3.0,,0.0,0.5,0
2023-01-01 21:25:00+00:00,Green Bay Packers,Minnesota Vikings,41,17,17,24,58,1,,,,,,,0,,,3,,7.0,7.0,0.0,1,0.0,-0.0,0.0,0.0,0.0,22.89766081871345,22.89766081871345,0.0,0.9444444444444444,0,0,1,0.5,0,0.0,0.0,0.0,0.0,0.0,0.0,5.5,5.5,0.15,0.15,0.4,0.4,0.6,0.6,0.0,3.0,2.0,1.0,0.0,0.0,0,0,0,0,0,0,0,0.5,0.5,0.5,0.5,0,0,0.0,0.0,0.0,0.0,0.0,0.0,0.0,0.0,0.0,3.0,,0.0,0.5,0
2023-01-01 21:25:00+00:00,Los Angeles Chargers,Los Angeles Rams,31,10,17,21,41,1,,,,,,,0,,,3,,7.0,7.0,0.0,0,0.0,-0.0,0.0,0.0,0.0,22.89766081871345,22.89766081871345,0.0,0.9444444444444444,0,0,1,0.5,0,0.0,0.0,0.0,0.0,0.0,0.0,5.5,5.5,0.15,0.15,0.4,0.4,0.6,0.6,0.0,3.0,2.0,1.0,0.0,0.0,0,0,0,0,0,0,0,0.5,0.5,0.5,0.5,0,0,0.0,0.0,0.0,0.0,0.0,0.0,0.0,0.0,0.0,3.0,,0.0,0.5,0
2023-01-02 01:20:00+00:00,Baltimore Ravens,Pittsburgh Steelers,13,16,17,-3,29,0,,,,,,,1,,,3,,7.0,7.0,0.0,1,0.0,-0.0,0.0,0.0,0.0,22.89766081871345,22.89766081871345,0.0,0.9444444444444444,0,0,1,0.5,0,0.0,0.0,0.0,0.0,0.0,0.0,5.5,5.5,0.15,0.15,0.4,0.4,0.6,0.6,0.0,2.0,2.0,0.0,0.0,0.0,0,0,0,0,0,0,0,0.5,0.5,0.5,0.5,0,0,0.0,0.0,0.0,0.0,0.0,0.0,0.0,0.0,0.0,3.0,,0.0,0.5,0
2023-01-07 21:30:00+00:00,Las Vegas Raiders,Kansas City Chiefs,13,31,18,-18,44,0,34.0,37.0,0.0,-3.0,,,1,,,3,,6.0,7.0,-1.0,1,-0.5,-0.5,0.0,0.0,0.0,37.0,24.0,13.0,1.0,0,0,1,0.5,0,0.0,0.0,0.0,0.0,0.0,0.0,5.7,5.0,0.16,0.125,0.47,0.39999999999999997,0.67,0.6000000000000001,0.7000000000000002,1.0,3.0,-2.0,0.0,0.0,0,0,0,0,0,0,0,0.5,0.5,0.5,0.5,0,0,0.0,-1.0,1.0,-2.0,0.0,0.0,0.0,0.0,0.0,-3.0,,0.0,0.25,0
2023-01-08 01:15:00+00:00,Jacksonville Jaguars,Tennessee Titans,20,16,18,4,36,1,,,,,,,0,,,3,,7.0,7.0,0.0,1,-0.5,-0.0,0.0,0.0,0.0,3.0,22.89766081871345,-19.89766081871345,1.0,0,0,1,0.5,0,0.0,0.0,0.0,0.0,0.0,0.0,5.4,5.5,0.14500000000000002,0.15,0.43999999999999995,0.4,0.64,0.6,-0.09999999999999964,1.0,1.0,0.0,0.0,0.0,500,0,0,0,0,0,-500,0.5,0.5,0.5,0.5,0,0,0.0,0.0,0.0,0.0,0.0,0.0,0.0,0.0,0.0,3.0,,0.0,0.5,0
2023-01-08 18:00:00+00:00,Pittsburgh Steelers,Cleveland Browns,28,14,18,14,42,1,,,,,,,0,,,3,,7.0,7.0,0.0,1,-0.5,0.5,0.0,0.0,0.0,13.0,10.0,3.0,1.0,0,0,1,0.5,0,0.0,0.0,0.0,0.0,0.0,0.0,3.9,4.7,0.07,0.11,0.29,0.37,0.49000000000000005,0.5700000000000001,-0.8000000000000003,2.0,1.0,1.0,0.0,0.0,1000,1000,0,0,0,0,0,0.5,0.5,0.5,0.5,0,0,0.0,1.0,0.0,1.0,0.0,0.0,0.0,0.0,0.0,-8.0,,0.0,0.25,0
2023-01-08 18:00:00+00:00,New Orleans Saints,Carolina Panthers,7,10,18,-3,17,0,20.0,19.0,1.0,1.0,,,1,,,3,,7.0,7.0,0.0,1,-0.5,-0.5,0.0,0.0,0.0,10.0,30.0,-20.0,1.0,0,0,1,0.5,0,0.0,0.0,0.0,0.0,0.0,0.0,4.3,4.7,0.09000000000000001,0.11,0.32999999999999996,0.37,0.53,0.5700000000000001,-0.40000000000000036,0.0,1.0,-1.0,0.0,0.0,1000,500,0,0,0,0,-500,0.5,0.5,0.5,0.5,0,0,0.0,0.0,-1.0,1.0,0.0,0.0,0.0,0.0,0.0,19.0,,0.0,0.25,0
2023-01-08 18:00:00+00:00,Miami Dolphins,New York Jets,11,6,18,5,17,1,,,,,,,0,,,3,,7.0,6.0,1.0,1,0.5,-0.5,0.0,0.0,0.0,23.0,23.0,0.0,1.0,0,0,1,0.5,0,0.0,0.0,0.0,0.0,0.0,0.0,4.4,3.0,0.095,0.05,0.33999999999999997,0.2,0.54,0.39,1.4000000000000004,3.0,1.0,2.0,0.0,0.0,500,2500,0,0,0,0,2000,0.5,0.5,0.5,0.5,0,0,0.0,-1.0,0.0,-1.0,0.0,0.0,0.0,0.0,0.0,18.0,,0.0,0.25,0
2023-01-08 18:00:00+00:00,Indianapolis Colts,Houston Texans,31,32,18,-1,63,0,,,,,17.0,41.0,1,0.0,24.0,3,,7.0,7.0,0.0,1,0.5,0.5,0.0,0.0,0.0,38.0,31.0,7.0,1.0,0,0,1,0.5,0,0.0,0.0,0.0,0.0,0.0,0.0,3.3,3.0,0.05,0.05,0.22999999999999998,0.2,0.43000000000000005,0.36000000000000004,0.2999999999999998,1.0,3.0,-2.0,0.0,0.0,1000,0,0,0,0,0,-1000,0.5,0.5,0.5,0.5,0,0,0.0,0.0,0.0,0.0,0.0,0.0,0.0,0.0,0.0,3.0,,0.0,0.25,0
2023-01-08 18:00:00+00:00,Chicago Bears,Minnesota Vikings,13,29,18,-16,42,0,,,,,6.0,23.0,1,0.0,17.0,3,,7.0,6.0,1.0,1,0.5,-0.5,0.0,0.0,0.0,41.0,41.0,0.0,1.0,0,0,1,0.5,0,0.0,0.0,0.0,0.0,0.0,0.0,3.3,4.0,0.05,0.07500000000000001,0.22999999999999998,0.3,0.43000000000000005,0.5,-0.7000000000000002,1.0,2.0,-1.0,0.0,0.0,0,0,0,0,0,0,0,0.5,0.5,0.5,0.5,0,0,0.0,0.0,0.0,0.0,0.0,0.0,0.0,0.0,0.0,-4.0,,0.0,0.25,0
2023-01-08 18:00:00+00:00,Buffalo Bills,New England Patriots,35,23,18,12,58,1,,,,,24.0,30.0,0,0.0,6.0,3,,7.0,7.0,0.0,1,0.0,-0.5,0.0,0.0,0.0,22.89766081871345,21.0,1.897660818713451,1.0,0,0,1,0.5,0,0.0,0.0,0.0,0.0,0.0,0.0,5.5,4.6,0.15,0.10500000000000001,0.4,0.36,0.6,0.56,0.9000000000000004,3.0,3.0,0.0,0.0,0.0,0,0,0,0,0,0,0,0.5,0.5,0.5,0.5,0,0,0.0,0.0,1.0,-1.0,0.0,0.0,0.0,0.0,0.0,3.0,,0.0,0.5,0
2023-01-08 18:00:00+00:00,Atlanta Falcons,Tampa Bay Buccaneers,30,17,18,13,47,1,,,,,24.0,10.0,0,1.0,-14.0,3,,7.0,7.0,0.0,1,0.5,-0.5,0.0,0.0,0.0,19.0,24.0,-5.0,1.0,0,0,1,0.5,0,0.0,0.0,0.0,0.0,0.0,0.0,4.3,5.3,0.09000000000000001,0.14,0.32999999999999996,0.43,0.53,0.63,-1.0,1.0,3.0,-2.0,0.0,0.0,0,0,0,0,0,0,0,0.5,0.5,0.5,0.5,0,0,0.0,1.0,1.0,0.0,0.0,0.0,0.0,0.0,0.0,-2.0,,0.0,0.25,0
2023-01-08 18:00:00+00:00,Cincinnati Bengals,Baltimore Ravens,27,16,18,11,43,1,,,,,,,0,,,3,,7.0,7.0,0.0,1,0.0,0.5,0.0,0.0,0.0,22.89766081871345,16.0,6.897660818713451,1.0,0,0,1,0.5,0,0.0,0.0,0.0,0.0,0.0,0.0,5.5,3.6,0.15,0.05500000000000001,0.4,0.26,0.6,0.4600000000000001,1.9,3.0,2.0,1.0,0.0,0.0,0,0,0,0,0,0,0,0.5,0.5,0.5,0.5,0,0,0.0,0.0,-1.0,1.0,0.0,0.0,0.0,0.0,0.0,3.0,,0.0,0.5,0
2023-01-08 21:25:00+00:00,Denver Broncos,Los Angeles Chargers,31,28,18,3,59,1,,,,,,,0,,,3,,7.0,7.0,0.0,1,0.5,-0.5,0.0,0.0,0.0,27.0,10.0,17.0,1.0,0,0,1,0.5,0,0.0,0.0,0.0,0.0,0.0,0.0,4.7,5.4,0.11,0.14500000000000002,0.37,0.43999999999999995,0.5700000000000001,0.64,-0.7000000000000002,2.0,3.0,-1.0,0.0,0.0,0,0,0,0,0,0,0,0.5,0.5,0.5,0.5,0,0,0.0,-1.0,0.0,-1.0,0.0,0.0,0.0,0.0,0.0,-21.0,,0.0,0.25,0
2023-01-08 21:25:00+00:00,Philadelphia Eagles,New York Giants,22,16,18,6,38,1,10.0,20.0,0.0,-10.0,,,0,,,3,,7.0,7.0,0.0,1,-0.5,-0.5,0.0,0.0,0.0,20.0,10.0,10.0,1.0,0,0,1,0.5,0,0.0,0.0,0.0,0.0,0.0,0.0,3.3,6.1,0.05,0.18,0.22999999999999998,0.51,0.43000000000000005,0.7100000000000001,-2.8,3.0,1.0,2.0,0.0,0.0,0,0,0,0,0,0,0,0.5,0.5,0.5,0.5,0,0,0.0,0.0,0.0,0.0,0.0,0.0,0.0,0.0,0.0,-35.0,,0.0,0.25,0
2023-01-08 21:25:00+00:00,San Francisco 49ers,Arizona Cardinals,38,13,18,25,51,1,,,,,19.0,20.0,0,0.0,1.0,3,,7.0,7.0,0.0,1,-0.5,-0.5,0.0,0.0,0.0,34.0,20.0,14.0,1.0,0,0,1,0.5,0,0.0,0.0,0.0,0.0,0.0,0.0,6.0,4.2,0.175,0.085,0.5,0.31999999999999995,0.7000000000000001,0.52,1.7999999999999998,1.0,0.0,1.0,0.0,0.0,500,2500,0,0,0,0,2000,0.5,0.5,0.5,0.5,0,0,0.0,1.0,-1.0,2.0,0.0,0.0,0.0,0.0,0.0,7.0,,0.0,0.25,0
2023-01-08 21:25:00+00:00,Seattle Seahawks,Los Angeles Rams,19,16,18,3,35,1,23.0,6.0,1.0,17.0,10.0,31.0,0,0.0,21.0,3,16.0,7.0,7.0,0.0,1,0.5,-0.5,0.0,0.0,0.0,6.0,31.0,-25.0,1.0,0,0,1,0.5,0,0.0,0.0,0.0,0.0,0.0,0.0,4.6,3.3,0.10500000000000001,0.05,0.36,0.22999999999999998,0.56,0.43000000000000005,1.2999999999999998,0.0,2.0,-2.0,0.0,0.0,0,500,0,0,0,0,500,0.5,0.5,0.5,0.5,0,0,0.0,0.0,0.0,0.0,0.0,0.0,0.0,0.0,0.0,41.0,25.0,0.0,0.25,0
2023-01-08 21:25:00+00:00,Washington Commanders,Dallas Cowboys,26,6,18,20,32,1,10.0,24.0,0.0,-14.0,,,0,,,3,,7.0,7.0,0.0,1,-0.5,-0.0,0.0,0.0,0.0,24.0,22.89766081871345,1.102339181286549,1.0,0,0,1,0.5,0,0.0,0.0,0.0,0.0,0.0,0.0,3.3,5.5,0.05,0.15,0.22999999999999998,0.4,0.43000000000000005,0.6,-2.2,3.0,1.0,2.0,0.0,0.0,0,0,0,0,0,0,0,0.5,0.5,0.5,0.5,0,0,0.0,0.0,0.0,0.0,0.0,0.0,0.0,0.0,0.0,3.0,,0.0,0.5,0
2023-01-09 01:20:00+00:00,Green Bay Packers,Detroit Lions,16,20,18,-4,36,0,41.0,17.0,1.0,24.0,,,1,,,3,,7.0,7.0,0.0,1,0.5,-0.5,0.0,0.0,0.0,17.0,10.0,7.0,1.0,0,0,1,0.5,0,0.0,0.0,0.0,0.0,0.0,0.0,6.4,6.4,0.195,0.195,0.54,0.54,0.74,0.74,0.0,3.0,2.0,1.0,0.0,0.0,0,0,0,0,0,0,0,0.5,0.5,0.5,0.5,0,0,0.0,0.0,0.0,0.0,0.0,0.0,0.0,0.0,0.0,-4.0,,0.0,0.25,0
2023-01-14 21:30:00+00:00,San Francisco 49ers,Seattle Seahawks,41,23,1,18,64,1,38.0,13.0,1.0,25.0,,,0,,,3,,6.0,7.0,-1.0,1,0.0,-0.5,0.0,0.0,0.0,23.5,11.0,12.5,0.05555555555555555,1,0,0,0.5,0,121.0,49.0,-72.0,0.0,0.0,0.0,6.05,4.4,0.1775,0.095,0.505,0.33999999999999997,0.7050000000000001,0.54,1.6499999999999995,1.0,0.0,1.0,0.0,0.0,500,0,0,0,0,0,-500,0.5,0.5,0.5,0.5,0,0,0.0,1.0,1.0,0.0,0.0,0.0,0.0,0.0,0.0,7.0,,0.0,0.05208333333333333,0
2023-01-15 01:15:00+00:00,Jacksonville Jaguars,Los Angeles Chargers,31,30,1,1,61,1,20.0,16.0,1.0,4.0,28.0,31.0,0,0.0,3.0,3,-5.0,7.0,6.0,1.0,0,0.0,-1.0,0.0,0.0,0.0,9.5,20.5,-11.0,0.05555555555555555,1,0,0,0.5,0,144.0,144.0,0.0,0.0,0.0,0.0,4.85,5.25,0.11750000000000001,0.1375,0.385,0.425,0.5850000000000001,0.625,-0.40000000000000036,1.0,3.0,-2.0,0.0,0.0,500,500,0,0,0,-1,0,0.5,0.5,0.5,0.5,0,0,0.0,1.0,-1.0,2.0,0.0,0.0,0.0,0.0,0.0,10.0,15.0,0.0,0.038461538461538464,0
2023-01-15 18:00:00+00:00,Buffalo Bills,Miami Dolphins,34,31,1,3,65,1,35.0,23.0,1.0,12.0,21.0,23.0,0,0.0,2.0,3,17.0,7.0,14.0,-7.0,1,0.5,-1.0,0.0,0.0,0.0,23.0,14.5,8.5,0.05555555555555555,1,0,0,0.5,0,0.0,12.25,12.25,0.0,0.0,0.0,5.8,3.9,0.165,0.07,0.48,0.29,0.68,0.49000000000000005,1.9,3.0,3.0,0.0,0.0,0.0,0,500,0,0,0,0,500,0.5,0.5,0.5,0.5,0,0,0.0,0.0,0.0,0.0,0.0,0.0,0.0,0.0,0.0,13.5,3.5,0.0,0.18055555555555555,0
2023-01-15 21:50:00+00:00,Minnesota Vikings,New York Giants,24,31,1,-7,55,0,,,,,16.0,22.0,1,0.0,6.0,3,,7.0,7.0,0.0,0,0.0,-1.0,0.0,0.0,0.0,27.0,16.0,11.0,0.05555555555555555,1,0,0,0.5,0,400.0,289.0,-111.0,0.0,0.0,0.0,4.6,5.0,0.10500000000000001,0.125,0.36,0.39999999999999997,0.56,0.6000000000000001,-0.40000000000000036,2.0,1.0,1.0,0.0,0.0,0,500,1,0,0,0,500,0.5,0.5,0.5,0.5,0,0,0.0,0.0,-1.0,1.0,0.0,0.0,0.0,0.0,0.0,-12.0,,0.0,0.025793650793650792,0
2023-01-16 01:15:00+00:00,Cincinnati Bengals,Baltimore Ravens,24,17,1,7,41,1,27.0,16.0,1.0,11.0,16.0,27.0,0,0.0,11.0,3,14.0,7.0,7.0,0.0,1,0.5,-0.0,0.0,0.0,0.0,16.0,21.5,-5.5,0.05555555555555555,1,0,0,1.0,1,0.0,16.0,16.0,0.0,0.0,0.0,5.0,3.75,0.125,0.0625,0.39999999999999997,0.27499999999999997,0.6000000000000001,0.47500000000000003,1.25,3.0,2.0,1.0,0.0,0.0,0,500,0,0,0,0,500,0.5,0.5,0.5,0.5,0,0,0.0,0.0,-1.0,1.0,0.0,0.0,0.0,0.0,0.0,21.0,7.0,0.0,0.21,0
2023-01-17 01:15:00+00:00,Tampa Bay Buccaneers,Dallas Cowboys,14,31,1,-17,45,0,30.0,24.0,1.0,6.0,6.0,26.0,1,0.0,20.0,3,27.0,15.0,8.0,7.0,0,1.0,-0.5,0.0,0.0,0.0,27.0,26.0,1.0,0.05555555555555555,1,0,0,0.5,0,90.25,0.0,-90.25,0.0,0.0,0.0,4.65,3.0,0.10750000000000001,0.05,0.365,0.2,0.5650000000000001,0.39,1.6500000000000004,3.0,1.0,2.0,0.0,0.0,500,1000,0,0,0,0,500,0.5,0.5,0.5,0.5,0,0,0.0,1.0,0.0,1.0,0.0,0.0,0.0,0.0,0.0,19.5,7.5,0.0,0.1488095238095238,0
2023-01-21 21:30:00+00:00,Kansas City Chiefs,Jacksonville Jaguars,27,20,2,7,47,1,27.0,24.0,1.0,3.0,31.0,3.0,0,1.0,-28.0,3,-1.0,20.0,20.0,0.0,0,0.0,-0.0,0.0,-25.5,25.5,18.5,16.333333333333332,2.166666666666668,0.1111111111111111,1,0,0,0.5,0,56.25,146.0,89.75,0.0,-5.5,5.5,5.2,5.033333333333333,0.135,0.12666666666666668,0.42,0.4033333333333333,0.6200000000000001,0.6033333333333334,0.16666666666666696,3.0,1.0,2.0,0.0,0.0,1200,500,0,0,0,0,-700,0.5,0.7407275135649326,0.5,0.7925820108519461,0,0,-0.2407275135649326,1.0,1.0,0.0,0.0,0.5333333333333332,0.0,0.2222222222222222,-0.5333333333333332,2.5,3.5,0.0,0.048520464660355755,0
2023-01-22 01:15:00+00:00,Philadelphia Eagles,New York Giants,38,7,2,31,45,1,16.0,18.0,0.5,-2.0,23.5,23.0,0,0.5,-0.5,3,-4.5,13.0,6.0,7.0,1,0.0,-0.5,0.0,-27.5,27.5,18.0,18.666666666666668,-0.6666666666666679,0.1111111111111111,1,0,0,1.0,1,64.0,196.22222222222226,132.22222222222226,0.0,-14.5,14.5,3.9,5.133333333333333,0.07,0.13166666666666665,0.29,0.41333333333333333,0.49000000000000005,0.6133333333333334,-1.233333333333333,3.0,1.0,2.0,0.0,0.0,0,1000,0,1,0,0,1000,0.5,0.5411366700687932,0.5,0.6329093360550345,0,1,-0.04113667006879318,1.0,0.0,1.0,0.0,0.6333333333333332,0.0,0.22222222222222232,-0.6333333333333332,-8.666666666666666,4.166666666666666,0.0,0.05332275991330558,0
2023-01-22 20:00:00+00:00,Buffalo Bills,Cincinnati Bengals,10,27,2,-17,37,0,34.5,27.0,1.0,7.5,,,1,,,3,,7.0,7.0,0.0,0,0.5,-0.5,0.0,0.0,0.0,27.0,16.5,10.5,0.1111111111111111,1,0,0,0.5,0,20.25,4.0,-16.25,0.0,0.0,0.0,5.75,4.85,0.1625,0.11750000000000001,0.475,0.385,0.675,0.5850000000000001,0.9000000000000004,3.0,3.0,0.0,0.0,0.0,0,0,0,0,0,0,0,0.5,0.5,0.5,0.5,0,0,0.0,1.0,1.0,0.0,0.0,0.0,0.0,0.0,0.0,1.5,,0.0,0.12878787878787878,0
2023-01-22 23:30:00+00:00,San Francisco 49ers,Dallas Cowboys,19,12,2,7,31,1,39.5,18.0,1.0,21.5,18.5,20.0,0,0.5,1.5,3,24.0,8.0,5.0,3.0,0,0.0,-0.0,18.5,0.0,18.5,23.333333333333332,20.0,3.333333333333332,0.1111111111111111,1,0,0,0.5,0,84.22222222222221,342.25,258.02777777777777,2.5,0.0,2.5,6.166666666666666,4.15,0.18333333333333335,0.0825,0.5166666666666666,0.31499999999999995,0.7166666666666667,0.515,2.0166666666666657,1.0,1.0,0.0,-2.2901644280212072,2.7243005633176707,500,2000,0,1,0,0,1500,0.9150163414401202,0.5,0.9320130731520961,0.5,0,0,0.41501634144012023,1.0,0.0,1.0,1.6666666666666665,0.0,0.22222222222222218,0.0,1.6666666666666665,19.833333333333336,4.166666666666664,0.0,0.03738506535309534,0
2023-01-29 20:00:00+00:00,Philadelphia Eagles,San Francisco 49ers,31,7,3,24,38,1,23.333333333333332,14.333333333333334,0.6666666666666666,9.0,37.0,34.0,0,1.0,-3.0,3,-10.666666666666668,7.0,27.0,-20.0,0,0.16666666666666663,-0.0,28.5,-1.5,30.0,14.333333333333334,20.5,-6.166666666666666,0.16666666666666666,1,0,0,0.5,0,284.6666666666667,76.1875,-208.47916666666669,20.0,-7.5,27.5,4.633333333333333,5.675,0.10666666666666666,0.15875,0.3633333333333333,0.46749999999999997,0.5633333333333334,0.6675000000000001,-1.041666666666667,3.0,1.0,2.0,27.436095620668656,-0.3867117562410761,0,0,0,0,0,-1,0,0.42651164886382487,0.5678903495639098,0.5412093190910598,0.6543122796511278,0,1,-0.14137870070008496,1.0,1.0,0.0,0.13333333333333322,1.175,0.22222222222222238,0.22222222222222224,-1.0416666666666667,-1.25,9.416666666666668,-3.416666666666668,0.039685881887213614,0
2023-01-29 23:30:00+00:00,Kansas City Chiefs,Cincinnati Bengals,23,20,3,3,43,1,27.0,22.0,1.0,5.0,27.0,10.0,0,1.0,-17.0,3,3.0,8.0,7.0,1.0,0,0.0,-0.0,9.5,1.0,8.5,19.0,14.333333333333334,4.666666666666666,0.16666666666666666,1,0,0,0.5,0,40.22222222222222,16.88888888888889,-23.333333333333332,2.0,-1.5,3.5,5.133333333333333,4.9,0.13166666666666665,0.12000000000000001,0.41333333333333333,0.38999999999999996,0.6133333333333334,0.5900000000000001,0.2333333333333325,3.0,3.0,0.0,-2.717464881947029,0.9152086306448575,1200,1000,0,0,0,0,-200,0.9057190958417937,0.9292893218813453,0.924575276673435,0.9434314575050762,0,0,-0.02357022603955161,1.0,1.0,0.0,0.6333333333333332,0.4,0.2222222222222221,0.2222222222222223,0.23333333333333317,0.6666666666666679,2.333333333333332,0.0,0.08297762695669111,0
2023-02-05 20:00:00+00:00,NFC,AFC,35,33,4,2,68,1,,,,,,,0,,,3,,7.0,7.0,0.0,0,0.0,-0.0,0.0,0.0,0.0,22.89766081871345,22.89766081871345,0.0,0.2222222222222222,1,0,0,0.5,0,0.0,0.0,0.0,0.0,0.0,0.0,5.5,5.5,0.15,0.15,0.4,0.4,0.6,0.6,0.0,2.0,3.0,-1.0,0.0,0.0,0,0,0,0,0,0,0,0.5,0.5,0.5,0.5,0,0,0.0,0.0,0.0,0.0,0.0,0.0,0.0,0.0,0.0,3.0,,0.0,0.5,0
2023-02-12 23:30:00+00:00,Philadelphia Eagles,Kansas City Chiefs,35,38,5,-3,73,0,25.25,12.5,0.75,12.75,31.0,13.0,1,1.0,-18.0,3,-2.75,14.0,36.0,-22.0,0,0.25,-0.0,29.5,-5.5,35.0,12.5,19.25,-6.75,0.2777777777777778,1,0,0,0.5,0,255.6875,37.6875,-218.0,18.5,-4.0,22.5,4.825,5.0,0.11625,0.125,0.38249999999999995,0.39999999999999997,0.5825,0.6000000000000001,-0.17499999999999982,3.0,3.0,0.0,-13.60064900575571,2.2129949440150436,0,1200,0,0,0,0,1200,0.4763409983586647,0.8585786437626906,0.5810727986869317,0.8868629150101524,0,0,-0.3822376454040258,1.0,1.0,0.0,0.325,0.5,0.22222222222222235,0.2222222222222222,-0.175,8.0,10.75,5.999999999999998,0.04973317626144424,0
2023-08-04 00:00:00+00:00,Cleveland Browns,New York Jets,21,16,1,5,37,1,,,,,6.0,17.0,0,0.0,11.0,3,,7.0,207.0,-200.0,0,0.0,-0.5,0.0,0.0,0.0,19.0,17.0,2.0,0.05555555555555555,1,0,0,0.5,0,196.0,36.0,-160.0,0.0,0.0,0.0,4.2,3.0,0.085,0.05,0.31999999999999995,0.2,0.52,0.39,1.2000000000000002,1.0,1.0,0.0,0.0,0.0,1000,3000,1,1,0,0,2000,0.5,0.5,0.5,0.5,0,0,0.0,0.0,-1.0,1.0,0.0,0.0,0.0,0.0,0.0,14.0,,0.0,0.052380952380952375,0
2023-08-10 23:00:00+00:00,New England Patriots,Houston Texans,9,20,2,-11,29,0,23.0,21.0,1.0,2.0,32.0,31.0,1,1.0,-1.0,3,-6.0,221.0,214.0,7.0,0,1.0,1.0,0.0,0.0,0.0,28.0,31.0,-3.0,0.1111111111111111,1,0,0,0.5,0,49.0,210.25,161.25,0.0,0.0,0.0,4.6,4.05,0.10500000000000001,0.07750000000000001,0.36,0.305,0.56,0.505,0.5499999999999998,3.0,3.0,0.0,0.0,0.0,500,0,0,0,0,0,-500,0.5,0.5,0.5,0.5,0,0,0.0,1.0,1.0,0.0,0.0,0.0,0.0,0.0,0.0,11.5,17.5,0.0,0.047379032258064516,0
2023-08-11 02:00:00+00:00,Seattle Seahawks,Minnesota Vikings,24,13,2,11,37,1,21.0,11.0,1.0,10.0,23.0,27.0,0,0.5,4.0,3,1.0,214.0,214.0,0.0,0,1.0,0.5,-24.5,28.5,-53.0,21.0,28.333333333333332,-7.333333333333332,0.1111111111111111,1,0,0,0.5,0,206.8888888888889,268.6666666666667,61.77777777777777,-2.0,9.5,-11.5,4.466666666666667,4.633333333333333,0.09833333333333334,0.10666666666666666,0.3466666666666667,0.3633333333333333,0.5466666666666667,0.5633333333333334,-0.16666666666666607,0.0,2.0,-2.0,27.36900041895704,-1.0770507366656017,500,0,0,1,0,0,-500,0.9057190958417937,0.7539196156627767,0.924575276673435,0.8031356925302213,0,0,0.151799480179017,1.0,-1.0,2.0,-0.033333333333333215,0.13333333333333322,0.22222222222222238,0.22222222222222227,-0.16666666666666644,8.666666666666668,7.666666666666668,0.0,0.030626244596721246,0
2023-08-11 23:00:00+00:00,Cincinnati Bengals,Green Bay Packers,19,36,2,-17,55,0,25.5,16.5,1.0,9.0,,,1,,,3,,207.0,7.0,200.0,0,0.5,-0.0,-2.0,0.0,-2.0,16.5,18.5,-2.0,0.1111111111111111,1,0,0,0.5,0,53.0,196.0,143.0,-2.0,0.0,-2.0,4.75,5.15,0.1125,0.1325,0.375,0.415,0.5750000000000001,0.615,-0.40000000000000036,3.0,3.0,0.0,13.536160096888853,-0.5218906316401473,1000,0,1,0,0,0,-1000,0.8563859338365493,0.5,0.8851087470692394,0.5,0,0,0.35638593383654926,0.0,-1.0,1.0,0.25,0.0,0.22222222222222227,0.0,0.25,1.0,,-1.0,0.04685950267282301,0
2023-08-11 23:00:00+00:00,Detroit Lions,New York Giants,21,16,2,5,37,1,41.0,10.0,1.0,31.0,18.0,28.0,0,0.3333333333333333,10.0,3,26.0,222.0,201.0,21.0,0,0.0,-0.6666666666666666,0.0,-23.0,23.0,13.0,23.5,-10.5,0.1111111111111111,1,0,0,0.5,0,182.25,457.25,275.0,0.0,-8.0,8.0,5.35,4.6,0.14250000000000002,0.10500000000000001,0.435,0.36,0.635,0.56,0.75,2.0,1.0,1.0,0.0,0.0,0,1500,0,1,0,0,1500,0.5,0.3906971196523029,0.5,0.5125576957218423,0,1,0.10930288034769708,1.0,0.0,1.0,0.0,0.1,0.0,0.22222222222222232,-0.1,21.0,5.0,9.5,0.02841036823108077,0
2023-08-11 23:00:00+00:00,Miami Dolphins,Atlanta Falcons,3,19,2,-16,22,0,11.0,6.0,1.0,5.0,,,1,,,3,,215.0,7.0,208.0,0,1.0,-0.5,3.0,0.0,3.0,21.0,18.0,3.0,0.1111111111111111,1,0,0,0.5,0,12.666666666666666,36.0,23.333333333333336,0.0,0.0,0.0,4.4,4.8,0.095,0.115,0.33999999999999997,0.38,0.54,0.5800000000000001,-0.39999999999999947,3.0,1.0,2.0,-16.6342920134745,-1.1403197842966097,1000,0,1,0,0,0,-1000,0.591751709536137,0.5,0.6734013676289096,0.5,0,0,0.09175170953613698,-0.3333333333333333,1.0,-1.3333333333333333,-0.1,0.0,0.22222222222222235,0.0,-0.1,-4.0,,0.0,0.09055055894308078,0
2023-08-11 23:00:00+00:00,Tampa Bay Buccaneers,Pittsburgh Steelers,17,27,2,-10,44,0,22.0,27.5,0.5,-5.5,16.0,13.0,1,1.0,-3.0,3,9.0,206.0,221.0,-15.0,0,0.5,-0.0,-21.0,0.0,-21.0,28.333333333333332,13.5,14.833333333333332,0.1111111111111111,1,0,0,0.5,0,100.66666666666667,30.25,-70.41666666666667,-14.5,0.0,-14.5,4.333333333333333,4.5,0.09166666666666666,0.1,0.3333333333333333,0.35,0.5333333333333333,0.55,-0.16666666666666696,3.0,2.0,1.0,-11.322603216003607,-0.14449441223471512,500,1000,0,0,0,0,500,0.6527888890666723,0.5,0.7222311112533379,0.5,1,0,0.15278888906667232,1.0,1.0,0.0,-0.1666666666666668,0.0,0.2222222222222222,0.0,-0.1666666666666668,-13.5,22.5,0.0,0.06112026244697728,0
2023-08-11 23:30:00+00:00,Cleveland Browns,Washington Commanders,15,17,2,-2,32,0,21.0,16.0,1.0,5.0,,,1,,,3,,7.0,7.0,0.0,0,0.5,-0.0,-18.5,0.0,-18.5,18.0,15.0,3.0,0.1111111111111111,1,0,0,1.0,1,136.2222222222222,289.0,152.7777777777778,-6.5,0.0,-6.5,4.266666666666667,4.1,0.08833333333333335,0.08,0.32666666666666666,0.31,0.5266666666666667,0.51,0.16666666666666696,1.0,3.0,-2.0,-4.105153090816707,0.1913295320825311,1000,0,1,0,0,0,-1000,0.7905032485003911,0.5,0.8324025988003129,0.5,0,0,0.2905032485003911,1.0,0.0,1.0,-0.23333333333333323,0.0,0.22222222222222213,0.0,-0.23333333333333323,1.6666666666666667,,0.0,0.04034197851549236,0
2023-08-12 02:00:00+00:00,Arizona Cardinals,Denver Broncos,18,17,2,1,35,1,,,,,24.0,27.0,0,0.0,3.0,3,,7.0,222.0,-215.0,0,0.5,-1.0,0.0,0.0,0.0,29.0,27.5,1.5,0.1111111111111111,1,0,0,0.5,0,144.0,9.0,-135.0,0.0,0.0,0.0,3.9,5.05,0.07,0.1275,0.29,0.40499999999999997,0.49000000000000005,0.6050000000000001,-1.15,0.0,2.0,-2.0,0.0,0.0,3000,0,1,0,0,0,-3000,0.5,0.5,0.5,0.5,0,0,0.0,-1.0,0.0,-1.0,0.0,0.0,0.0,0.0,0.0,-10.0,,0.0,0.08173076923076923,0
2023-08-12 17:00:00+00:00,Buffalo Bills,Indianapolis Colts,23,19,2,4,42,1,26.333333333333332,27.0,0.6666666666666666,-0.6666666666666666,10.0,38.0,0,0.0,28.0,3,19.333333333333332,201.0,222.0,-21.0,0,0.16666666666666663,-0.0,-19.0,0.0,-19.0,27.0,35.0,-8.0,0.1111111111111111,1,0,0,0.5,0,146.88888888888886,182.25,35.36111111111114,-13.0,0.0,-13.0,4.933333333333334,4.35,0.12166666666666667,0.0925,0.3933333333333333,0.33499999999999996,0.5933333333333334,0.535,0.5833333333333339,3.0,1.0,2.0,23.076009542227638,-1.0263231277593658,0,1000,0,0,0,0,1000,0.42216880588800954,0.5,0.5377350447104077,0.5,1,0,-0.07783119411199046,1.0,-1.0,2.0,0.43333333333333324,0.0,0.22222222222222218,0.0,0.43333333333333324,16.833333333333336,2.4999999999999964,0.0,0.03629658756932942,0
2023-08-12 17:00:00+00:00,Chicago Bears,Tennessee Titans,23,17,2,6,40,1,13.0,29.0,0.0,-16.0,16.0,20.0,0,0.0,4.0,3,0.0,215.0,216.0,-1.0,0,0.0,-0.5,0.0,0.0,0.0,35.0,20.0,15.0,0.1111111111111111,1,0,0,0.5,0,56.25,0.0,-56.25,0.0,0.0,0.0,3.45,3.9,0.05,0.07,0.245,0.29,0.44500000000000006,0.49000000000000005,-0.44999999999999973,1.0,1.0,0.0,0.0,0.0,0,1000,0,0,0,0,1000,0.5,0.5,0.5,0.5,0,0,0.0,0.0,-1.0,1.0,0.0,0.0,0.0,0.0,0.0,-16.5,16.5,0.0,0.15441176470588236,0
2023-08-12 20:00:00+00:00,Carolina Panthers,New York Jets,0,27,2,-27,27,0,,,,,9.333333333333334,18.333333333333332,1,0.0,9.0,3,,7.0,8.0,-1.0,0,0.0,-0.5,0.0,12.0,-12.0,18.5,18.333333333333332,0.16666666666666785,0.1111111111111111,1,0,0,0.5,0,20.25,32.0,11.75,0.0,5.0,-5.0,4.0,3.2333333333333334,0.07500000000000001,0.05,0.3,0.22333333333333333,0.5,0.4233333333333334,0.7666666666666666,1.0,1.0,0.0,0.0,0.0,1000,3500,1,1,0,0,2500,0.5,0.7642977396044842,0.5,0.8114381916835873,0,0,-0.2642977396044842,0.0,-1.0,1.0,0.0,-1.2666666666666666,0.0,0.2222222222222221,1.2666666666666666,10.5,,0.0,0.08300982166012916,0
2023-08-12 21:00:00+00:00,Dallas Cowboys,Jacksonville Jaguars,23,28,2,-5,51,0,,,,,25.5,15.0,1,0.5,-10.5,3,,7.0,202.0,-195.0,0,0.16666666666666663,-0.5,25.0,-19.0,44.0,19.666666666666668,19.0,0.6666666666666679,0.1111111111111111,1,0,0,0.5,0,234.88888888888889,170.25,-64.63888888888889,15.5,0.0,15.5,3.933333333333333,4.85,0.07166666666666667,0.11750000000000001,0.2933333333333333,0.385,0.49333333333333335,0.5850000000000001,-0.9166666666666665,1.0,1.0,0.0,-5.1492539714879655,2.4802923625617335,3200,500,1,0,0,0,-2700,0.4671877545618073,0.725,0.5737502036494458,0.78,0,0,-0.2578122454381927,-1.0,0.3333333333333333,-1.3333333333333333,-0.5666666666666668,0.35,0.22222222222222232,0.22222222222222215,-0.9166666666666667,-6.833333333333334,,7.166666666666667,0.033109060038719315,0
2023-08-12 23:00:00+00:00,Baltimore Ravens,Philadelphia Eagles,20,19,2,1,39,1,13.0,16.0,0.0,-3.0,,,0,,,3,,222.0,7.0,215.0,0,0.0,-0.09999999999999998,-6.0,1.5,-7.5,22.333333333333332,17.6,4.733333333333331,0.1111111111111111,1,0,0,0.5,0,10.666666666666666,244.24,233.57333333333335,3.5,9.666666666666668,-6.166666666666668,3.8333333333333335,5.02,0.06666666666666668,0.126,0.2833333333333333,0.40199999999999997,0.4833333333333334,0.6020000000000001,-1.186666666666666,2.0,3.0,-1.0,-1.744660607334176,1.584839083557665,1000,0,1,0,0,0,-1000,0.9150163414401202,0.4926539642413672,0.9320130731520961,0.5941231713930937,0,0,0.422362377198753,-1.0,0.0,-1.0,-0.6666666666666666,0.5199999999999999,0.22222222222222213,0.2222222222222222,-1.1866666666666665,-13.600000000000001,,-7.7333333333333325,0.07363781304245853,0
2023-08-13 01:00:00+00:00,Los Angeles Rams,Los Angeles Chargers,17,34,2,-17,51,0,,,,,29.0,31.0,1,0.0,2.0,3,,7.0,209.0,-202.0,0,0.5,-1.0,0.0,-23.0,23.0,25.0,24.0,1.0,0.1111111111111111,1,0,0,0.0,1,81.0,118.22222222222223,37.22222222222223,0.0,-2.0,2.0,3.6,5.266666666666667,0.05500000000000001,0.13833333333333334,0.26,0.42666666666666664,0.4600000000000001,0.6266666666666667,-1.6666666666666665,2.0,3.0,-1.0,0.0,0.0,1000,3000,1,1,0,0,2000,0.5,0.9376390435537676,0.5,0.9501112348430141,0,0,-0.4376390435537676,-1.0,-1.0,0.0,0.0,0.7666666666666668,0.0,0.2222222222222222,-0.7666666666666668,-14.666666666666668,,0.0,0.05526740433605702,0
2023-08-13 17:00:00+00:00,New Orleans Saints,Kansas City Chiefs,26,24,2,2,50,1,7.0,10.0,0.0,-3.0,34.5,24.0,0,1.0,-10.5,3,-24.5,216.0,181.0,35.0,0,-1.0,-0.0,0.0,-6.333333333333334,6.333333333333334,10.0,22.4,-12.399999999999999,0.1111111111111111,1,0,0,0.5,0,42.25,33.76,-8.490000000000002,0.0,2.166666666666668,-2.166666666666668,3.65,5.22,0.0575,0.136,0.26499999999999996,0.422,0.465,0.622,-1.5699999999999998,0.0,3.0,-3.0,0.0,0.0,1000,1000,0,0,0,0,0,0.5,0.7462284491910096,0.5,0.7969827593528076,0,0,-0.2462284491910096,-1.0,1.0,-2.0,0.0,0.72,0.0,0.2222222222222224,-0.72,-0.2999999999999998,24.2,2.466666666666667,0.07004224373117812,0
2023-08-13 20:00:00+00:00,Las Vegas Raiders,San Francisco 49ers,34,7,2,27,41,1,23.5,34.0,0.0,-10.5,22.0,32.5,0,0.5,10.5,3,4.5,217.0,196.0,21.0,0,-0.5,-0.5,0.0,-23.833333333333336,23.833333333333336,34.0,22.6,11.399999999999999,0.1111111111111111,1,0,0,0.0,1,56.25,282.96000000000004,226.71000000000004,0.0,-25.666666666666664,25.666666666666664,4.65,5.14,0.10750000000000001,0.132,0.365,0.414,0.5650000000000001,0.614,-0.4899999999999993,1.0,1.0,0.0,0.0,0.0,0,2500,0,0,0,0,2500,0.5,0.33999999999999997,0.5,0.472,0,1,0.16000000000000003,-1.0,1.0,-2.0,0.0,0.6399999999999999,0.0,0.2222222222222223,-0.6399999999999999,-13.3,17.8,5.466666666666667,0.05212779787402515,0
2023-08-17 23:30:00+00:00,Philadelphia Eagles,Cleveland Browns,18,18,3,0,36,0,27.2,17.6,0.6,9.6,19.0,19.0,1,0.5,0.0,3,11.2,186.0,221.0,-35.0,0,0.6,-0.0,-22.333333333333332,1.5,-23.833333333333332,17.6,17.75,-0.14999999999999858,0.16666666666666666,1,0,0,0.5,0,186.64000000000004,104.6875,-81.95250000000004,-3.333333333333332,-1.0,-2.333333333333332,5.2,4.15,0.135,0.0825,0.42,0.31499999999999995,0.6200000000000001,0.515,1.0499999999999998,3.0,1.0,2.0,-12.89010238551868,-9.662570076891834,500,0,0,0,0,0,-500,0.5123041703866822,0.7923344034270481,0.6098433363093458,0.8338675227416386,0,0,-0.2800302330403659,-0.3333333333333333,0.0,-0.3333333333333333,0.3833333333333332,-0.35,0.22222222222222235,0.22222222222222196,0.7333333333333332,10.083333333333332,1.1166666666666671,1.4833333333333334,0.039309763007494,0
2023-08-18 23:00:00+00:00,New York Giants,Carolina Panthers,21,19,3,2,40,1,38.0,10.0,1.0,28.0,17.0,18.5,0,0.5,1.5,3,24.0,229.0,222.0,7.0,0,0.75,0.5,-27.666666666666664,-6.0,-21.666666666666664,23.0,21.333333333333332,1.6666666666666679,0.16666666666666666,1,0,0,0.5,0,369.04,158.0,-211.04000000000002,-16.833333333333332,-19.0,2.166666666666668,4.46,3.4333333333333336,0.09800000000000002,0.05,0.346,0.24333333333333332,0.546,0.44333333333333336,1.0266666666666664,1.0,1.0,0.0,4.8015033029207705,-5.026486450000732,1500,1000,1,1,0,0,-500,0.43732780413459205,0.5078392313255533,0.5498622433076736,0.6062713850604426,1,1,-0.07051142719096126,-0.3333333333333333,0.0,-0.3333333333333333,-0.039999999999999855,-1.0666666666666667,0.22222222222222227,0.22222222222222227,1.0266666666666668,11.6,12.4,-8.266666666666666,0.03079311701869064,0
2023-08-18 23:30:00+00:00,Atlanta Falcons,Cincinnati Bengals,13,13,3,0,26,0,25.0,18.0,1.0,7.0,23.5,16.5,1,0.5,-7.0,3,4.5,222.0,201.0,21.0,0,0.0,-0.16666666666666663,13.5,-21.666666666666664,35.166666666666664,13.0,20.4,-7.399999999999999,0.16666666666666666,1,0,0,0.5,0,42.0,142.4,100.4,4.5,-6.5,11.0,4.6,4.64,0.10500000000000001,0.107,0.36,0.364,0.56,0.5640000000000001,-0.040000000000000036,1.0,3.0,-2.0,11.969865337406368,-2.9533580555627754,500,1000,0,1,0,0,500,0.751672259570811,0.8308846547471224,0.8013378076566489,0.8647077237976979,0,0,-0.0792123951763114,1.0,0.0,1.0,0.1,0.13999999999999985,0.22222222222222232,0.22222222222222235,-0.03999999999999984,10.0,5.5,4.0,0.05274932583367777,0
2023-08-19 17:00:00+00:00,Detroit Lions,Jacksonville Jaguars,7,25,3,-18,32,0,31.0,13.0,1.0,18.0,26.333333333333332,17.666666666666668,1,0.6666666666666666,-8.666666666666666,3,7.666666666666668,7.0,6.0,1.0,0,0.0,-0.33333333333333326,-26.5,-12.0,-14.5,14.0,19.8,-5.800000000000001,0.16666666666666666,1,0,0,0.5,0,156.2222222222222,136.56,-19.662222222222198,-20.5,-3.333333333333332,-17.166666666666668,5.033333333333333,4.9,0.12666666666666668,0.12000000000000001,0.4033333333333333,0.38999999999999996,0.6033333333333334,0.5900000000000001,0.13333333333333286,2.0,1.0,1.0,-10.655109299432548,0.15556790382820776,0,1000,0,1,0,0,1000,0.516379395715103,0.7490019920397774,0.6131035165720824,0.7992015936318219,1,0,-0.2326225963246743,1.0,0.5,0.5,0.5333333333333332,0.4,0.2222222222222224,0.2222222222222221,0.1333333333333332,10.133333333333333,2.466666666666665,6.533333333333333,0.03822697877696904,0
2023-08-19 20:00:00+00:00,Houston Texans,Miami Dolphins,3,28,3,-25,31,0,3.0,31.0,0.0,-28.0,26.0,28.5,1,0.0,2.5,3,-20.0,230.0,216.0,14.0,0,-1.0,-0.5,34.0,-11.0,45.0,23.666666666666668,20.5,3.166666666666668,0.16666666666666666,1,0,0,0.5,0,273.55555555555554,57.5,-216.05555555555554,23.0,1.0,22.0,4.133333333333333,3.95,0.08166666666666667,0.07250000000000001,0.3133333333333333,0.295,0.5133333333333334,0.49500000000000005,0.18333333333333268,3.0,3.0,0.0,-19.01375080117111,-11.097024246960597,1000,500,1,0,0,0,-500,0.4051143900808418,0.47381087050377035,0.5240915120646734,0.5790486964030163,0,0,-0.06869648042292853,1.0,-0.3333333333333333,1.3333333333333333,-0.3666666666666668,-0.55,0.22222222222222235,0.22222222222222215,0.18333333333333324,1.666666666666667,21.666666666666668,0.666666666666667,0.0433812972885575,0
2023-08-19 22:30:00+00:00,Pittsburgh Steelers,Buffalo Bills,27,15,3,12,42,1,28.0,14.0,1.0,14.0,,,0,,,3,,223.0,7.0,216.0,0,0.0,-0.25,9.0,-14.0,23.0,14.666666666666666,25.0,-10.333333333333334,0.16666666666666666,1,0,0,0.5,0,20.666666666666668,114.25,93.58333333333333,11.5,-18.0,29.5,4.666666666666667,4.85,0.10833333333333335,0.11750000000000001,0.36666666666666664,0.385,0.5666666666666668,0.5850000000000001,-0.18333333333333268,2.0,3.0,-1.0,-3.49591963400439,2.30956737683449,2000,0,1,0,0,0,-2000,0.7281748928283318,0.4944062895960829,0.7825399142626654,0.5955250316768663,0,1,0.2337686032322489,1.0,1.0,0.0,0.1666666666666668,0.35,0.22222222222222235,0.22222222222222207,-0.18333333333333318,11.5,,3.8333333333333335,0.06646507456180606,0
2023-08-19 23:00:00+00:00,Indianapolis Colts,Chicago Bears,24,17,3,7,41,1,31.0,32.0,0.0,-1.0,10.0,41.0,0,0.0,31.0,3,24.0,223.0,230.0,-7.0,0,0.0,-0.5,25.5,26.0,-0.5,31.0,29.0,2.0,0.16666666666666666,1,0,0,0.5,0,146.0,230.88888888888889,84.88888888888889,15.0,8.0,7.0,4.3,3.8333333333333335,0.09000000000000001,0.06666666666666668,0.32999999999999996,0.2833333333333333,0.53,0.4833333333333334,0.46666666666666634,1.0,1.0,0.0,-7.398122272708434,7.698557451760388,2000,0,1,0,0,0,-2000,0.5698837366478686,0.7221111333244489,0.6559069893182949,0.7776889066595591,0,0,-0.15222739667658025,-1.0,1.0,-2.0,-0.2,-0.6666666666666666,0.2222222222222221,0.22222222222222243,0.4666666666666666,5.666666666666666,18.333333333333336,0.0,0.034545536087931324,0
2023-08-19 23:30:00+00:00,New York Jets,Tampa Bay Buccaneers,6,13,3,-7,19,0,,,,,17.0,30.0,1,0.0,13.0,3,,7.0,223.0,-216.0,0,0.25,-0.3333333333333333,22.0,-10.0,32.0,13.75,28.0,-14.25,0.16666666666666666,1,0,0,0.5,0,267.0,76.25,-190.75,15.5,-8.0,23.5,3.675,4.25,0.058750000000000004,0.08750000000000001,0.26749999999999996,0.32499999999999996,0.4675,0.525,-0.5750000000000002,1.0,3.0,-2.0,33.06868528902896,-0.2950478862138326,1500,500,1,0,0,0,-1000,0.5664463700993844,0.6907670780786754,0.6531570960795074,0.7526136624629404,0,1,-0.12432070797929107,-1.0,1.0,-2.0,-0.825,-0.25,0.22222222222222218,0.22222222222222238,-0.575,11.5,,10.5,0.040105541361894106,0
2023-08-20 00:00:00+00:00,Green Bay Packers,New England Patriots,17,21,3,-4,38,0,28.5,18.5,0.5,10.0,23.0,35.0,1,0.0,12.0,3,8.5,222.0,223.0,-1.0,0,-0.5,-0.5,-17.5,-13.5,-4.0,18.666666666666668,25.333333333333332,-6.666666666666664,0.16666666666666666,1,0,0,0.5,0,141.55555555555557,40.666666666666664,-100.88888888888891,-15.0,-7.0,-8.0,5.4,4.133333333333333,0.14500000000000002,0.08166666666666667,0.43999999999999995,0.3133333333333333,0.64,0.5133333333333334,1.2666666666666675,3.0,3.0,0.0,-6.777306197949397,0.9782686686823938,0,500,0,0,0,0,500,0.4599382751326784,0.6700168354462779,0.5679506201061426,0.7360134683570223,1,0,-0.2100785603135995,-1.0,1.0,-2.0,0.9,-0.3666666666666668,0.22222222222222232,0.2222222222222222,1.2666666666666668,22.333333333333336,13.833333333333336,0.0,0.05327220372114499,0
2023-08-20 00:00:00+00:00,Minnesota Vikings,Tennessee Titans,16,24,3,-8,40,0,24.0,31.0,0.0,-7.0,16.5,21.5,1,0.0,5.0,3,10.5,216.0,7.0,209.0,0,-0.33333333333333337,-0.5,-5.0,0.0,-5.0,27.25,21.5,5.75,0.16666666666666666,1,0,0,0.5,0,208.25,1.0,-207.25,-4.5,0.0,-4.5,4.375,3.95,0.09375,0.07250000000000001,0.33749999999999997,0.295,0.5375000000000001,0.49500000000000005,0.4249999999999998,2.0,1.0,1.0,-3.877592375152659,8.70857493348699,1200,1000,1,1,0,0,-200,0.6910198226422931,0.5,0.7528158581138344,0.5,0,0,0.1910198226422931,-1.0,-1.0,0.0,-0.125,0.0,0.22222222222222207,0.0,-0.125,1.5,9.0,5.833333333333333,0.14120129033734838,0
2023-08-20 00:00:00+00:00,Arizona Cardinals,Kansas City Chiefs,10,38,3,-28,48,0,18.0,17.0,1.0,1.0,31.0,24.666666666666668,1,0.6666666666666666,-6.333333333333333,3,-10.0,7.0,6.0,1.0,0,1.0,-0.33333333333333326,-11.0,-8.833333333333334,-2.166666666666666,25.0,22.8,2.1999999999999993,0.16666666666666666,1,0,0,0.5,0,139.55555555555554,45.36,-94.19555555555554,-3.5,4.0,-7.5,3.966666666666667,5.16,0.07333333333333335,0.133,0.29666666666666663,0.416,0.4966666666666667,0.6160000000000001,-1.1933333333333334,0.0,3.0,-3.0,-12.331017269471213,-0.9137297132585971,3000,1000,1,1,0,0,-2000,0.8687665354331364,0.7488913471113439,0.8950132283465092,0.7991130776890751,0,0,0.11987518832179256,0.0,0.5,-0.5,-0.5333333333333332,0.6333333333333332,0.2222222222222223,0.22222222222222238,-1.1666666666666665,-10.666666666666668,0.6666666666666679,5.466666666666667,0.05183157064145248,0
2023-08-20 00:30:00+00:00,San Francisco 49ers,Denver Broncos,21,20,3,1,41,1,32.666666666666664,16.0,1.0,16.666666666666668,20.5,22.5,0,0.0,2.0,3,15.166666666666664,209.0,7.0,202.0,0,0.6666666666666666,-1.0,-42.16666666666667,4.0,-46.16666666666667,22.6,24.333333333333332,-1.7333333333333307,0.16666666666666666,1,0,0,0.5,0,460.56000000000006,6.222222222222221,-454.33777777777783,-25.666666666666664,0.0,-25.666666666666664,4.54,4.7,0.102,0.11,0.354,0.37,0.554,0.5700000000000001,-0.16000000000000014,1.0,2.0,-1.0,32.80603946032591,-3.0205587111557697,3000,1200,1,1,0,0,-1800,0.27749471359104316,0.7142261966752959,0.42199577087283446,0.7713809573402367,1,0,-0.4367314830842527,1.0,-0.3333333333333333,1.3333333333333333,0.2833333333333332,0.2,0.2222222222222224,0.22222222222222215,0.0833333333333332,3.6666666666666665,11.499999999999998,-20.466666666666665,0.0826728284876093,0
2023-08-20 01:00:00+00:00,Los Angeles Rams,Las Vegas Raiders,17,34,3,-17,51,0,17.0,34.0,0.0,-17.0,,,1,,,3,,7.0,7.0,0.0,0,0.0,0.16666666666666669,11.0,7.5,3.5,28.0,25.0,3.0,0.16666666666666666,1,0,0,0.5,0,59.55555555555555,350.0,290.44444444444446,6.5,-10.5,17.0,3.7333333333333334,5.0,0.061666666666666675,0.125,0.2733333333333333,0.39999999999999997,0.4733333333333334,0.6000000000000001,-1.2666666666666666,2.0,1.0,1.0,-5.922928260529124,4.3750592044962815,1000,0,1,0,0,0,-1000,0.8454396917417383,0.5050252531694167,0.8763517533933907,0.6040202025355335,0,1,0.34041443857232156,-1.0,-1.0,0.0,-0.7666666666666666,0.5,0.22222222222222207,0.22222222222222232,-1.2666666666666666,-12.666666666666666,,0.0,0.041363871958091256,0
2023-08-20 02:00:00+00:00,Seattle Seahawks,Dallas Cowboys,22,14,3,8,36,1,22.0,11.666666666666666,1.0,10.333333333333334,16.333333333333332,19.666666666666668,0,0.3333333333333333,3.3333333333333335,3,8.666666666666668,9.0,209.0,-200.0,0,1.0,0.33333333333333337,-13.5,-4.5,-9.0,19.0,21.75,-2.75,0.16666666666666666,1,0,0,0.5,0,175.1875,176.6875,1.5,2.5,-1.0,3.5,4.525,4.1,0.10125,0.08,0.3525,0.31,0.5525,0.51,0.4250000000000007,0.0,1.0,-1.0,-9.72643141769931,-2.126389399143932,500,2200,0,1,0,0,1700,0.9039856781516424,0.5165230098546572,0.9231885425213139,0.6132184078837257,0,0,0.3874626682969853,1.0,-1.0,2.0,0.025,-0.4,0.2222222222222222,0.22222222222222232,0.42500000000000004,10.0,1.3333333333333321,-10.0,0.03505314034754676,0
2023-08-20 23:05:00+00:00,Los Angeles Chargers,New Orleans Saints,17,22,3,-5,39,0,31.0,10.0,1.0,21.0,20.0,10.0,1,1.0,-10.0,3,14.0,231.0,231.0,0.0,0,0.6666666666666666,0.5,-1.0,-10.5,9.5,22.25,14.666666666666666,7.583333333333334,0.16666666666666666,1,0,0,0.5,0,112.75,28.666666666666668,-84.08333333333333,2.5,-3.5,6.0,5.375,4.066666666666666,0.14375000000000002,0.07833333333333334,0.4375,0.30666666666666664,0.6375000000000001,0.5066666666666667,1.3083333333333336,3.0,0.0,3.0,10.173752868490173,2.621021283944048,3500,1000,1,0,0,0,-2500,0.8917468245269452,0.603487424887656,0.9133974596215562,0.6827899399101248,0,0,0.28825939963928915,-1.0,0.0,-1.0,0.875,-0.43333333333333324,0.22222222222222224,0.22222222222222243,1.3083333333333331,8.5,5.5,-4.166666666666667,0.06086214255159057,0
2023-08-22 00:00:00+00:00,Washington Commanders,Baltimore Ravens,29,28,3,1,57,1,18.0,15.0,0.5,3.0,16.5,25.5,0,0.0,9.0,3,4.5,225.0,217.0,8.0,0,-0.5,-0.5,25.0,4.0,21.0,15.0,21.5,-6.5,0.16666666666666666,1,0,0,0.5,0,192.88888888888889,20.0,-172.88888888888889,11.5,4.0,7.5,4.066666666666666,3.95,0.07833333333333334,0.07250000000000001,0.30666666666666664,0.295,0.5066666666666667,0.49500000000000005,0.11666666666666625,3.0,2.0,1.0,-0.8003692189540937,0.49829509554048773,500,1000,0,1,0,0,500,0.6725519549268584,0.875,0.7380415639414867,0.9,0,0,-0.20244804507314162,1.0,-0.3333333333333333,1.3333333333333333,-0.43333333333333324,-0.55,0.22222222222222227,0.22222222222222224,0.11666666666666681,10.666666666666666,6.166666666666666,0.666666666666667,0.06247754543220853,0
2023-08-24 23:30:00+00:00,Atlanta Falcons,Pittsburgh Steelers,0,24,4,-24,24,0,21.0,16.333333333333332,0.6666666666666666,4.666666666666667,21.5,15.0,1,1.0,-6.5,3,2.5,6.0,13.0,-7.0,0,-0.33333333333333337,-0.0,1.0,2.5,-1.5,13.0,14.75,-1.75,0.2222222222222222,1,0,0,0.5,0,50.25,17.1875,-33.0625,-9.0,5.0,-14.0,4.35,4.75,0.0925,0.1125,0.33499999999999996,0.375,0.535,0.5750000000000001,-0.40000000000000036,1.0,2.0,-1.0,-9.046268573762768,-5.537601005069986,500,1000,0,0,0,0,500,0.6948361096066574,0.7537785549550974,0.7558688876853259,0.8030228439640779,1,0,-0.058942445348439954,0.0,1.0,-1.0,-0.15,0.25,0.22222222222222218,0.22222222222222224,-0.4,0.75,1.75,-0.08333333333333393,0.07949071574190476,0
2023-08-25 00:00:00+00:00,Philadelphia Eagles,Indianapolis Colts,13,27,4,-14,40,0,28.8,17.2,0.6,11.6,14.5,30.5,1,0.0,16.0,3,17.3,7.0,12.0,-5.0,0,0.5,-0.5,-17.833333333333332,16.0,-33.83333333333333,18.0,27.5,-9.5,0.2222222222222222,1,0,0,0.5,0,205.35999999999999,170.25,-35.109999999999985,-16.166666666666664,1.0,-17.166666666666664,5.12,4.4,0.131,0.095,0.412,0.33999999999999997,0.612,0.54,0.7199999999999998,3.0,1.0,2.0,-10.509691083390656,-9.880606931342774,500,1000,0,0,0,0,500,0.5281387267167502,0.6175735364805411,0.6225109813734002,0.694058829184433,1,0,-0.08943480976379092,-1.0,-0.3333333333333333,-0.6666666666666667,0.2714285714285715,-0.1,0.22222222222222263,0.2222222222222221,0.37142857142857155,16.214285714285715,1.0857142857142854,-18.1,0.03410362335128131,0
2023-08-26 00:00:00+00:00,Carolina Panthers,Detroit Lions,17,26,4,-9,43,0,0.0,27.0,0.0,-27.0,20.0,16.0,1,1.0,-4.0,3,-17.0,13.0,228.0,-215.0,0,-0.33333333333333337,0.33333333333333337,-13.0,-24.0,11.0,21.25,16.75,4.5,0.2222222222222222,1,0,0,0.5,0,130.5,301.25,170.75,-7.5,-16.5,9.0,3.625,4.525,0.05625,0.10125,0.26249999999999996,0.3525,0.4625,0.5525,-0.9000000000000004,1.0,2.0,-1.0,-7.526273405811632,3.5327338734997538,1000,0,1,0,0,0,-1000,0.5425956384117003,0.39236626986316836,0.6340765107293602,0.5138930158905346,1,1,0.15022936854853197,-0.3333333333333333,1.0,-1.3333333333333333,-0.875,0.025,0.2222222222222223,0.22222222222222232,-0.9,-10.5,6.5,7.833333333333334,0.033742008297955525,0
2023-08-26 00:15:00+00:00,Tennessee Titans,New England Patriots,23,7,4,16,30,1,,,,,22.0,26.0,0,0.5,4.0,3,,7.0,6.0,1.0,0,0.16666666666666663,-0.0,5.0,1.5,3.5,19.666666666666668,23.25,-3.583333333333332,0.2222222222222222,1,0,0,0.5,0,38.22222222222222,53.1875,14.965277777777779,4.5,-8.0,12.5,4.2,4.2,0.085,0.085,0.31999999999999995,0.31999999999999995,0.52,0.52,0.0,1.0,3.0,-2.0,10.654167315214803,-0.21041476888295027,1000,1000,1,1,0,0,0,0.8220486957994781,0.708452405257735,0.8576389566395826,0.7667619242061879,0,1,0.11359629054174314,-1.0,1.0,-2.0,-0.3,-0.3,0.22222222222222202,0.22222222222222227,0.0,6.583333333333334,,2.083333333333333,0.06495324015838519,0
2023-08-26 02:00:00+00:00,San Francisco 49ers,Los Angeles Chargers,12,23,4,-11,35,0,29.75,17.0,1.0,12.75,30.666666666666668,26.333333333333332,1,0.3333333333333333,-4.333333333333333,3,2.083333333333332,6.0,13.0,-7.0,0,0.6666666666666666,-0.16666666666666663,-13.333333333333334,0.33333333333333304,-13.666666666666668,24.0,22.2,1.8000000000000007,0.2222222222222222,1,0,0,0.5,0,310.8,119.36000000000001,-191.44,-8.333333333333332,-4.166666666666668,-4.166666666666664,4.2,5.1,0.085,0.13,0.31999999999999995,0.41,0.52,0.6100000000000001,-0.8999999999999995,1.0,3.0,-2.0,6.949423435931601,2.775880744579025,3000,3000,1,1,0,0,0,0.3277360819512889,0.708452405257735,0.4621888655610311,0.7667619242061879,1,0,-0.3807163233064461,1.0,-1.0,2.0,0.22857142857142848,0.6,0.22222222222222254,0.22222222222222235,-0.3714285714285715,-2.371428571428571,4.454761904761903,-20.333333333333336,0.03438357015973852,0
2023-08-26 17:00:00+00:00,Minnesota Vikings,Arizona Cardinals,17,18,4,-1,35,0,24.666666666666668,19.333333333333332,0.3333333333333333,5.333333333333333,23.0,41.0,1,0.0,18.0,3,4.666666666666668,6.0,229.0,-223.0,0,-0.33333333333333337,-0.5,-4.5,-0.5,-4.0,26.6,28.25,-1.6499999999999986,0.2222222222222222,1,0,0,0.5,0,166.96,177.1875,10.227499999999992,-8.833333333333332,-2.0,-6.833333333333332,4.28,3.8,0.08900000000000001,0.065,0.32799999999999996,0.27999999999999997,0.528,0.48000000000000004,0.4800000000000004,2.0,0.0,2.0,-0.5662229566495484,4.724340331026444,1200,500,0,0,0,0,-700,0.7077672160759508,0.8162882692912616,0.7662137728607606,0.8530306154330093,1,0,-0.1085210532153108,-1.0,0.0,-1.0,-0.21999999999999992,-0.7,0.22222222222222204,0.22222222222222238,0.48000000000000004,9.45,4.783333333333331,2.216666666666666,0.0354269532850675,0
2023-08-26 17:00:00+00:00,Kansas City Chiefs,Cleveland Browns,33,32,4,1,65,1,18.0,23.0,0.5,-5.0,15.0,27.0,0,0.0,12.0,3,6.0,208.0,8.0,200.0,0,0.25,0.16666666666666674,8.666666666666668,-2.666666666666667,11.333333333333336,22.2,17.8,4.399999999999999,0.2222222222222222,1,0,0,0.5,0,110.16,83.84,-26.319999999999993,1.6666666666666679,-3.166666666666668,4.833333333333336,5.3,4.14,0.14,0.08199999999999999,0.43,0.31399999999999995,0.63,0.514,1.1600000000000001,3.0,1.0,2.0,24.878265314647532,1.3971094924899787,2200,1000,1,0,0,0,-1200,0.712505545750027,0.8139892476226173,0.7700044366000216,0.8511913980980939,0,0,-0.10148370187259026,0.5,-0.3333333333333333,0.8333333333333333,0.7714285714285716,-0.36000000000000015,0.2222222222222224,0.22222222222222202,1.1314285714285717,10.971428571428572,4.9714285714285715,2.4666666666666663,0.04636221285022223,0
2023-08-26 17:00:00+00:00,Chicago Bears,Buffalo Bills,21,24,4,-3,45,0,20.0,27.5,0.0,-7.5,16.0,29.0,1,0.0,13.0,3,7.0,14.0,6.0,8.0,0,0.5,-0.75,23.0,-3.3333333333333335,26.333333333333332,27.75,25.4,2.3500000000000014,0.2222222222222222,1,0,0,0.5,0,181.5,116.4,-65.1,8.5,-7.333333333333332,15.833333333333332,3.875,4.64,0.06875,0.107,0.2875,0.364,0.48750000000000004,0.5640000000000001,-0.7649999999999997,1.0,3.0,-2.0,-6.333195326520776,0.7180786559531038,0,500,0,0,0,0,500,0.7566509708258526,0.5014019655072837,0.8053207766606821,0.601121572405827,0,1,0.255249005318569,0.0,1.0,-1.0,-0.625,0.13999999999999985,0.2222222222222223,0.22222222222222202,-0.7649999999999999,-7.0,14.0,12.666666666666668,0.038480925690982076,0
2023-08-26 17:00:00+00:00,Green Bay Packers,Seattle Seahawks,19,15,4,4,34,1,25.666666666666668,21.333333333333332,1.0,4.333333333333333,18.666666666666668,18.666666666666668,0,0.6666666666666666,0.0,3,10.0,6.0,223.0,-217.0,0,-0.6666666666666667,-1.0,-3.5,8.833333333333334,-12.333333333333334,19.25,18.0,1.25,0.2222222222222222,1,0,0,0.5,0,156.1875,143.76000000000002,-12.42749999999998,-2.0,1.3333333333333321,-3.333333333333332,5.05,4.52,0.1275,0.101,0.40499999999999997,0.352,0.6050000000000001,0.552,0.5300000000000002,3.0,0.0,3.0,-16.21968644147414,0.5447676020653792,0,500,0,0,0,0,500,0.44266257975980117,0.9139767473295737,0.5541300638078409,0.9311813978636589,0,0,-0.4713141675697725,-1.0,1.0,-2.0,0.55,0.019999999999999928,0.22222222222222224,0.2222222222222222,0.5300000000000001,7.05,2.95,-1.3833333333333333,0.03776752854855854,0
2023-08-26 22:00:00+00:00,New York Giants,New York Jets,24,32,4,-8,56,0,29.5,14.5,1.0,15.0,13.75,13.75,1,0.25,0.0,3,18.75,7.0,14.0,-7.0,0,0.75,0.25,8.5,19.0,-10.5,24.8,13.6,11.200000000000001,0.2222222222222222,1,0,0,0.5,0,171.43999999999997,221.43999999999997,50.0,0.5,7.166666666666666,-6.666666666666666,4.12,3.52,0.081,0.051000000000000004,0.31199999999999994,0.252,0.512,0.45200000000000007,0.6000000000000001,1.0,1.0,0.0,-10.398379989214172,-2.704384144294283,1000,1000,1,1,0,0,0,0.48623124527338824,0.5823877396435779,0.5889849962187106,0.6659101917148624,0,0,-0.0961564943701897,0.0,-1.0,1.0,-0.05,-0.9800000000000001,0.22222222222222218,0.22222222222222202,0.93,3.5666666666666664,15.183333333333334,-16.333333333333336,0.03348088178929429,0
2023-08-26 22:05:00+00:00,Washington Commanders,Cincinnati Bengals,21,19,4,2,40,1,21.666666666666668,19.333333333333332,0.6666666666666666,2.3333333333333335,20.0,15.333333333333334,0,0.6666666666666666,-4.666666666666667,3,4.666666666666668,4.0,7.0,-3.0,0,-0.33333333333333337,1.1102230246251565e-16,-1.5,-15.5,14.0,18.25,19.8,-1.5500000000000007,0.2222222222222222,1,0,0,0.5,0,145.1875,126.56000000000002,-18.627499999999984,5.0,-7.666666666666668,12.666666666666668,4.35,4.36,0.0925,0.09300000000000001,0.33499999999999996,0.33599999999999997,0.535,0.536,-0.010000000000000675,3.0,3.0,0.0,-2.613608874359305,12.729652338216871,500,1000,0,1,0,0,500,0.625,0.7522321875446916,0.7,0.8017857500357533,0,1,-0.12723218754469157,1.0,-0.3333333333333333,1.3333333333333333,-0.15,-0.033333333333333215,0.2222222222222222,0.22222222222222232,-0.11666666666666678,2.75,1.9166666666666679,15.083333333333336,0.03956635024381199,0
2023-08-26 23:00:00+00:00,Tampa Bay Buccaneers,Baltimore Ravens,26,20,4,6,46,1,20.333333333333332,27.333333333333332,0.3333333333333333,-7.0,20.333333333333332,26.666666666666668,0,0.0,6.333333333333333,3,3.0,15.0,4.0,11.0,0,-0.16666666666666669,-0.5,6.5,7.0,-0.5,23.6,23.0,0.6000000000000014,0.2222222222222222,1,0,0,0.5,0,99.43999999999998,18.559999999999995,-80.88,-5.333333333333332,8.666666666666666,-13.999999999999998,4.12,4.18,0.081,0.084,0.31199999999999994,0.318,0.512,0.518,-0.05999999999999961,3.0,2.0,1.0,20.24998057666625,-8.972083740393868,500,1000,0,1,0,0,500,0.6943858642012775,0.7442657629491115,0.7555086913610221,0.7954126103592892,0,0,-0.04987989874783405,1.0,-0.5,1.5,-0.38000000000000006,-0.31999999999999995,0.2222222222222224,0.22222222222222218,-0.06000000000000011,1.7999999999999998,1.2000000000000002,-3.1333333333333333,0.06988290229130507,0
2023-08-26 23:00:00+00:00,Jacksonville Jaguars,Miami Dolphins,31,18,4,13,49,1,25.5,23.0,1.0,2.5,26.666666666666668,20.0,0,0.3333333333333333,-6.666666666666667,3,1.8333333333333321,223.0,7.0,216.0,0,0.25,-0.16666666666666663,12.166666666666666,4.5,7.666666666666666,20.6,17.0,3.6000000000000014,0.2222222222222222,1,0,0,0.5,0,65.36,180.56,115.2,2.833333333333332,-5.5,8.333333333333332,4.78,4.18,0.114,0.084,0.378,0.318,0.5780000000000001,0.518,0.6000000000000005,1.0,3.0,-2.0,19.361776549278474,0.7494056683866801,1500,1000,1,1,0,0,-500,0.7701147629311046,0.4761679658516482,0.8160918103448837,0.5809343726813185,0,0,0.29394679707945637,0.5,-0.3333333333333333,0.8333333333333333,0.3833333333333332,-0.31999999999999995,0.22222222222222207,0.22222222222222207,0.7033333333333331,9.366666666666667,7.533333333333335,-1.066666666666667,0.04483554332621109,0
2023-08-27 00:00:00+00:00,Dallas Cowboys,Las Vegas Raiders,31,16,4,15,47,1,23.0,28.0,0.0,-5.0,34.0,17.0,0,1.0,-17.0,3,-8.0,14.0,6.0,8.0,0,-0.25,0.6666666666666667,-3.1666666666666665,32.5,-35.666666666666664,21.8,23.0,-1.1999999999999993,0.2222222222222222,1,0,0,0.5,0,144.24,304.6875,160.4475,2.166666666666668,10.5,-8.333333333333332,4.02,5.175,0.076,0.13375,0.302,0.4175,0.502,0.6175,-1.1550000000000002,1.0,1.0,0.0,-4.534509008418747,-1.1305874811659753,2400,500,1,0,0,0,-1900,0.5602273314540797,0.5453366630131697,0.6481818651632637,0.6362693304105358,0,0,0.014890668440909915,-1.0,-1.0,0.0,-0.4800000000000001,0.675,0.22222222222222213,0.22222222222222224,-1.1550000000000002,-7.35,0.6500000000000004,-4.983333333333333,0.03276223797906675,0
2023-08-27 01:00:00+00:00,Denver Broncos,Los Angeles Rams,41,0,4,41,41,1,31.0,28.0,1.0,3.0,13.0,25.0,0,0.0,12.0,3,21.0,230.0,230.0,0.0,0,1.0,-0.0,-1.0,-5.0,4.0,23.5,29.5,-6.0,0.2222222222222222,1,0,0,0.5,0,4.75,46.75,42.0,-9.0,4.0,-13.0,4.6,3.8,0.10500000000000001,0.065,0.36,0.27999999999999997,0.56,0.48000000000000004,0.7999999999999998,2.0,2.0,0.0,-3.9253071800483346,-0.30325491300389396,2400,500,1,0,0,0,-1900,0.7377977879574621,0.8542262026288675,0.7902382303659696,0.883380962103094,1,0,-0.11642841467140541,-0.5,-1.0,0.5,0.1,-0.7,0.22222222222222215,0.222222222222222,0.7999999999999999,17.0,4.0,-1.3333333333333328,0.11052830995184032,0
2023-08-28 00:00:00+00:00,New Orleans Saints,Houston Texans,13,17,4,-4,30,0,16.5,17.0,0.5,-0.5,26.0,20.0,1,1.0,-6.0,3,-6.5,14.0,17.0,-3.0,0,-0.5,1.0,0.0,6.5,-6.5,15.25,24.75,-9.5,0.2222222222222222,1,0,0,0.5,0,22.25,277.6875,255.4375,10.5,-6.0,16.5,4.175,3.75,0.08375,0.0625,0.3175,0.27499999999999997,0.5175000000000001,0.47500000000000003,0.4249999999999998,0.0,3.0,-3.0,-3.9326958664958713,0.6394554102095695,1200,1000,0,1,0,0,-200,0.6440242283525465,0.3871174663934369,0.7152193826820372,0.5096939731147495,0,0,0.25690676195910955,0.3333333333333333,1.0,-0.6666666666666667,-0.325,-0.75,0.22222222222222235,0.22222222222222224,0.425,16.75,23.25,-8.083333333333334,0.05788241404831518,0
2023-09-08 00:20:00+00:00,Kansas City Chiefs,Detroit Lions,20,21,1,-1,41,0,27.5,24.0,1.0,3.5,23.0,16.5,1,1.0,-6.5,3,7.5,12.0,13.0,-1.0,0,0.25,0.33333333333333337,13.166666666666666,-17.833333333333336,31.0,24.6,16.8,7.800000000000001,0.05555555555555555,1,0,0,0.5,0,117.83999999999999,242.95999999999998,125.11999999999999,7.166666666666668,-10.833333333333332,18.0,5.42,4.6,0.14600000000000002,0.10500000000000001,0.44199999999999995,0.36,0.642,0.56,0.8200000000000003,3.0,2.0,1.0,-8.289043948268352,4.544419701532388,1200,1000,1,0,0,0,-200,0.7256399491544003,0.4513653310261919,0.7805119593235204,0.5610922648209535,0,1,0.2742746181282084,0.5,1.0,-0.5,0.8125,0.1,0.22222222222222235,0.2222222222222222,0.7125,4.425,3.075,9.733333333333334,0.03615929919145268,0
2023-09-10 17:00:00+00:00,Atlanta Falcons,Carolina Panthers,24,10,1,14,34,1,15.75,18.25,0.5,-2.5,17.666666666666668,19.333333333333332,0,0.3333333333333333,1.6666666666666667,3,1.0833333333333321,16.0,22.0,-6.0,1,-0.5,0.33333333333333337,-22.0,4.5,-26.5,15.2,22.2,-7.0,0.05555555555555555,1,0,0,0.5,0,198.95999999999998,104.55999999999999,-94.39999999999999,-16.5,6.666666666666666,-23.166666666666664,3.94,3.7,0.072,0.060000000000000005,0.294,0.26999999999999996,0.49400000000000005,0.47000000000000003,0.23999999999999977,1.0,1.0,0.0,31.324522075433876,0.46294356638316875,500,500,0,0,0,0,0,0.50745558575901,0.5840673131382916,0.605964468607208,0.6672538505106334,1,0,-0.07661172737928168,0.0,-0.3333333333333333,0.3333333333333333,-0.5600000000000002,-0.8,0.22222222222222218,0.22222222222222252,0.23999999999999988,12.399999999999999,11.316666666666666,0.6000000000000005,0.03882126778940416,0
2023-09-10 17:00:00+00:00,Cleveland Browns,Cincinnati Bengals,24,3,1,21,27,1,18.0,16.5,0.5,1.5,19.75,16.75,0,0.5,-3.0,3,1.25,29.0,14.0,15.0,1,0.0,-0.16666666666666663,3.1666666666666665,0.0,3.1666666666666665,22.4,20.6,1.7999999999999972,0.05555555555555555,1,0,0,0.5,0,39.44,117.2,77.76,8.333333333333332,-6.0,14.333333333333332,4.3,4.26,0.09000000000000001,0.08800000000000001,0.32999999999999996,0.326,0.53,0.526,0.040000000000000036,1.0,3.0,-2.0,14.463047991899796,-7.0100101843009615,1000,2000,1,1,0,0,1000,0.694949913037948,0.7659147198832295,0.7559599304303584,0.8127317759065835,0,1,-0.0709648068452815,-0.5,-1.0,0.5,-0.13333333333333322,-0.07142857142857154,0.22222222222222207,0.2222222222222223,-0.061904761904761685,1.476190476190476,0.22619047619047605,7.7333333333333325,0.05548010767997401,0
2023-09-10 17:00:00+00:00,Indianapolis Colts,Jacksonville Jaguars,21,31,1,-10,52,0,27.5,24.5,0.5,3.0,26.0,15.0,1,0.75,-11.0,3,4.5,21.0,22.0,-1.0,1,0.16666666666666663,-0.25,21.5,15.833333333333334,5.666666666666666,24.6,21.0,3.6000000000000014,0.05555555555555555,1,0,0,0.5,0,203.44,77.6,-125.84,5.5,1.6666666666666679,3.833333333333332,4.52,5.0,0.101,0.125,0.352,0.39999999999999997,0.552,0.6000000000000001,-0.4800000000000004,1.0,1.0,0.0,-20.48112920361576,-2.6614557191126496,2000,1000,1,1,0,0,-1000,0.6375086207921629,0.768765513482305,0.7100068966337303,0.8150124107858441,0,0,-0.13125689269014218,-0.3333333333333333,0.3333333333333333,-0.6666666666666666,0.019999999999999928,0.4571428571428573,0.22222222222222202,0.2222222222222219,-0.4371428571428574,-8.257142857142858,12.757142857142858,2.2666666666666666,0.0418657966306263,0
2023-09-10 17:00:00+00:00,Minnesota Vikings,Tampa Bay Buccaneers,17,20,1,-3,37,0,19.0,24.333333333333332,0.0,-5.333333333333333,15.0,18.0,1,0.5,3.0,3,7.0,15.0,21.0,-6.0,0,-0.33333333333333337,-0.0,-3.8333333333333335,19.833333333333336,-23.666666666666668,22.0,22.8,-0.8000000000000007,0.05555555555555555,1,0,0,0.5,0,93.35999999999999,99.44000000000001,6.080000000000027,-5.5,3.5,-9.0,4.28,4.04,0.08900000000000001,0.077,0.32799999999999996,0.30399999999999994,0.528,0.504,0.2400000000000002,2.0,3.0,-1.0,1.5789604688335084,-4.773560918000427,1200,500,0,0,0,0,-700,0.7281748928283318,0.685423565197052,0.7825399142626654,0.7483388521576417,0,0,0.042751327631279756,-1.0,1.0,-2.0,-0.2666666666666668,-0.25,0.222222222222222,0.2222222222222224,-0.016666666666666774,0.666666666666667,6.333333333333333,-6.2666666666666675,0.04623245658976165,0
2023-09-10 17:00:00+00:00,New Orleans Saints,Tennessee Titans,16,15,1,1,31,1,15.333333333333334,17.0,0.3333333333333333,-1.6666666666666667,19.0,19.666666666666668,0,0.3333333333333333,0.6666666666666666,3,-0.6666666666666661,13.0,21.0,-8.0,0,-0.6666666666666667,-0.6666666666666666,-2.5,17.0,-19.5,15.6,16.5,-0.9000000000000004,0.05555555555555555,1,0,0,0.5,0,26.8,80.75,53.95,-0.16666666666666785,7.0,-7.166666666666668,4.0600000000000005,4.3,0.07800000000000001,0.09000000000000001,0.306,0.32999999999999996,0.506,0.53,-0.23999999999999932,0.0,1.0,-1.0,5.5557723960038565,-5.315392091257394,1200,0,0,1,0,0,-1200,0.6614737824037848,0.8232233047033631,0.7291790259230279,0.8585786437626906,0,0,-0.16174952229957829,0.0,-1.0,1.0,-0.43999999999999984,-0.2,0.2222222222222222,0.22222222222222213,-0.23999999999999982,1.5,2.166666666666666,-3.5,0.06550835984718063,0
2023-09-10 17:00:00+00:00,Pittsburgh Steelers,San Francisco 49ers,7,30,1,-23,37,0,27.5,14.5,1.0,13.0,17.0,33.0,1,0.3333333333333333,16.0,3,13.5,21.0,27.0,-6.0,0,0.0,-0.4666666666666667,9.0,9.666666666666666,-0.6666666666666661,11.8,24.0,-12.2,0.05555555555555555,1,0,0,0.5,0,46.239999999999995,178.56,132.32,1.8333333333333321,5.5,-3.666666666666668,4.74,3.62,0.112,0.056,0.37399999999999994,0.26199999999999996,0.5740000000000001,0.462,1.12,2.0,1.0,1.0,16.044099864113342,3.4564229414755223,2000,500,1,0,0,0,-1500,0.779545923149514,0.33915300560568484,0.8236367385196112,0.4713224044845479,0,1,0.44039291754382914,1.0,1.0,0.0,0.23999999999999985,0.075,0.22222222222222252,0.22222222222222232,0.16499999999999987,16.6,3.1000000000000014,20.866666666666667,0.049457559465666004,0
2023-09-10 17:00:00+00:00,Washington Commanders,Arizona Cardinals,20,16,1,4,36,1,21.5,19.25,0.75,2.25,16.666666666666668,25.0,0,0.3333333333333333,8.333333333333334,3,7.833333333333332,14.0,15.0,-1.0,0,-0.25,-0.16666666666666663,-1.1666666666666665,-5.166666666666666,3.9999999999999996,18.4,26.0,-7.600000000000001,0.05555555555555555,1,0,0,0.5,0,116.16,174.24,58.08000000000001,7.333333333333332,-2.666666666666668,10.0,4.36,3.86,0.09300000000000001,0.068,0.33599999999999997,0.286,0.536,0.48600000000000004,0.5000000000000004,3.0,0.0,3.0,-0.3039706052033219,0.683814208080182,500,500,0,0,0,-1,0,0.6644407652887496,0.825071443154641,0.7315526122309997,0.8600571545237128,0,0,-0.16063067786589136,1.0,0.3333333333333333,0.6666666666666667,-0.13999999999999985,-0.64,0.22222222222222213,0.22222222222222243,0.5000000000000002,15.600000000000001,7.766666666666669,-2.2666666666666675,0.03883209018577535,0
2023-09-10 17:00:00+00:00,Baltimore Ravens,Houston Texans,25,9,1,16,34,1,16.5,17.5,0.5,-1.0,23.0,17.666666666666668,0,1.0,-5.333333333333333,3,-3.5,28.0,13.0,15.0,0,0.5,1.0,2.166666666666667,-5.166666666666667,7.333333333333334,25.0,22.4,2.6000000000000014,0.05555555555555555,1,0,0,0.5,0,18.560000000000002,254.64000000000001,236.08,6.333333333333332,-8.333333333333332,14.666666666666664,4.32,3.8,0.091,0.065,0.33199999999999996,0.27999999999999997,0.532,0.48000000000000004,0.5200000000000005,2.0,3.0,-1.0,-1.0529855544434625,-1.170991640505342,1000,1000,1,1,0,0,0,0.7654792120088285,0.44954564221908455,0.8123833696070628,0.5596365137752677,0,1,0.31593356978974396,-0.5,1.0,-1.5,-0.3,-0.7,0.22222222222222218,0.2222222222222221,0.39999999999999997,5.9,9.4,-1.8666666666666663,0.06184033746127867,0
2023-09-10 20:25:00+00:00,Seattle Seahawks,Los Angeles Rams,13,30,1,-17,43,0,19.0,23.333333333333332,0.3333333333333333,-4.333333333333333,36.0,19.0,1,1.0,-17.0,3,-14.0,21.0,14.0,7.0,1,1.0,-0.0,3.333333333333333,-15.333333333333334,18.666666666666668,20.6,31.8,-11.2,0.05555555555555555,1,0,0,1.0,1,106.8,149.76000000000002,42.96000000000002,-3.5,-5.833333333333334,2.333333333333334,4.36,3.5,0.09300000000000001,0.05,0.33599999999999997,0.24999999999999997,0.536,0.45000000000000007,0.8600000000000003,0.0,2.0,-2.0,1.6528807892642101,6.869351140863404,500,500,0,0,0,0,0,0.8445436824485197,0.6728914553240775,0.8756349459588157,0.738313164259262,0,0,0.17165222712444228,0.0,-1.0,1.0,-0.1,-1.0,0.2222222222222223,0.222222222222222,0.9,25.633333333333333,39.63333333333333,5.999999999999999,0.049130715303709833,0
2023-09-10 20:25:00+00:00,Los Angeles Chargers,Miami Dolphins,34,36,1,-2,70,0,36.0,14.0,1.0,22.0,25.0,24.0,1,0.5,-1.0,3,14.0,20.0,14.0,6.0,0,0.0,-0.25,-1.333333333333333,10.666666666666668,-12.0,22.6,18.6,4.0,0.05555555555555555,1,0,0,0.5,0,74.55999999999999,216.63999999999996,142.07999999999998,-10.666666666666668,8.0,-18.666666666666668,4.9399999999999995,4.12,0.122,0.081,0.39399999999999996,0.31199999999999994,0.5940000000000001,0.512,0.8199999999999994,3.0,3.0,0.0,11.32941444220126,6.885083034854533,1000,1000,1,1,0,1,0,0.7180179280718562,0.5215766635197558,0.774414342457485,0.6172613308158047,1,0,0.19644126455210031,-1.0,0.0,-1.0,0.5166666666666668,-0.3333333333333332,0.22222222222222235,0.22222222222222224,0.8500000000000001,10.333333333333334,3.666666666666666,5.0,0.041852198501197174,0
2023-09-10 20:25:00+00:00,New England Patriots,Philadelphia Eagles,20,25,1,-5,45,0,16.0,20.5,0.5,-4.5,19.0,20.0,1,0.0,1.0,3,0.0,30.0,28.0,2.0,0,0.16666666666666663,-0.42857142857142855,1.0,-13.666666666666668,14.666666666666668,23.2,22.0,1.1999999999999993,0.05555555555555555,1,0,0,0.5,0,64.64000000000001,154.96,90.32,-4.333333333333332,-12.833333333333332,8.5,3.96,4.62,0.07300000000000001,0.106,0.296,0.362,0.49600000000000005,0.562,-0.6600000000000001,3.0,3.0,0.0,12.796343730610886,-4.100437431306017,1000,500,1,0,0,0,-500,0.645599097066613,0.517979512883529,0.7164792776532904,0.6143836103068232,0,1,0.12761958418308406,1.0,-1.0,2.0,-0.5399999999999998,0.125,0.2222222222222222,0.22222222222222224,-0.6649999999999998,-7.725,7.725,13.533333333333331,0.04624489147937618,0
2023-09-10 20:25:00+00:00,Denver Broncos,Las Vegas Raiders,16,17,1,-1,33,0,24.0,16.0,0.5,8.0,24.5,22.75,1,0.25,-1.75,3,2.5,14.0,14.0,0.0,1,1.0,0.16666666666666669,20.333333333333332,-1.0,21.333333333333332,18.8,24.6,-5.800000000000001,0.05555555555555555,1,0,0,0.5,0,279.36,312.64000000000004,33.28000000000003,6.5,-2.0,8.5,4.96,4.92,0.12300000000000001,0.121,0.396,0.39199999999999996,0.5960000000000001,0.5920000000000001,0.040000000000000036,2.0,1.0,1.0,40.77713388570571,-0.5151233514715027,2400,1000,1,1,0,0,-1400,0.5703489788211833,0.5199999999999999,0.6562791830569467,0.6159999999999999,0,0,0.05034897882118339,-0.5,-1.0,0.5,0.46000000000000013,0.41999999999999993,0.22222222222222218,0.22222222222222227,0.0400000000000002,9.2,6.699999999999999,-2.8666666666666663,0.027495209058349453,0
2023-09-10 20:25:00+00:00,Chicago Bears,Green Bay Packers,20,38,1,-18,58,0,22.0,12.25,1.0,9.75,8.666666666666666,30.333333333333332,1,0.0,21.666666666666668,3,16.333333333333336,15.0,29.0,-14.0,1,0.3333333333333333,0.5,8.666666666666666,-12.333333333333334,21.0,27.0,18.4,8.600000000000001,0.05555555555555555,1,0,0,0.5,0,158.16000000000003,127.84,-30.32000000000002,3.666666666666666,-13.0,16.666666666666664,3.98,4.88,0.07400000000000001,0.11900000000000001,0.298,0.388,0.49800000000000005,0.5880000000000001,-0.8999999999999999,1.0,3.0,-2.0,-8.597694566725426,-2.135333261413802,0,0,0,0,0,0,0,0.7583390805281085,0.4733122367094523,0.8066712644224868,0.578649789367562,0,1,0.2850268438186562,-0.3333333333333333,-0.3333333333333333,0.0,-0.5199999999999999,0.38000000000000006,0.22222222222222215,0.2222222222222223,-0.8999999999999999,-14.600000000000001,30.933333333333337,10.599999999999998,0.038728866699640124,0
2023-09-11 00:20:00+00:00,New York Giants,Dallas Cowboys,0,40,1,-40,40,0,27.666666666666668,20.333333333333332,0.6666666666666666,7.333333333333333,15.75,20.25,1,0.25,4.5,3,14.916666666666668,15.0,21.0,-6.0,1,0.41666666666666663,-0.25,6.666666666666666,1.8333333333333333,4.833333333333333,26.8,19.8,7.0,0.05555555555555555,1,0,0,0.5,0,171.6,124.64000000000001,-46.95999999999998,4.5,0.5,4.0,4.28,4.52,0.08900000000000001,0.101,0.32799999999999996,0.352,0.528,0.552,-0.23999999999999932,1.0,1.0,0.0,0.8806479495779251,-6.7010789570713305,500,1200,0,0,0,0,700,0.5223356143628433,0.5232488419870732,0.6178684914902746,0.6185990735896585,0,0,-0.000913227624229962,0.3333333333333333,-1.0,1.3333333333333333,-0.014285714285714235,-0.25,0.22222222222222218,0.2222222222222221,0.23571428571428577,2.4761904761904763,12.440476190476192,-7.533333333333333,0.038283040060289,0
2023-09-12 00:15:00+00:00,New York Jets,Buffalo Bills,22,16,1,6,38,1,6.0,13.0,0.0,-7.0,19.5,24.0,0,0.5,4.5,3,-10.5,23.0,16.0,7.0,1,-0.4,-0.25,-5.166666666666667,-1.1666666666666665,-4.0,13.8,25.0,-11.2,0.05555555555555555,1,0,0,0.5,0,165.44,78.96,-86.48,2.666666666666668,-2.833333333333332,5.5,4.04,4.42,0.077,0.096,0.30399999999999994,0.34199999999999997,0.504,0.542,-0.3799999999999999,1.0,3.0,-2.0,9.288295622815383,15.820479272866192,1000,1000,1,1,0,0,0,0.4694735319200999,0.5447070540117421,0.5755788255360799,0.6357656432093937,0,0,-0.07523352209164225,-1.0,1.0,-2.0,-0.65,0.15,0.222222222222222,0.22222222222222204,-0.8,4.333333333333334,14.833333333333334,10.4,0.04332289247491976,0
2023-09-15 00:15:00+00:00,Philadelphia Eagles,Minnesota Vikings,34,28,2,6,62,1,27.0,19.4,0.4,7.6,19.666666666666668,26.0,0,0.3333333333333333,6.333333333333333,3,10.333333333333332,21.0,34.0,-13.0,0,-0.07142857142857145,0.33333333333333337,-3.166666666666667,6.666666666666666,-9.833333333333332,24.6,23.4,1.2000000000000028,0.1111111111111111,1,0,0,0.5,0,39.44,12.8,-26.639999999999997,-5.0,-0.6666666666666679,-4.333333333333332,4.5,4.04,0.1,0.077,0.35,0.30399999999999994,0.55,0.504,0.45999999999999996,3.0,2.0,1.0,-0.491562934704437,-9.363672670551056,500,0,0,0,0,0,-500,0.5881159902351148,0.7450490243203608,0.6704927921880919,0.7960392194562886,1,0,-0.15693303408524595,-0.5,-1.0,0.5,0.3125,-0.3,0.22222222222222224,0.22222222222222196,0.6125,14.428571428571429,4.095238095238097,-17.2,0.0889525322633638,0
2023-09-17 17:00:00+00:00,Houston Texans,Indianapolis Colts,20,31,2,-11,51,0,23.0,17.0,0.6666666666666666,6.0,19.0,30.0,1,0.0,11.0,3,7.0,28.0,23.0,5.0,1,-0.75,5.551115123125783e-17,-1.666666666666667,1.3333333333333335,-3.0000000000000004,21.2,23.2,-2.0,0.1111111111111111,1,0,0,1.0,1,178.8,70.96000000000001,-107.84,-5.333333333333332,-0.6666666666666679,-4.666666666666664,3.92,4.74,0.07100000000000001,0.112,0.292,0.37399999999999994,0.49200000000000005,0.5740000000000001,-0.8200000000000003,3.0,1.0,2.0,13.653589563879398,-0.927087925238801,1000,1000,1,0,0,0,0,0.48521849295065,0.66833752096446,0.58817479436052,0.7346700167715681,0,0,-0.18311902801380997,1.0,-0.3333333333333333,1.3333333333333333,-0.8,0.0,0.22222222222222246,0.222222222222222,-0.8,-2.166666666666668,9.166666666666668,-11.0,0.05270885886133513,0
2023-09-17 17:00:00+00:00,Jacksonville Jaguars,Kansas City Chiefs,9,17,2,-8,26,0,17.4,16.6,0.6,0.8,37.0,19.5,1,1.0,-17.5,3,-16.6,21.0,28.0,-7.0,0,0.19999999999999996,-0.050000000000000044,6.166666666666667,-9.666666666666666,15.833333333333332,19.2,24.8,-5.600000000000001,0.1111111111111111,1,0,0,0.0,1,72.56,126.16,53.599999999999994,6.666666666666668,-6.833333333333336,13.500000000000004,5.0,5.36,0.125,0.14300000000000002,0.39999999999999997,0.436,0.6000000000000001,0.6360000000000001,-0.3600000000000003,1.0,3.0,-2.0,-1.498338074222688,-4.67279177958259,1000,1200,1,0,0,0,200,0.7716396761694362,0.6800879026982568,0.8173117409355489,0.7440703221586055,0,0,0.09155177347117938,0.0,0.0,0.0,0.5125,0.725,0.22222222222222232,0.22222222222222218,-0.21250000000000002,4.875,21.475,3.933333333333332,0.0560441518540263,0
2023-09-17 17:00:00+00:00,Tampa Bay Buccaneers,Chicago Bears,27,17,2,10,44,1,25.5,25.0,0.75,0.5,22.333333333333332,21.333333333333332,0,0.6666666666666666,-1.0,3,6.166666666666668,21.0,28.0,-7.0,0,-0.16666666666666674,-0.25,11.166666666666668,-4.833333333333333,16.0,20.2,26.4,-6.199999999999999,0.1111111111111111,1,0,0,0.5,0,91.76,77.03999999999999,-14.720000000000013,8.333333333333334,2.833333333333332,5.500000000000002,4.1,4.18,0.08,0.084,0.31,0.318,0.51,0.518,-0.08000000000000007,3.0,1.0,2.0,-6.183992554829228,1.7430536657879163,1000,0,1,0,0,0,-1000,0.7086274563661266,0.7714781799866318,0.7669019650929013,0.8171825439893055,0,0,-0.06285072362050526,1.0,-0.3333333333333333,1.3333333333333333,-0.24285714285714272,-0.4666666666666668,0.22222222222222238,0.22222222222222204,0.22380952380952407,11.928571428571429,5.761904761904761,9.866666666666669,0.04920098103861789,0
2023-09-17 17:00:00+00:00,Tennessee Titans,Los Angeles Chargers,27,24,2,3,51,1,23.333333333333332,23.0,0.6666666666666666,0.3333333333333333,20.25,26.5,0,0.0,6.25,3,6.083333333333332,22.0,22.0,0.0,0,0.75,0.16666666666666669,8.166666666666666,0.8333333333333335,7.333333333333332,16.4,23.6,-7.200000000000003,0.1111111111111111,1,0,0,0.5,0,67.84,72.0,4.159999999999997,0.0,1.5,-1.5,4.2,5.0600000000000005,0.085,0.128,0.31999999999999995,0.40599999999999997,0.52,0.6060000000000001,-0.8600000000000003,1.0,3.0,-2.0,-3.9426401810918343,-3.6845065344548047,0,500,1,0,0,0,500,0.812917130661303,0.7128606965394031,0.8503337045290423,0.7702885572315226,0,0,0.1000564341218999,-1.0,-1.0,0.0,-0.3,0.6142857142857142,0.22222222222222204,0.2222222222222224,-0.9142857142857141,0.17142857142857126,5.911904761904761,9.533333333333333,0.053423142034697516,0
2023-09-17 17:00:00+00:00,Cincinnati Bengals,Baltimore Ravens,24,27,2,-3,51,0,21.75,25.5,0.5,-3.75,13.5,32.5,1,0.0,19.0,3,11.25,36.0,21.0,15.0,1,0.2666666666666666,-0.6666666666666666,-4.833333333333333,7.333333333333334,-12.166666666666668,23.4,21.4,2.0,0.1111111111111111,1,0,0,1.0,2,74.64000000000001,68.24000000000001,-6.400000000000006,-6.333333333333332,0.8333333333333321,-7.166666666666664,3.7800000000000002,4.5,0.064,0.1,0.27799999999999997,0.35,0.47800000000000004,0.55,-0.7199999999999998,3.0,2.0,1.0,13.225810909463057,10.882918992031872,2000,1000,1,1,0,0,-1000,0.626670386923298,0.7588293854837982,0.7013363095386385,0.8070635083870386,1,0,-0.13215899856050017,-1.0,-0.5,-0.5,-0.3,-0.21428571428571425,0.22222222222222257,0.2222222222222225,-0.08571428571428574,3.571428571428571,7.678571428571429,-17.866666666666667,0.07410305936260989,0
2023-09-17 17:00:00+00:00,Buffalo Bills,Las Vegas Raiders,38,10,2,28,48,1,27.333333333333332,21.333333333333332,1.0,6.0,32.75,21.0,0,0.75,-11.75,3,-2.416666666666668,36.0,6.0,30.0,0,0.41666666666666663,0.3333333333333334,6.833333333333334,-15.666666666666666,22.5,23.2,20.4,2.8000000000000007,0.1111111111111111,1,0,0,0.5,0,67.44000000000001,307.84000000000003,240.40000000000003,4.0,-10.5,14.5,4.0600000000000005,4.58,0.07800000000000001,0.10400000000000001,0.306,0.358,0.506,0.558,-0.5199999999999996,3.0,1.0,2.0,0.7737580606656406,-1.8871402871951386,1500,1500,1,1,0,-1,0,0.5585275102753589,0.5294801928835632,0.6468220082202871,0.6235841543068505,0,1,0.02904731739179567,0.3333333333333333,1.0,-0.6666666666666667,0.042857142857142705,0.2666666666666668,0.22222222222222218,0.22222222222222227,-0.22380952380952407,-0.3571428571428572,2.0595238095238106,-2.4,0.04061842062536221,0
2023-09-17 17:00:00+00:00,Atlanta Falcons,Green Bay Packers,25,24,2,1,49,1,3.0,29.5,0.0,-26.5,18.666666666666668,24.666666666666668,0,0.3333333333333333,6.0,3,-12.666666666666668,7.0,6.0,1.0,0,-0.4,0.5,-14.666666666666666,8.0,-22.666666666666664,13.4,19.0,-5.6,0.1111111111111111,1,0,0,0.5,0,224.95999999999998,93.76,-131.2,-8.666666666666668,5.5,-14.166666666666668,4.02,4.82,0.076,0.116,0.302,0.38199999999999995,0.502,0.5820000000000001,-0.8000000000000007,1.0,3.0,-2.0,-12.715636726801987,0.39061826890776835,0,0,0,0,0,0,0,0.5285954792089683,0.468166170479705,0.6228763833671747,0.574532936383764,1,0,0.06042930872926333,-1.0,-0.3333333333333333,-0.6666666666666667,-0.43333333333333324,0.5833333333333333,0.2222222222222223,0.22222222222222232,-1.0166666666666666,-2.833333333333332,9.833333333333336,-3.133333333333333,0.039028023760968214,0
2023-09-17 17:00:00+00:00,Detroit Lions,Seattle Seahawks,31,37,2,-6,68,0,23.0,7.0,1.0,16.0,28.75,22.75,1,0.5,-6.0,3,-2.75,29.0,22.0,7.0,0,-0.33333333333333337,-0.8,8.0,-10.833333333333334,18.833333333333336,18.8,23.4,-4.599999999999998,0.1111111111111111,1,0,0,0.5,0,89.35999999999999,146.8,57.440000000000026,7.5,-9.0,16.5,4.2,4.24,0.085,0.087,0.31999999999999995,0.32399999999999995,0.52,0.524,-0.040000000000000036,2.0,0.0,2.0,-1.382928807563649,-2.0414475043974516,1000,500,1,0,0,0,-500,0.49778269422268784,0.7992361525349257,0.5982261553781503,0.8393889220279406,0,1,-0.3014534583122379,1.0,-1.0,2.0,0.06666666666666679,-0.21428571428571425,0.22222222222222218,0.22222222222222243,0.28095238095238106,8.333333333333332,11.083333333333332,-0.3333333333333339,0.04297701991387863,0
2023-09-17 20:05:00+00:00,Los Angeles Rams,San Francisco 49ers,23,30,2,-7,53,0,17.0,34.0,0.0,-17.0,20.25,26.5,1,0.5,6.25,3,-0.25,28.0,7.0,21.0,1,-0.25,-0.30000000000000004,0.3333333333333339,22.666666666666668,-22.333333333333336,28.2,23.0,5.199999999999999,0.1111111111111111,1,0,0,0.5,0,362.56000000000006,333.44,-29.12000000000006,-1.6666666666666679,9.333333333333334,-11.000000000000002,3.9,3.84,0.07,0.067,0.29,0.284,0.49000000000000005,0.48400000000000004,0.06000000000000005,2.0,1.0,1.0,35.771774012291296,-0.24532430283478399,1000,500,1,0,0,0,-500,0.5509268804897507,0.3772854285469144,0.6407415043918006,0.5018283428375315,0,0,0.1736414519428363,-1.0,1.0,-2.0,-0.7,-0.0125,0.22222222222222204,0.22222222222222207,-0.6875,-12.166666666666666,11.916666666666666,1.6000000000000014,0.025454463372703538,0
2023-09-17 20:05:00+00:00,Arizona Cardinals,New York Giants,28,31,2,-3,59,0,14.0,27.5,0.5,-13.5,17.5,26.25,1,0.25,8.75,3,-0.5,28.0,36.0,-8.0,0,0.25,-0.25,15.833333333333332,-12.666666666666666,28.5,26.0,30.0,-4.0,0.1111111111111111,1,0,0,0.5,0,164.4,261.84,97.43999999999997,3.333333333333334,-2.666666666666666,6.0,3.8,3.66,0.065,0.058,0.27999999999999997,0.26599999999999996,0.48000000000000004,0.466,0.13999999999999968,0.0,1.0,-1.0,-9.234930483668041,-0.8462026718338719,3000,0,1,0,1,1,-3000,0.8401389492229093,0.42530578783147643,0.8721111593783275,0.5402446302651811,0,1,0.4148331613914329,0.3333333333333333,0.0,0.3333333333333333,-0.6333333333333334,-0.2875,0.2222222222222224,0.22222222222222224,-0.34583333333333344,0.2916666666666661,0.7916666666666661,14.0,0.032637854162999,0
2023-09-17 20:25:00+00:00,Dallas Cowboys,New York Jets,30,10,2,20,40,1,27.0,22.0,0.5,5.0,17.4,15.8,0,0.4,-1.6,3,12.600000000000001,21.0,21.0,0.0,0,0.09999999999999998,-0.09999999999999998,34.166666666666664,2.0,32.166666666666664,17.0,14.8,2.1999999999999993,0.1111111111111111,1,0,0,0.5,0,343.6,146.96,-196.64000000000001,19.166666666666668,10.666666666666668,8.5,4.7,4.36,0.11,0.09300000000000001,0.37,0.33599999999999997,0.5700000000000001,0.536,0.33999999999999986,1.0,1.0,0.0,40.35857887170511,-2.277083980962509,2200,500,1,0,0,0,-1700,0.4312563075030177,0.4958336847136773,0.5450050460024141,0.5966669477709419,0,0,-0.06457737721065959,-1.0,-0.3333333333333333,-0.6666666666666667,0.042857142857142705,-0.5571428571428573,0.22222222222222202,0.22222222222222202,0.6,6.571428571428571,6.02857142857143,16.53333333333333,0.03184754149326038,0
2023-09-17 20:25:00+00:00,Denver Broncos,Washington Commanders,33,35,2,-2,68,0,29.333333333333332,15.0,0.6666666666666666,14.333333333333334,17.0,15.0,1,1.0,-2.0,3,15.333333333333332,7.0,36.0,-29.0,0,0.6666666666666666,0.19999999999999996,19.666666666666668,-4.666666666666667,24.333333333333336,16.8,16.8,0.0,0.1111111111111111,1,0,0,0.5,0,271.35999999999996,51.35999999999999,-219.99999999999997,5.833333333333332,-3.5,9.333333333333332,4.8,4.5600000000000005,0.115,0.10300000000000001,0.38,0.356,0.5800000000000001,0.556,0.23999999999999932,2.0,3.0,-1.0,-11.369988584971026,-6.03351966746015,1200,0,0,0,0,0,-1200,0.5608562624581535,0.6934737640375079,0.6486850099665227,0.7547790112300063,0,0,-0.13261750157935448,-0.5,1.0,-1.5,0.2833333333333332,-0.15,0.22222222222222215,0.22222222222222232,0.43333333333333324,6.833333333333333,8.5,5.066666666666666,0.04492031790378553,0
2023-09-18 00:20:00+00:00,New England Patriots,Miami Dolphins,17,24,2,-7,41,0,17.333333333333332,22.0,0.3333333333333333,-4.666666666666667,26.8,25.0,1,0.4,-1.8,3,-6.466666666666669,7.0,7.0,0.0,1,-5.551115123125783e-17,-0.09999999999999998,-4.166666666666667,-7.5,3.333333333333333,24.0,24.2,-0.1999999999999993,0.1111111111111111,1,0,0,1.0,1,48.4,211.6,163.2,-4.166666666666668,6.333333333333332,-10.5,3.9,4.62,0.07,0.106,0.29,0.362,0.49000000000000005,0.562,-0.7200000000000002,3.0,3.0,0.0,4.588938841705191,2.222980050987737,1000,3500,1,1,0,0,2500,0.6703326592524587,0.4631915934841161,0.7362661274019668,0.5705532747872929,0,0,0.20714106576834257,0.0,0.0,0.0,-0.4833333333333332,-0.08571428571428577,0.2222222222222224,0.22222222222222193,-0.3976190476190474,-3.0476190476190474,3.419047619047621,-1.9333333333333345,0.05699957645221992,0
2023-09-18 23:15:00+00:00,Carolina Panthers,New Orleans Saints,17,20,2,-3,37,0,8.5,26.5,0.0,-18.0,21.0,13.5,1,1.0,-7.5,3,-9.5,23.0,29.0,-6.0,1,-0.25,0.5,-2.833333333333334,-2.833333333333333,-8.881784197001252e-16,21.0,16.6,4.399999999999999,0.1111111111111111,1,0,0,1.0,1,107.75999999999999,10.96,-96.79999999999998,3.833333333333334,-3.833333333333332,7.666666666666666,3.42,3.98,0.05,0.07400000000000001,0.24199999999999997,0.298,0.44200000000000006,0.49800000000000005,-0.56,1.0,0.0,1.0,5.214046844926129,-0.9453652727469297,1000,1200,1,0,0,0,200,0.6130604411252033,0.6895343998300474,0.6904483529001626,0.7516275198640379,0,0,-0.07647395870484408,0.0,0.2,-0.2,-0.8666666666666666,-0.4666666666666668,0.22222222222222238,0.2222222222222222,-0.3999999999999998,-8.0,1.5,1.1999999999999988,0.0959563544709299,0
2023-09-19 00:15:00+00:00,Pittsburgh Steelers,Cleveland Browns,26,22,2,4,48,1,20.666666666666668,19.666666666666668,0.6666666666666666,1.0,22.0,22.25,0,0.5,0.25,3,1.6666666666666679,8.0,23.0,-15.0,1,-0.33333333333333337,-0.16666666666666663,-11.5,9.0,-20.5,15.2,17.4,-2.1999999999999993,0.1111111111111111,1,0,0,1.0,1,254.24,73.03999999999999,-181.20000000000002,-11.833333333333332,10.0,-21.833333333333332,4.5600000000000005,4.5,0.10300000000000001,0.1,0.356,0.35,0.556,0.55,0.0600000000000005,2.0,1.0,1.0,37.10566198642889,3.119270515502858,1000,1000,0,1,0,0,0,0.6183915619381564,0.7116195823116236,0.694713249550525,0.7692956658492989,1,0,-0.09322802037346722,0.0,-0.5,0.5,-0.05,-0.08571428571428577,0.22222222222222218,0.22222222222222188,0.03571428571428577,6.380952380952381,4.7142857142857135,-14.333333333333332,0.04913007901345679,0
2023-09-22 00:15:00+00:00,San Francisco 49ers,New York Giants,30,12,3,18,42,1,26.2,18.2,0.8,8.0,20.2,26.6,0,0.4,6.4,3,9.0,26.0,4.0,22.0,0,0.20000000000000007,-0.09999999999999998,27.333333333333336,-14.833333333333334,42.16666666666667,21.4,28.0,-6.600000000000001,0.16666666666666666,1,0,0,0.5,0,283.84,248.24,-35.599999999999966,16.666666666666664,-4.833333333333332,21.499999999999996,4.3,4.14,0.09000000000000001,0.08199999999999999,0.32999999999999996,0.31399999999999995,0.53,0.514,0.16000000000000014,1.0,1.0,0.0,-10.49682265500132,7.933266297651383,1000,2500,1,0,0,1,1500,0.4302207115908827,0.4890266641007577,0.5441765692727062,0.591221331280606,0,0,-0.05880595250987497,1.0,0.3333333333333333,0.6666666666666667,-0.1125,-0.375,0.2222222222222222,0.2222222222222222,0.2625,12.0,3.0,19.733333333333334,0.02892787809622533,0
2023-09-24 17:00:00+00:00,Washington Commanders,Buffalo Bills,3,37,3,-34,40,0,23.25,18.25,0.5,5.0,20.666666666666668,14.666666666666666,1,1.0,-6.0,3,5.583333333333332,14.0,12.0,2.0,0,-0.19999999999999996,-0.4666666666666667,1.3333333333333333,12.666666666666666,-11.333333333333332,22.2,19.8,2.3999999999999986,0.16666666666666666,1,0,0,0.5,0,0.96,186.24000000000004,185.28000000000003,5.166666666666668,6.333333333333332,-1.1666666666666643,4.74,4.62,0.112,0.106,0.37399999999999994,0.362,0.5740000000000001,0.562,0.1200000000000001,3.0,3.0,0.0,15.12009329788626,0.6502143209858475,500,1000,0,1,0,0,500,0.6193453544435935,0.5133420734232309,0.6954762835548748,0.6106736587385847,0,0,0.1060032810203626,1.0,0.3333333333333333,0.6666666666666667,0.057142857142857294,0.2375,0.22222222222222207,0.2222222222222222,-0.1803571428571427,3.5535714285714284,2.0297619047619038,-9.866666666666667,0.14334401068320352,0
2023-09-24 17:00:00+00:00,Jacksonville Jaguars,Houston Texans,17,37,3,-20,54,0,25.0,22.0,0.5,3.0,19.0,3.0,1,1.0,-16.0,3,9.0,7.0,14.0,-7.0,1,-0.050000000000000044,0.75,-11.0,-10.166666666666666,-0.8333333333333339,17.2,21.2,-4.0,0.16666666666666666,1,0,0,1.0,1,78.64,173.04000000000002,94.40000000000002,-8.0,1.166666666666666,-9.166666666666666,4.78,3.68,0.114,0.05900000000000001,0.378,0.268,0.5780000000000001,0.4680000000000001,1.1,1.0,3.0,-2.0,22.033600655741765,2.749625818778995,500,1000,0,1,0,0,500,0.6377694967289474,0.5119802613560365,0.710215597383158,0.6095842090848291,0,0,0.12578923537291098,1.0,1.0,0.0,0.2375,-0.7142857142857142,0.22222222222222243,0.2222222222222222,0.9517857142857142,16.642857142857142,7.642857142857142,1.0666666666666664,0.05159626708095095,0
2023-09-24 17:00:00+00:00,Baltimore Ravens,Indianapolis Colts,19,22,3,-3,41,0,18.5,23.25,0.0,-4.75,27.8,23.6,1,0.4,-4.2,3,-6.300000000000001,14.0,7.0,7.0,0,0.4666666666666667,0.16666666666666669,11.5,-5.166666666666667,16.666666666666668,21.4,20.8,0.5999999999999979,0.16666666666666666,1,0,0,0.5,0,53.839999999999996,83.44,29.6,3.333333333333332,2.666666666666668,0.6666666666666643,4.7,4.74,0.11,0.112,0.37,0.37399999999999994,0.5700000000000001,0.5740000000000001,-0.040000000000000036,2.0,1.0,1.0,-1.3626251643467877,3.7501003535224102,1000,1000,1,1,0,0,0,0.745355640156708,0.6549179334519668,0.7962845121253663,0.7239343467615734,0,0,0.09043770670474116,0.0,0.0,0.0,-0.125,0.12857142857142848,0.2222222222222222,0.22222222222222215,-0.25357142857142845,3.571428571428571,9.871428571428572,1.1333333333333329,0.054652830785738696,0
2023-09-24 17:00:00+00:00,New York Jets,New England Patriots,10,15,3,-5,25,0,7.0,12.5,0.5,-5.5,20.333333333333332,22.0,1,0.0,1.6666666666666667,3,-10.333333333333332,12.0,29.0,-17.0,1,0.16666666666666663,0.08333333333333337,-16.333333333333336,1.666666666666667,-18.000000000000004,16.6,21.8,-5.199999999999999,0.16666666666666666,1,0,0,0.5,0,247.76000000000005,44.4,-203.36000000000004,-5.666666666666668,6.166666666666666,-11.833333333333334,4.24,3.7800000000000002,0.087,0.064,0.32399999999999995,0.27799999999999997,0.524,0.47800000000000004,0.45999999999999996,1.0,3.0,-2.0,-27.972720776160084,2.2993243309681852,1000,500,1,0,0,0,-500,0.5165634090183078,0.6947734197254072,0.6132507272146462,0.7558187357803258,0,0,-0.1782100107070994,0.0,-0.3333333333333333,0.3333333333333333,-0.6375,-0.48571428571428577,0.22222222222222232,0.2222222222222223,-0.1517857142857142,7.803571428571429,18.13690476190476,2.133333333333334,0.04755682079104218,0
2023-09-24 17:00:00+00:00,Cleveland Browns,Tennessee Titans,27,3,3,24,30,1,21.2,18.6,0.8,2.6,18.333333333333332,23.333333333333332,0,0.3333333333333333,5.0,3,5.866666666666667,14.0,14.0,0.0,0,0.2666666666666666,-0.75,9.5,-5.0,14.5,19.4,17.2,2.1999999999999993,0.16666666666666666,1,0,0,0.5,0,84.55999999999999,57.2,-27.359999999999985,1.3333333333333321,-0.33333333333333215,1.6666666666666643,4.52,4.42,0.101,0.096,0.352,0.34199999999999997,0.552,0.542,0.09999999999999964,1.0,1.0,0.0,-9.37969658257841,-1.3642917645309138,0,0,1,0,0,0,0,0.7298727151878212,0.7733088248544093,0.7838981721502569,0.8186470598835274,0,0,-0.043436109666588174,-1.0,-0.3333333333333333,-0.6666666666666667,-0.075,-0.1666666666666668,0.2222222222222224,0.22222222222222204,0.0916666666666668,2.7083333333333335,3.1583333333333337,1.3333333333333335,0.05371540139811574,0
2023-09-24 17:00:00+00:00,Miami Dolphins,Denver Broncos,70,20,3,50,90,1,14.0,14.5,0.5,-0.5,17.0,25.0,0,0.3333333333333333,8.0,3,0.0,43.0,35.0,8.0,0,0.0,-0.5,5.833333333333333,-14.5,20.333333333333332,20.8,18.2,2.6000000000000014,0.16666666666666666,1,0,0,0.5,0,219.6,285.75999999999993,66.15999999999994,13.666666666666668,-1.5,15.166666666666668,4.48,4.84,0.099,0.11699999999999999,0.348,0.38399999999999995,0.548,0.5840000000000001,-0.35999999999999943,3.0,2.0,1.0,7.348469228349532,-1.1313708498984767,3500,0,1,0,0,0,-3500,0.49564397495419965,0.5690541963143326,0.5965151799633597,0.6552433570514662,0,0,-0.07341022136013298,1.0,-1.0,2.0,-0.05,0.4,0.22222222222222204,0.22222222222222227,-0.45,-1.5178571428571432,1.5178571428571432,-8.0,0.029766892443093357,0
2023-09-24 17:00:00+00:00,Green Bay Packers,New Orleans Saints,18,17,3,1,35,1,19.333333333333332,14.666666666666666,0.6666666666666666,4.666666666666667,21.75,23.5,0,0.5,1.75,3,0.5833333333333321,29.0,5.0,24.0,0,-0.16666666666666674,0.5,2.833333333333333,1.0,1.833333333333333,20.0,18.0,2.0,0.16666666666666666,1,0,0,0.5,0,82.96,9.040000000000001,-73.91999999999999,7.0,-2.333333333333332,9.333333333333332,4.98,4.24,0.12400000000000001,0.087,0.39799999999999996,0.32399999999999995,0.5980000000000001,0.524,0.7400000000000002,3.0,0.0,3.0,-7.794064653917942,-5.738689412274111,1000,1000,1,0,0,0,0,0.5030706534021118,0.7088026127051499,0.6024565227216894,0.76704209016412,0,0,-0.20573195930303811,-0.3333333333333333,0.6,-0.9333333333333333,0.5285714285714285,-0.4285714285714285,0.22222222222222224,0.22222222222222235,0.957142857142857,8.714285714285715,8.130952380952383,1.5999999999999996,0.08712842418829957,0
2023-09-24 17:00:00+00:00,Detroit Lions,Atlanta Falcons,20,6,3,14,26,1,22.75,20.25,0.75,2.5,19.5,19.5,0,0.75,0.0,3,6.25,7.0,43.0,-36.0,0,-0.5,0.33333333333333337,-1.1666666666666667,10.166666666666666,-11.333333333333332,23.0,14.8,8.2,0.16666666666666666,1,0,0,0.5,0,90.16,203.83999999999997,113.67999999999998,8.0,13.833333333333334,-5.833333333333334,4.42,3.92,0.096,0.07100000000000001,0.34199999999999997,0.292,0.542,0.49200000000000005,0.5,2.0,1.0,1.0,3.7786292261589756,17.18726159605472,1000,0,1,0,0,0,-1000,0.5127126314054131,0.5450947620545527,0.6101701051243305,0.6360758096436421,0,0,-0.03238213064913953,0.3333333333333333,0.0,0.3333333333333333,0.18571428571428578,-0.32857142857142846,0.2222222222222223,0.2222222222222222,0.5142857142857142,3.7142857142857144,2.5357142857142856,-0.666666666666667,0.04018446918187203,0
2023-09-24 17:00:00+00:00,Minnesota Vikings,Los Angeles Chargers,24,28,3,-4,52,0,20.0,12.0,0.6666666666666666,8.0,18.0,18.75,1,0.25,0.75,3,5.0,14.0,7.0,7.0,0,-0.25,0.06666666666666671,2.166666666666667,-10.166666666666668,12.333333333333336,24.0,22.8,1.1999999999999993,0.16666666666666666,1,0,0,0.5,0,12.559999999999999,76.64,64.08,7.166666666666666,4.333333333333332,2.833333333333334,4.12,4.9399999999999995,0.081,0.122,0.31199999999999994,0.39399999999999996,0.512,0.5940000000000001,-0.8199999999999994,2.0,3.0,-1.0,13.936704318935073,-1.3595119442566448,1000,1000,0,1,0,0,0,0.7188889231993872,0.7228070392307915,0.7751111385595097,0.7782456313846331,0,0,-0.00391811603140424,-1.0,-1.0,0.0,-0.1875,0.5625,0.22222222222222215,0.22222222222222232,-0.75,-6.875,11.875,7.266666666666666,0.08064688370764186,0
2023-09-24 20:05:00+00:00,Seattle Seahawks,Carolina Panthers,37,27,3,10,64,1,20.2,15.8,0.8,4.4,15.75,20.5,0,0.25,4.75,3,7.449999999999999,13.0,14.0,-1.0,0,0.4666666666666667,0.25,-10.5,4.166666666666666,-14.666666666666666,21.4,23.6,-2.200000000000003,0.16666666666666666,1,0,0,0.5,0,104.55999999999999,82.8,-21.75999999999999,4.666666666666668,1.5,3.166666666666668,4.52,3.56,0.101,0.053000000000000005,0.352,0.256,0.552,0.45600000000000007,0.9599999999999995,0.0,1.0,-1.0,-8.610956802710504,16.25088991230492,1000,500,1,0,0,1,-500,0.6599632372816139,0.6360645942040858,0.7279705898252911,0.7088516753632687,0,0,0.023898643077528092,0.0,-1.0,1.0,0.0,-0.8142857142857143,0.22222222222222238,0.22222222222222254,0.8142857142857143,12.035714285714286,4.585714285714287,-8.733333333333333,0.04702462731237861,0
2023-09-24 20:25:00+00:00,Kansas City Chiefs,Chicago Bears,41,10,3,31,51,1,26.0,23.4,0.8,2.6,14.666666666666666,30.666666666666668,0,0.0,16.0,3,14.333333333333334,16.0,7.0,9.0,0,0.0,-0.25,-5.5,-12.666666666666666,7.166666666666666,19.6,26.0,-6.399999999999999,0.16666666666666666,1,0,0,0.5,0,124.56000000000002,62.64,-61.920000000000016,-13.166666666666668,-1.8333333333333321,-11.333333333333336,4.9399999999999995,4.26,0.122,0.08800000000000001,0.39399999999999996,0.326,0.5940000000000001,0.526,0.6799999999999997,3.0,1.0,2.0,3.4248118035143924,13.799661738988698,1000,1000,0,0,0,0,0,0.625,0.7883495372852992,0.7,0.8306796298282394,1,0,-0.16334953728529922,-0.3333333333333333,-0.3333333333333333,0.0,0.55,-0.47142857142857153,0.2222222222222223,0.222222222222222,1.0214285714285716,20.160714285714285,5.827380952380951,-4.999999999999998,0.04860218039902196,0
2023-09-24 20:25:00+00:00,Arizona Cardinals,Dallas Cowboys,28,16,3,12,44,1,18.666666666666668,28.666666666666668,0.3333333333333333,-10.0,20.6,16.2,0,0.4,-4.4,3,1.0666666666666664,7.0,13.0,-6.0,0,0.08333333333333331,-0.2666666666666666,5.166666666666666,29.333333333333332,-24.166666666666664,24.6,15.2,9.400000000000002,0.16666666666666666,1,0,0,0.5,0,118.63999999999999,309.04,190.40000000000003,6.666666666666666,12.333333333333332,-5.666666666666666,4.1,5.0600000000000005,0.08,0.128,0.31,0.40599999999999997,0.51,0.6060000000000001,-0.9600000000000009,0.0,1.0,-1.0,-1.6483757697346153,12.296457104457039,3000,1000,1,0,0,0,-2000,0.73833344165694,0.45345545698451983,0.790666753325552,0.5627643655876159,0,0,0.2848779846724202,0.0,-1.0,1.0,-0.4571428571428573,0.1375,0.22222222222222243,0.22222222222222257,-0.5946428571428573,-11.928571428571429,12.995238095238095,-21.200000000000003,0.03447785040865096,0
2023-09-25 00:20:00+00:00,Las Vegas Raiders,Pittsburgh Steelers,18,23,3,-5,41,0,27.0,25.0,0.3333333333333333,2.0,22.333333333333332,10.0,1,1.0,-12.333333333333334,3,7.666666666666668,42.0,31.0,11.0,0,-0.16666666666666669,0.25,-23.166666666666664,-24.833333333333336,1.6666666666666714,21.8,16.8,5.0,0.16666666666666666,1,0,0,0.5,0,405.44,243.84,-161.6,-14.5,-9.5,-5.0,4.52,4.52,0.101,0.101,0.352,0.352,0.552,0.552,0.0,1.0,2.0,-1.0,34.865450654401265,-1.4967800992498022,3500,1000,1,0,1,0,-2500,0.4944189037375317,0.6380325868765735,0.5955351229900254,0.7104260695012588,1,1,-0.14361368313904177,1.0,1.0,0.0,0.057142857142857294,0.014285714285714235,0.22222222222222252,0.22222222222222224,0.04285714285714306,-6.0,13.666666666666668,-4.666666666666666,0.026874720673480096,0
2023-09-25 23:15:00+00:00,Tampa Bay Buccaneers,Philadelphia Eagles,11,25,3,-14,36,0,22.8,23.8,0.6,-1.0,22.0,20.0,1,0.5,-2.0,3,3.8000000000000007,8.0,15.0,-7.0,0,-0.06666666666666676,-0.0,5.5,10.5,-5.0,17.4,22.6,-5.200000000000003,0.16666666666666666,1,0,0,0.5,0,48.55999999999999,50.96,2.400000000000013,4.833333333333332,12.833333333333332,-8.0,4.36,4.48,0.09300000000000001,0.099,0.33599999999999997,0.348,0.536,0.548,-0.1200000000000001,3.0,3.0,0.0,-5.565577113515311,-7.50895141770904,500,500,0,0,0,0,0,0.7010434814224651,0.5692031366177326,0.760834785137972,0.655362509294186,0,0,0.1318403448047325,1.0,0.0,1.0,-0.15,0.4625,0.22222222222222238,0.22222222222222227,-0.6125,-4.0,7.800000000000001,22.933333333333334,0.062091241861709084,0
2023-09-26 00:15:00+00:00,Cincinnati Bengals,Los Angeles Rams,19,16,3,3,35,1,23.5,24.0,0.5,-0.5,14.0,26.0,0,0.25,12.0,3,12.5,8.0,15.0,-7.0,0,0.09999999999999998,0.25,-5.666666666666667,30.0,-35.666666666666664,24.2,30.4,-6.199999999999999,0.16666666666666666,1,0,0,0.5,0,74.64000000000001,350.4,275.76,-3.5,15.166666666666666,-18.666666666666664,3.86,4.04,0.068,0.077,0.286,0.30399999999999994,0.48600000000000004,0.504,-0.18000000000000016,3.0,2.0,1.0,-6.044887208627641,-8.556829940753172,1000,1000,1,1,0,0,0,0.6438596660022906,0.5613099276347404,0.7150877328018325,0.6490479421077924,0,0,0.0825497383675502,-1.0,-1.0,0.0,-0.3375,-0.5857142857142857,0.2222222222222222,0.2222222222222222,0.24821428571428572,12.964285714285714,0.4642857142857135,-18.933333333333334,0.038613248850803035,0
2023-09-29 00:15:00+00:00,Green Bay Packers,Detroit Lions,20,34,4,-14,54,0,22.2,18.0,0.6,4.2,22.333333333333332,17.666666666666668,1,1.0,-4.666666666666667,3,2.866666666666667,4.0,20.0,-16.0,1,-0.06666666666666676,0.4,-6.0,6.666666666666666,-12.666666666666666,19.6,21.0,-1.3999999999999986,0.2222222222222222,1,0,0,0.0,1,58.64000000000001,127.6,68.95999999999998,-3.666666666666668,7.5,-11.166666666666668,4.62,4.4,0.106,0.095,0.362,0.33999999999999997,0.562,0.54,0.21999999999999975,3.0,2.0,1.0,-5.57000424897929,-3.087888059232827,1000,0,1,0,0,0,-1000,0.5104609949146034,0.5397436176433834,0.6083687959316827,0.6317948941147067,0,0,-0.029282622728780017,0.0,0.0,0.0,0.4125,0.1375,0.22222222222222227,0.22222222222222224,0.27499999999999997,4.875,2.008333333333333,1.7999999999999998,0.05904947636621891,0
2023-10-01 13:30:00+00:00,Jacksonville Jaguars,Atlanta Falcons,23,7,4,16,30,1,21.6,23.6,0.6,-2.0,12.5,11.5,0,0.5,-1.0,3,12.100000000000001,6.0,6.0,0.0,0,-0.20000000000000007,-0.16666666666666663,-27.666666666666664,-3.1666666666666665,-24.499999999999996,20.0,18.2,1.8000000000000007,0.2222222222222222,1,0,0,0.5,0,204.64000000000001,172.64000000000001,-32.0,-16.0,3.166666666666666,-19.166666666666664,4.5600000000000005,3.66,0.10300000000000001,0.058,0.356,0.26599999999999996,0.556,0.466,0.9000000000000004,1.0,1.0,0.0,28.21833697822256,-5.903004165971581,500,500,0,0,0,0,0,0.6233370206670159,0.5253702100584078,0.6986696165336127,0.6202961680467263,1,0,0.09796681060860812,0.0,0.0,0.0,0.2,-0.4875,0.22222222222222232,0.22222222222222235,0.6875,3.625,8.475000000000001,-11.133333333333333,0.03401554309755957,0
2023-10-01 17:00:00+00:00,Houston Texans,Pittsburgh Steelers,30,6,4,24,36,1,25.0,15.5,1.0,9.5,16.4,18.2,0,0.4,1.8,3,11.600000000000001,14.0,6.0,8.0,0,-0.8,0.25,16.833333333333336,0.16666666666666696,16.666666666666668,22.8,17.0,5.800000000000001,0.2222222222222222,1,0,0,0.5,0,252.24,238.63999999999996,-13.600000000000051,18.833333333333336,5.166666666666668,13.666666666666668,4.02,4.4399999999999995,0.076,0.097,0.302,0.344,0.502,0.544,-0.41999999999999993,3.0,2.0,1.0,32.75612000659275,-2.841936331745263,2000,1200,1,0,0,0,-800,0.41479837876164427,0.6611139572068511,0.5318387030093155,0.7288911657654809,0,0,-0.2463155784452068,1.0,1.0,0.0,-0.4375,0.025,0.2222222222222224,0.22222222222222235,-0.4625,-8.625,20.225,22.333333333333332,0.030008052027178746,0
2023-10-01 17:00:00+00:00,Carolina Panthers,Minnesota Vikings,13,21,4,-8,34,0,28.0,22.0,0.8,6.0,27.4,23.8,1,0.6,-3.6,3,3.6000000000000014,12.0,16.0,-4.0,0,-0.19999999999999996,0.25,1.833333333333334,-1.0,2.833333333333334,25.6,24.8,0.8000000000000007,0.2222222222222222,1,0,0,0.5,0,20.240000000000002,5.84,-14.400000000000002,6.666666666666666,9.333333333333332,-2.666666666666666,4.1,4.34,0.08,0.092,0.31,0.33399999999999996,0.51,0.534,-0.2400000000000002,1.0,2.0,-1.0,14.715709492196288,-0.4097488758789634,3000,1000,1,0,1,0,-2000,0.5961126394649122,0.7193756959919544,0.6768901115719298,0.7755005567935636,0,0,-0.12326305652704217,-1.0,-1.0,0.0,-0.65,-0.1,0.22222222222222215,0.22222222222222218,-0.55,-2.5,6.100000000000001,1.3333333333333321,0.11863569371801755,0
2023-10-01 17:00:00+00:00,Philadelphia Eagles,Washington Commanders,34,31,4,3,65,1,19.25,27.0,0.25,-7.75,20.25,34.0,0,0.0,13.75,3,2.0,16.0,13.0,3.0,1,-0.16666666666666674,0.33333333333333337,13.0,-18.333333333333332,31.333333333333332,20.8,26.6,-5.800000000000001,0.2222222222222222,1,0,0,0.5,0,85.75999999999999,211.2,125.44,10.833333333333332,-4.333333333333332,15.166666666666664,4.6,4.46,0.10500000000000001,0.09800000000000002,0.36,0.346,0.56,0.546,0.13999999999999968,3.0,3.0,0.0,-13.667002678147421,-7.245207919412054,1000,500,1,0,0,0,-500,0.626670386923298,0.5188311756773929,0.7013363095386385,0.6150649405419143,0,0,0.10783921124590512,0.3333333333333333,1.0,-0.6666666666666667,0.3,-0.1875,0.22222222222222224,0.22222222222222204,0.4875,9.0,7.0,18.666666666666668,0.040459936143046375,0
2023-10-01 17:00:00+00:00,Indianapolis Colts,Los Angeles Rams,23,29,4,-6,52,0,15.5,16.5,0.5,-1.0,16.666666666666668,17.666666666666668,1,0.6666666666666666,1.0,3,1.8333333333333321,21.0,5.0,16.0,0,-0.26666666666666666,0.19999999999999996,3.3333333333333335,8.666666666666666,-5.333333333333332,20.0,27.4,-7.399999999999999,0.2222222222222222,1,0,0,0.5,0,70.0,359.36,289.36,2.5,3.833333333333334,-1.333333333333334,4.8,4.02,0.115,0.076,0.38,0.302,0.5800000000000001,0.502,0.7800000000000002,1.0,2.0,-1.0,1.8220277581862856,-3.268059798779494,1000,1000,1,1,0,0,0,0.6765058926348116,0.5896362132205133,0.7412047141078493,0.6717089705764107,0,0,0.08686967941429835,1.0,-1.0,2.0,0.1125,-0.5875,0.22222222222222227,0.2222222222222222,0.7000000000000001,13.5,11.666666666666668,-18.4,0.0392176435257189,0
2023-10-01 17:00:00+00:00,New Orleans Saints,Tampa Bay Buccaneers,9,26,4,-17,35,0,21.75,9.75,0.75,12.0,21.6,26.0,1,0.2,4.4,3,3.1499999999999986,21.0,21.0,0.0,1,-0.25,0.16666666666666674,0.33333333333333337,-7.333333333333333,7.666666666666666,16.8,17.0,-0.1999999999999993,0.2222222222222222,1,0,0,0.5,0,9.760000000000002,72.24,62.47999999999999,1.5,-0.6666666666666679,2.166666666666668,4.0600000000000005,4.24,0.07800000000000001,0.087,0.306,0.32399999999999995,0.506,0.524,-0.17999999999999972,0.0,3.0,-3.0,1.6912841373423966,-1.4763326070956992,1000,500,1,0,0,0,-500,0.7273538236101595,0.7256399491544003,0.7818830588881276,0.7805119593235204,0,0,0.0017138744557592123,0.2,1.0,-0.8,-0.4375,-0.3875,0.22222222222222224,0.22222222222222252,-0.04999999999999999,8.125,4.975000000000001,-6.066666666666667,0.08693670762937518,0
2023-10-01 17:00:00+00:00,Cleveland Browns,Baltimore Ravens,3,28,4,-25,31,0,26.2,23.6,0.4,2.6,26.0,24.0,1,1.0,-2.0,3,3.1999999999999993,7.0,14.0,-7.0,1,0.35,-0.30000000000000004,3.333333333333333,-3.0,6.333333333333333,16.6,22.0,-5.399999999999999,0.2222222222222222,1,0,0,0.5,0,142.8,58.96,-83.84,-0.16666666666666785,-1.3333333333333321,1.1666666666666643,4.76,4.68,0.11300000000000002,0.10900000000000001,0.376,0.368,0.5760000000000001,0.5680000000000001,0.08000000000000007,1.0,2.0,-1.0,20.897455180116587,3.1648644512867383,0,500,0,0,0,0,500,0.7161233762706058,0.7863999063670617,0.7728987010164847,0.8291199250936494,0,0,-0.07027653009645585,-1.0,-0.5,-0.5,-0.0375,-0.05,0.22222222222222232,0.22222222222222215,0.012500000000000004,7.625,4.425000000000001,5.933333333333334,0.048111858851759746,0
2023-10-01 17:00:00+00:00,Chicago Bears,Denver Broncos,28,31,4,-3,59,0,11.333333333333334,24.333333333333332,0.0,-13.0,21.75,28.0,1,0.25,6.25,3,-7.416666666666666,20.0,7.0,13.0,0,0.25,-0.5,-11.166666666666666,-39.0,27.833333333333336,30.8,28.6,2.1999999999999993,0.2222222222222222,1,0,0,0.5,0,98.16,830.64,732.48,-5.833333333333332,0.8333333333333321,-6.666666666666664,4.0,4.9,0.07500000000000001,0.12000000000000001,0.3,0.38999999999999996,0.5,0.5900000000000001,-0.9000000000000004,1.0,2.0,-1.0,21.0143478189634,-2.6976259458324265,1000,1000,1,0,0,0,0,0.7682437972782605,0.5848569523646097,0.8145950378226084,0.6678855618916877,0,0,0.18338684491365087,-1.0,-1.0,0.0,-0.5625,0.325,0.22222222222222232,0.2222222222222223,-0.8875,-9.0,1.583333333333334,16.0,0.03130325904834841,0
2023-10-01 17:00:00+00:00,Buffalo Bills,Miami Dolphins,48,20,4,28,68,1,8.666666666666666,30.0,0.0,-21.333333333333332,22.5,12.0,0,1.0,-10.5,3,-10.833333333333334,14.0,13.0,1.0,1,0.30000000000000004,-0.16666666666666663,36.0,23.833333333333332,12.166666666666668,16.6,21.0,-4.399999999999999,0.2222222222222222,1,0,0,1.0,1,337.44,467.75999999999993,130.31999999999994,19.166666666666668,19.666666666666668,-0.5,4.9,5.82,0.12000000000000001,0.16600000000000004,0.38999999999999996,0.482,0.5900000000000001,0.682,-0.9199999999999999,3.0,3.0,0.0,30.042295146079518,-2.9292494526494046,1000,3000,1,1,0,0,2000,0.49879052532897983,0.05364597665567028,0.5990324202631838,0.2429167813245363,0,0,0.44514454867330955,0.0,1.0,-1.0,0.2625,0.5625,0.2222222222222221,0.2222222222222222,-0.3,0.5,11.333333333333334,2.400000000000002,0.028746286856371293,0
2023-10-01 17:00:00+00:00,Tennessee Titans,Cincinnati Bengals,27,3,4,24,30,1,25.333333333333332,26.666666666666668,0.3333333333333333,-1.3333333333333333,14.4,24.6,0,0.2,10.2,3,13.933333333333332,14.0,21.0,-7.0,0,0.8,-0.19999999999999996,-18.166666666666668,7.666666666666667,-25.833333333333336,18.0,20.2,-2.1999999999999993,0.2222222222222222,1,0,0,0.5,0,181.03999999999996,71.44,-109.59999999999997,-5.666666666666668,9.833333333333334,-15.500000000000002,4.14,3.86,0.08199999999999999,0.068,0.31399999999999995,0.286,0.514,0.48600000000000004,0.2799999999999998,1.0,3.0,-2.0,30.174901369496176,-1.7307014015067541,0,0,1,0,0,0,0,0.6311905530449833,0.6581301417205664,0.7049524424359866,0.7265041133764532,0,0,-0.026939588675583104,0.0,-0.5,0.5,-0.41428571428571426,-0.4,0.22222222222222207,0.22222222222222224,-0.014285714285714235,5.107142857142858,8.826190476190474,-3.9333333333333336,0.043743738219786846,0
2023-10-01 20:05:00+00:00,Los Angeles Chargers,Las Vegas Raiders,24,17,4,7,41,1,27.333333333333332,22.666666666666668,0.3333333333333333,4.666666666666667,19.25,25.5,0,0.5,6.25,3,11.083333333333332,20.0,14.0,6.0,1,-0.16666666666666669,0.25,-0.8333333333333333,-17.5,16.666666666666668,24.2,25.0,-0.8000000000000007,0.2222222222222222,1,0,0,0.5,0,34.0,228.8,194.8,1.3333333333333321,-8.333333333333332,9.666666666666664,4.82,4.2,0.116,0.085,0.38199999999999995,0.31999999999999995,0.5820000000000001,0.52,0.6200000000000001,3.0,1.0,2.0,0.39033913021950717,-4.089943198067607,1000,3000,1,1,0,0,2000,0.7298727151878212,0.5210688984832996,0.7838981721502569,0.6168551187866397,0,1,0.20880381670452153,-0.5,0.0,-0.5,0.525,0.0,0.2222222222222223,0.22222222222222238,0.525,8.25,2.833333333333332,8.133333333333333,0.052100903910831865,0
2023-10-01 20:25:00+00:00,Dallas Cowboys,New England Patriots,38,3,4,35,41,1,28.0,18.0,0.6666666666666666,10.0,16.5,21.25,0,0.5,4.75,3,14.5,14.0,7.0,7.0,0,0.33333333333333326,0.25,-11.666666666666666,4.666666666666667,-16.333333333333332,15.2,19.8,-4.600000000000001,0.2222222222222222,1,0,0,0.5,0,365.6,59.760000000000005,-305.84000000000003,-5.333333333333332,0.0,-5.333333333333332,4.92,3.9,0.121,0.07,0.39199999999999996,0.29,0.5920000000000001,0.49000000000000005,1.02,1.0,3.0,-2.0,-28.16186496211392,1.9466283301289797,2200,500,1,0,0,0,-1700,0.533672928621981,0.7122962678379023,0.6269383428975848,0.7698370142703219,0,0,-0.17862333921592133,0.0,0.0,0.0,0.2625,-0.5125,0.22222222222222224,0.22222222222222243,0.7749999999999999,15.5,1.0,9.333333333333334,0.04106041186449282,0
2023-10-01 20:25:00+00:00,San Francisco 49ers,Arizona Cardinals,35,16,4,19,51,1,24.6,18.0,0.8,6.6,16.5,23.75,0,0.25,7.25,3,11.100000000000001,9.0,21.0,-12.0,1,0.2333333333333334,-0.25,8.166666666666668,14.833333333333334,-6.666666666666666,17.0,24.4,-7.399999999999999,0.2222222222222222,1,0,0,1.0,1,147.04000000000002,171.44,24.399999999999977,9.0,13.333333333333334,-4.333333333333334,4.76,4.3,0.11300000000000002,0.09000000000000001,0.376,0.32999999999999996,0.5760000000000001,0.53,0.45999999999999996,1.0,0.0,1.0,-12.736967541616709,-0.2994291966432006,1000,2500,1,0,0,0,1500,0.5316251501201201,0.6992197646121009,0.6253001200960961,0.7593758116896807,0,0,-0.16759461449198076,1.0,-0.3333333333333333,1.3333333333333333,-0.25,-0.325,0.22222222222222207,0.22222222222222254,0.07500000000000001,8.125,2.9750000000000014,14.733333333333334,0.04414178635237076,0
2023-10-02 00:20:00+00:00,New York Jets,Kansas City Chiefs,20,23,4,-3,43,0,12.666666666666666,14.666666666666666,0.3333333333333333,-2.0,29.6,18.6,1,0.8,-11.0,3,-13.933333333333337,7.0,14.0,-7.0,0,-5.551115123125783e-17,-0.033333333333333326,-14.833333333333334,10.166666666666666,-25.0,19.6,16.4,3.200000000000003,0.2222222222222222,1,0,0,0.5,0,101.84,182.64000000000001,80.80000000000001,-10.0,-1.3333333333333321,-8.666666666666668,3.9,5.28,0.07,0.139,0.29,0.428,0.49000000000000005,0.6280000000000001,-1.3800000000000003,1.0,3.0,-2.0,-4.8310591144334545,-5.981711112453481,500,1000,0,0,0,0,500,0.5373733281575737,0.5642893735516656,0.629898662526059,0.6514314988413326,1,0,-0.02691604539409198,-0.3333333333333333,0.0,-0.3333333333333333,-0.5875,0.725,0.22222222222222224,0.22222222222222232,-1.3125,-6.0,7.933333333333337,-16.0,0.03976384906777282,0
2023-10-03 00:15:00+00:00,New York Giants,Seattle Seahawks,3,24,4,-21,27,0,20.75,25.25,0.5,-4.5,25.0,30.333333333333332,1,0.3333333333333333,5.333333333333333,3,-1.25,21.0,15.0,6.0,0,0.16666666666666663,-0.5,7.833333333333334,12.333333333333332,-4.499999999999998,29.8,24.2,5.600000000000001,0.2222222222222222,1,0,0,0.5,0,251.36000000000004,100.64000000000001,-150.72000000000003,6.5,20.333333333333332,-13.833333333333332,4.0600000000000005,4.78,0.07800000000000001,0.114,0.306,0.378,0.506,0.5780000000000001,-0.7199999999999998,1.0,0.0,1.0,7.641148678353093,2.5793113180271217,5000,500,1,0,1,-1,-4500,0.47933336000853677,0.5781365742328448,0.5834666880068294,0.6625092593862758,0,0,-0.09880321422430804,1.0,0.0,1.0,-0.425,0.175,0.22222222222222224,0.22222222222222215,-0.6,-8.125,6.875,-10.999999999999998,0.037494431099621604,0
2023-10-06 00:15:00+00:00,Washington Commanders,Chicago Bears,20,40,5,-20,60,0,19.8,21.2,0.8,-1.4,13.5,33.25,1,0.0,19.75,3,9.3,11.0,11.0,0.0,0,-1.1102230246251565e-16,-0.2,-21.166666666666668,-6.666666666666666,-14.500000000000002,27.8,32.2,-4.400000000000002,0.2777777777777778,1,0,0,0.5,0,204.16000000000003,111.6,-92.56000000000003,-8.333333333333332,-0.33333333333333215,-8.0,4.5,4.22,0.1,0.08600000000000001,0.35,0.32199999999999995,0.55,0.522,0.28000000000000025,3.0,1.0,2.0,-5.432517081436295,-9.887757994606401,1000,1000,1,1,0,0,0,0.531791979991799,0.7343198586645965,0.6254335839934392,0.7874558869316772,1,0,-0.20252787867279753,0.5,-1.0,1.5,0.075,-0.3375,0.2222222222222222,0.2222222222222222,0.41250000000000003,12.5,3.1999999999999993,-10.399999999999999,0.03797085478743957,0
2023-10-08 13:30:00+00:00,Buffalo Bills,Jacksonville Jaguars,20,25,5,-5,45,0,30.6,21.4,0.8,9.2,27.0,16.2,1,0.8,-10.8,3,6.600000000000001,6.0,27.0,-21.0,0,0.33333333333333337,0.13333333333333341,22.666666666666664,-7.0,29.666666666666664,15.2,20.0,-4.800000000000001,0.2777777777777778,1,0,0,0.5,0,251.04000000000002,192.95999999999998,-58.08000000000004,16.5,-3.666666666666668,20.166666666666668,5.5600000000000005,4.52,0.15300000000000002,0.101,0.45599999999999996,0.352,0.656,0.552,1.040000000000001,3.0,1.0,2.0,-15.382205859243872,11.659663069910879,500,0,0,0,0,0,-500,0.37803863665015336,0.6473316005083529,0.5024309093201227,0.7178652804066823,0,0,-0.26929296385819956,0.0,0.0,0.0,0.4375,0.1,0.22222222222222218,0.22222222222222215,0.3375,7.375,0.7749999999999986,47.400000000000006,0.03163052662219035,0
2023-10-08 17:00:00+00:00,Atlanta Falcons,Houston Texans,21,19,5,2,40,1,18.4,17.6,0.6,0.8,23.0,19.0,0,0.8,-4.0,3,-1.6000000000000014,21.0,14.0,7.0,0,0.33333333333333326,0.55,-12.0,29.666666666666668,-41.66666666666667,20.2,18.4,1.8000000000000007,0.2777777777777778,1,0,0,0.5,0,184.16000000000003,256.15999999999997,71.99999999999994,-9.833333333333332,18.166666666666664,-27.999999999999996,3.54,4.5600000000000005,0.052000000000000005,0.10300000000000001,0.254,0.356,0.45400000000000007,0.556,-1.0200000000000005,1.0,3.0,-2.0,-10.18430992266208,0.7209933419711229,1000,1000,1,0,0,0,0,0.5018785288707182,0.45686097543998927,0.6015028230965744,0.5654887803519915,1,0,0.045017553430728885,1.0,1.0,0.0,-0.65,-0.1,0.22222222222222218,0.22222222222222207,-0.55,0.75,2.3500000000000014,-29.466666666666665,0.03185944881293499,0
2023-10-08 17:00:00+00:00,Detroit Lions,Carolina Panthers,42,24,5,18,66,1,24.0,18.8,0.6,5.2,18.0,23.8,0,0.2,5.8,3,9.0,14.0,13.0,1.0,0,-0.4,0.19999999999999996,12.666666666666666,-0.3333333333333339,13.0,20.0,25.6,-5.600000000000001,0.2777777777777778,1,0,0,1.0,1,61.04,12.559999999999999,-48.480000000000004,1.0,5.333333333333334,-4.333333333333334,4.9399999999999995,3.98,0.122,0.07400000000000001,0.39399999999999996,0.298,0.5940000000000001,0.49800000000000005,0.9599999999999995,2.0,1.0,1.0,-2.4959740491909175,10.454191195198488,0,2500,0,0,0,0,2500,0.6151298920414837,0.628821555717469,0.692103913633187,0.7030572445739751,0,0,-0.013691663675985288,0.0,-1.0,1.0,0.05,-0.7875,0.22222222222222254,0.22222222222222215,0.8375,14.625,5.625,4.333333333333332,0.10006235130304268,0
2023-10-08 17:00:00+00:00,Indianapolis Colts,Tennessee Titans,23,16,5,7,39,1,24.75,27.25,0.25,-2.5,15.0,20.4,0,0.2,5.4,3,12.75,7.0,14.0,-7.0,1,-0.35,-0.8,-6.5,-6.0,-0.5,22.4,15.4,6.999999999999998,0.2777777777777778,1,0,0,0.5,0,86.64000000000001,270.64000000000004,184.00000000000003,-3.833333333333332,-6.666666666666668,2.8333333333333357,4.78,4.2,0.114,0.085,0.378,0.31999999999999995,0.5780000000000001,0.52,0.5800000000000001,1.0,1.0,0.0,10.778288240363533,1.0901846667612185,1000,0,1,0,0,0,-1000,0.7897174519842409,0.6233370206670159,0.8317739615873928,0.6986696165336127,0,0,0.16638043131722502,0.0,0.0,0.0,0.275,-0.3,0.22222222222222232,0.2222222222222221,0.575,2.75,10.0,3.0666666666666664,0.03857857565263275,0
2023-10-08 17:00:00+00:00,Miami Dolphins,New York Giants,31,16,5,15,47,1,28.0,15.0,0.6666666666666666,13.0,19.4,28.2,0,0.4,8.8,3,11.600000000000001,14.0,16.0,-2.0,0,0.23809523809523803,-0.06666666666666665,12.333333333333334,-4.5,16.833333333333336,30.0,30.8,-0.8000000000000007,0.2777777777777778,1,0,0,0.5,0,688.24,205.36000000000004,-482.88,19.0,-10.833333333333332,29.833333333333332,5.66,3.7,0.15800000000000003,0.060000000000000005,0.46599999999999997,0.26999999999999996,0.666,0.47000000000000003,1.96,3.0,1.0,2.0,-37.0171388445766,-11.715435619785517,1000,5000,1,1,0,0,4000,0.09213505960412804,0.4964190730379079,0.2737080476833025,0.5971352584303262,0,1,-0.40428401343377984,1.0,1.0,0.0,0.675,-0.775,0.2222222222222222,0.22222222222222238,1.4500000000000002,20.75,9.149999999999999,6.2666666666666675,0.025487072096689885,0
2023-10-08 17:00:00+00:00,New England Patriots,New Orleans Saints,0,34,5,-34,34,0,17.25,22.5,0.25,-5.25,19.75,15.5,1,0.75,-4.25,3,0.5,20.0,14.0,6.0,0,-0.15000000000000002,0.35,-5.666666666666666,-9.0,3.333333333333334,24.0,18.6,5.399999999999999,0.2777777777777778,1,0,0,0.5,0,181.44,50.239999999999995,-131.2,-5.666666666666666,-3.333333333333332,-2.333333333333334,3.54,3.8,0.052000000000000005,0.065,0.254,0.27999999999999997,0.45400000000000007,0.48000000000000004,-0.2599999999999998,3.0,0.0,3.0,28.837514935569363,-0.5636775149087944,1000,1000,1,1,0,0,0,0.6600206807760214,0.6981825883087591,0.7280165446208171,0.7585460706470073,1,0,-0.03816190753273774,-0.3333333333333333,0.0,-0.3333333333333333,-0.7625,-0.575,0.22222222222222235,0.22222222222222224,-0.1875,-4.875,5.375,0.8666666666666663,0.04818708606900883,0
2023-10-08 17:00:00+00:00,Pittsburgh Steelers,Baltimore Ravens,17,10,5,7,27,1,22.0,20.25,0.75,1.75,24.0,21.2,0,0.4,-2.8,3,1.0,19.0,7.0,12.0,1,-0.050000000000000044,-0.16666666666666663,-11.166666666666666,6.666666666666667,-17.833333333333332,20.0,16.8,3.1999999999999993,0.2777777777777778,1,0,0,1.0,1,336.56,138.0,-198.56,-4.5,-0.5,-4.0,4.02,4.68,0.076,0.10900000000000001,0.302,0.368,0.502,0.5680000000000001,-0.6600000000000001,2.0,2.0,0.0,-25.813419960756857,-2.9235851158466324,1200,1000,1,1,0,0,-200,0.5742653408518399,0.7908349933664811,0.659412272681472,0.8326679946931849,1,0,-0.21656965251464122,1.0,-0.3333333333333333,1.3333333333333333,-0.1,0.1,0.22222222222222204,0.2222222222222222,-0.2,2.25,1.25,-20.133333333333333,0.03904174634754228,0
2023-10-08 20:05:00+00:00,Los Angeles Rams,Philadelphia Eagles,14,23,5,-9,37,0,19.0,32.666666666666664,0.0,-13.666666666666666,23.0,17.0,1,0.6666666666666666,-6.0,3,-1.0,21.0,12.0,9.0,0,-0.33333333333333337,0.11111111111111116,11.833333333333334,9.5,2.333333333333334,25.2,23.4,1.8000000000000007,0.2777777777777778,1,0,0,0.5,0,381.43999999999994,84.56,-296.87999999999994,4.833333333333332,5.5,-0.6666666666666679,4.26,4.92,0.08800000000000001,0.121,0.326,0.39199999999999996,0.526,0.5920000000000001,-0.6600000000000001,2.0,3.0,-1.0,-14.41807392547207,-4.458603400126822,1000,500,1,0,0,1,-500,0.5591201977862901,0.6087380193527615,0.6472961582290321,0.6869904154822093,0,0,-0.04961782156647143,-0.3333333333333333,1.0,-1.3333333333333333,-0.35,0.3375,0.22222222222222238,0.22222222222222218,-0.6875,-6.375,5.375,0.5999999999999979,0.03669726981245869,0
2023-10-08 20:05:00+00:00,Arizona Cardinals,Cincinnati Bengals,20,34,5,-14,54,0,21.0,25.5,0.5,-4.5,11.6,21.6,1,0.2,10.0,3,12.4,13.0,7.0,6.0,0,0.30000000000000004,-0.2666666666666666,-1.5,-1.833333333333334,0.3333333333333339,23.8,23.0,0.8000000000000007,0.2777777777777778,1,0,0,0.5,0,99.44,119.44000000000001,20.000000000000014,1.3333333333333321,-4.333333333333334,5.666666666666666,4.42,3.66,0.096,0.058,0.34199999999999997,0.26599999999999996,0.542,0.466,0.7599999999999998,0.0,3.0,-3.0,20.5286406307787,-0.12212228437836724,500,0,0,0,0,0,-500,0.6959260986207465,0.626670386923298,0.7567408788965971,0.7013363095386385,0,0,0.06925571169744849,-0.3333333333333333,-0.3333333333333333,0.0,-0.3625,-0.7,0.22222222222222207,0.22222222222222235,0.33749999999999997,3.25,9.15,7.066666666666666,0.043742928534519596,0
2023-10-08 20:25:00+00:00,Denver Broncos,New York Jets,21,31,5,-10,52,0,30.25,20.0,0.5,10.25,18.2,17.2,1,0.4,-1.0,3,15.05,21.0,21.0,0.0,0,0.30000000000000004,0.08333333333333337,-36.166666666666664,-2.0,-34.166666666666664,30.0,21.6,8.399999999999999,0.2777777777777778,1,0,0,0.5,0,835.76,98.96000000000001,-736.8,-4.5,-6.333333333333332,1.8333333333333321,5.12,4.18,0.131,0.084,0.412,0.318,0.612,0.518,0.9400000000000004,2.0,1.0,1.0,-5.394569062429941,-2.4038769999053087,1000,500,1,0,0,0,-500,0.5754138043930302,0.5768883864746798,0.6603310435144242,0.6615107091797439,0,0,-0.0014745820816495225,-0.3333333333333333,-0.3333333333333333,0.0,0.4125,-0.4125,0.22222222222222252,0.22222222222222243,0.825,1.875,13.175,-9.399999999999999,0.031194048896669435,0
2023-10-08 20:25:00+00:00,Minnesota Vikings,Kansas City Chiefs,20,27,5,-7,47,0,19.6,24.2,0.0,-4.6,28.0,20.0,1,0.8,-8.0,3,-5.399999999999999,14.0,6.0,8.0,0,-0.4,-0.0,5.333333333333334,14.333333333333334,-9.0,22.6,18.4,4.200000000000003,0.2777777777777778,1,0,0,0.5,0,23.759999999999998,136.64000000000001,112.88000000000002,1.8333333333333321,8.666666666666668,-6.833333333333336,4.4399999999999995,4.98,0.097,0.12400000000000001,0.344,0.39799999999999996,0.544,0.5980000000000001,-0.5400000000000009,2.0,3.0,-1.0,-12.178162955304707,5.352788715617691,2000,2000,1,1,0,0,0,0.7628291754873715,0.5642893735516656,0.8102633403898972,0.6514314988413326,0,0,0.19853980193570586,-1.0,0.3333333333333333,-1.3333333333333333,-0.2,0.725,0.22222222222222232,0.22222222222222252,-0.925,-9.875,4.475000000000001,-2.8666666666666663,0.062258991611801956,0
2023-10-09 00:20:00+00:00,San Francisco 49ers,Dallas Cowboys,42,10,5,32,52,1,23.4,16.6,0.8,6.8,22.6,16.6,0,0.4,-6.0,3,3.799999999999997,7.0,14.0,-7.0,0,0.2571428571428571,-0.41666666666666663,12.166666666666668,-13.5,25.666666666666668,16.2,11.4,4.799999999999999,0.2777777777777778,1,0,0,1.0,1,151.35999999999999,334.64,183.28,8.5,-6.666666666666664,15.166666666666664,5.04,5.4,0.127,0.14500000000000002,0.40399999999999997,0.43999999999999995,0.604,0.64,-0.3600000000000003,1.0,1.0,0.0,-10.03800926530912,4.228282155860502,500,1200,0,0,0,0,700,0.4667317748074614,0.4913252512656049,0.5733854198459691,0.5930602010124839,0,0,-0.02459347645814347,1.0,0.0,1.0,-0.05,0.35,0.2222222222222223,0.2222222222222222,-0.39999999999999997,-6.0,9.799999999999997,14.933333333333332,0.03810111236804537,0
2023-10-10 00:15:00+00:00,Las Vegas Raiders,Green Bay Packers,17,13,5,4,30,1,24.75,24.5,0.25,0.25,32.666666666666664,21.333333333333332,0,0.6666666666666666,-11.333333333333334,3,-4.916666666666664,14.0,22.0,-8.0,0,-0.15000000000000002,0.16666666666666674,8.0,-13.5,21.5,26.4,22.2,4.199999999999999,0.2777777777777778,1,0,0,0.5,0,100.16,105.03999999999999,4.8799999999999955,3.166666666666666,-8.0,11.166666666666666,3.86,4.68,0.068,0.10900000000000001,0.286,0.368,0.48600000000000004,0.5680000000000001,-0.8199999999999998,1.0,3.0,-2.0,-4.671396120174695,-0.5814278015513309,3000,1000,1,0,0,0,-2000,0.5746784304787729,0.593798079768202,0.6597427443830184,0.6750384638145616,0,0,-0.019119649289429108,-0.3333333333333333,0.3333333333333333,-0.6666666666666666,-0.2125,0.15,0.22222222222222238,0.22222222222222224,-0.3625,-2.625,2.2916666666666643,-4.866666666666667,0.044935152982190404,0
2023-10-13 00:15:00+00:00,Kansas City Chiefs,Denver Broncos,19,8,6,11,27,1,28.8,20.6,0.8,8.2,22.4,32.8,0,0.2,10.4,3,9.400000000000002,18.0,11.0,7.0,1,-0.023809523809523836,-0.20000000000000007,-7.666666666666666,14.166666666666668,-21.833333333333336,16.0,36.2,-20.200000000000003,0.3333333333333333,1,0,0,1.0,1,124.63999999999996,378.8,254.16000000000005,-1.0,3.0,-4.0,4.86,4.72,0.11800000000000002,0.111,0.386,0.372,0.5860000000000001,0.5720000000000001,0.14000000000000057,3.0,2.0,1.0,-2.255730244006704,-4.430765291264421,1000,1000,1,1,0,0,0,0.5965480976621873,0.5791099460666718,0.6772384781297498,0.6632879568533374,0,0,0.01743815159551554,0.3333333333333333,-0.3333333333333333,0.6666666666666666,0.5875,0.2875,0.22222222222222215,0.22222222222222224,0.30000000000000004,15.0,5.599999999999998,33.06666666666666,0.03932323734326247,0
2023-10-15 13:30:00+00:00,Tennessee Titans,Baltimore Ravens,16,24,6,-8,40,0,25.666666666666668,11.333333333333334,1.0,14.333333333333334,22.6,19.8,1,0.4,-2.8,3,6.066666666666666,13.0,6.0,7.0,0,0.8333333333333334,-0.2142857142857143,15.833333333333332,3.666666666666667,12.166666666666664,18.6,15.0,3.6000000000000014,0.3333333333333333,1,0,0,0.5,0,241.2,143.35999999999999,-97.84,6.5,-4.666666666666668,11.166666666666668,4.0600000000000005,4.48,0.07800000000000001,0.099,0.306,0.348,0.506,0.548,-0.41999999999999993,1.0,2.0,-1.0,-7.316266788415842,2.095767229613863,0,1000,1,1,0,0,1000,0.6233370206670159,0.7112121236963019,0.6986696165336127,0.7689696989570416,0,0,-0.08787510302928603,-0.3333333333333333,-0.3333333333333333,0.0,-0.3,0.0125,0.2222222222222224,0.2222222222222224,-0.3125,1.125,4.941666666666666,-8.733333333333334,0.034393796493289615,0
2023-10-15 17:00:00+00:00,Jacksonville Jaguars,Indianapolis Colts,37,20,6,17,57,1,16.6,18.0,0.6,-1.4,27.666666666666668,27.333333333333332,0,0.6666666666666666,-0.3333333333333333,3,-8.066666666666666,14.0,21.0,-7.0,1,-0.16666666666666674,0.19999999999999996,16.5,-0.8333333333333333,17.333333333333332,20.4,23.0,-2.6000000000000014,0.3333333333333333,1,0,0,1.0,1,168.64000000000004,62.0,-106.64000000000004,5.0,-1.6666666666666679,6.666666666666668,4.4,4.7,0.095,0.11,0.33999999999999997,0.37,0.54,0.5700000000000001,-0.2999999999999998,1.0,1.0,0.0,-4.893458268093392,-3.402067926780481,500,1000,0,0,0,0,500,0.65094994986392,0.8254469994528882,0.720759959891136,0.8603575995623106,0,0,-0.17449704958896828,1.0,0.3333333333333333,0.6666666666666667,0.1625,0.175,0.22222222222222224,0.2222222222222223,-0.012499999999999983,5.125,13.191666666666666,-5.0,0.0552563929245291,0
2023-10-15 17:00:00+00:00,Miami Dolphins,Carolina Panthers,42,21,6,21,63,1,21.0,27.8,0.2,-6.8,21.6,25.0,0,0.4,3.4,3,2.3999999999999986,7.0,7.0,0.0,0,0.3214285714285714,0.16666666666666663,-26.166666666666668,-4.0,-22.166666666666668,27.0,28.8,-1.8000000000000007,0.3333333333333333,1,0,0,0.5,0,627.76,26.24,-601.52,-17.833333333333336,0.5,-18.333333333333336,5.92,4.12,0.17100000000000004,0.081,0.492,0.31199999999999994,0.6920000000000001,0.512,1.7999999999999998,3.0,1.0,2.0,5.022184167298438,12.508303889406301,500,3000,0,1,0,0,2500,0.09213505960412804,0.6059524933462972,0.2737080476833025,0.6847619946770378,0,0,-0.5138174337421691,1.0,-1.0,2.0,0.675,-0.6125,0.22222222222222227,0.2222222222222224,1.2875,19.625,17.225,12.333333333333334,0.0504280331828648,0
2023-10-15 17:00:00+00:00,Cleveland Browns,San Francisco 49ers,19,17,6,2,36,1,14.0,24.0,0.25,-10.0,22.6,12.4,0,0.8,-10.2,3,-5.600000000000001,14.0,27.0,-13.0,0,0.19999999999999996,-0.275,-5.833333333333333,9.5,-15.333333333333332,18.6,13.6,5.000000000000002,0.3333333333333333,1,0,0,0.5,0,322.8,65.36000000000001,-257.44,-11.0,8.5,-19.5,4.46,5.64,0.09800000000000002,0.157,0.346,0.46399999999999997,0.546,0.664,-1.1799999999999997,1.0,1.0,0.0,32.89525164344553,-11.67143604336644,0,0,0,0,0,0,0,0.5924539903274724,0.4503196951863747,0.6739631922619779,0.5602557561490997,0,0,0.14213429514109766,-1.0,1.0,-2.0,-0.175,0.3875,0.2222222222222224,0.22222222222222232,-0.5625,-2.5,3.1000000000000014,-30.666666666666664,0.04070028092603794,0
2023-10-15 17:00:00+00:00,Houston Texans,New Orleans Saints,20,13,6,7,33,1,22.6,22.4,0.6,0.2,24.75,23.5,0,0.5,-1.25,3,0.8500000000000014,14.0,7.0,7.0,0,-0.41666666666666674,0.4,13.333333333333334,7.5,5.833333333333334,20.0,15.2,4.800000000000001,0.3333333333333333,1,0,0,1.0,1,262.4,275.2,12.800000000000011,2.5,3.833333333333332,-1.3333333333333321,4.6,4.22,0.10500000000000001,0.08600000000000001,0.36,0.32199999999999995,0.56,0.522,0.3799999999999999,3.0,0.0,3.0,-6.2300972290662076,-1.7849057443970335,2000,1000,1,1,0,0,-1000,0.49816742084635446,0.6334813272151063,0.5985339366770835,0.706785061772085,0,0,-0.13531390636875185,-1.0,0.3333333333333333,-1.3333333333333333,-0.2625,-0.2375,0.2222222222222222,0.2222222222222224,-0.025000000000000022,0.75,0.10000000000000142,17.466666666666665,0.03449907870425658,0
2023-10-15 17:00:00+00:00,Chicago Bears,Minnesota Vikings,13,19,6,-6,32,0,28.75,15.25,0.75,13.5,18.0,26.2,1,0.2,8.2,3,13.75,14.0,14.0,0.0,1,5.551115123125783e-17,0.4,28.166666666666668,4.833333333333333,23.333333333333336,31.4,24.4,7.0,0.3333333333333333,1,0,0,0.0,1,288.23999999999995,29.04,-259.19999999999993,18.333333333333336,-2.5,20.833333333333336,4.6,4.5,0.10500000000000001,0.1,0.36,0.35,0.56,0.55,0.09999999999999964,1.0,2.0,-1.0,35.00442322745795,-0.4586442117833469,1000,1000,1,0,0,0,0,0.5816699867329622,0.775,0.6653359893863697,0.8200000000000001,0,0,-0.1933300132670378,-1.0,-1.0,0.0,0.0,-0.25,0.2222222222222221,0.22222222222222207,0.25,1.25,12.5,-3.0666666666666664,0.06364400915627821,0
2023-10-15 17:00:00+00:00,Atlanta Falcons,Washington Commanders,16,24,6,-8,40,0,22.2,21.8,0.6,0.4,21.8,22.6,1,0.6,0.8,3,3.3999999999999986,7.0,14.0,-7.0,0,0.38095238095238093,0.09523809523809534,-7.333333333333333,-2.166666666666666,-5.166666666666667,19.2,32.0,-12.8,0.3333333333333333,1,0,0,0.5,0,123.83999999999999,212.96000000000004,89.12000000000005,-4.333333333333332,6.166666666666668,-10.5,3.96,4.48,0.07300000000000001,0.099,0.296,0.348,0.49600000000000005,0.548,-0.5200000000000005,1.0,3.0,-2.0,6.172789864588056,1.567375286151657,1000,500,1,0,0,0,-500,0.5655912782873714,0.5343015997450711,0.6524730226298971,0.6274412797960569,0,0,0.03128967854230036,1.0,0.3333333333333333,0.6666666666666667,-0.7625,0.0,0.2222222222222223,0.2222222222222223,-0.7625,6.125,2.7250000000000014,10.466666666666665,0.03664555683231198,0
2023-10-15 17:00:00+00:00,Cincinnati Bengals,Seattle Seahawks,17,13,6,4,30,1,18.0,13.4,0.6,4.6,22.2,25.8,0,0.6,3.6,3,-1.1999999999999993,19.0,12.0,7.0,0,0.17142857142857137,-0.33333333333333337,2.0,20.5,-18.5,22.8,22.0,0.8000000000000007,0.3333333333333333,1,0,0,0.5,0,207.76,166.16,-41.599999999999994,3.166666666666666,8.833333333333332,-5.666666666666666,3.96,4.82,0.07300000000000001,0.116,0.296,0.38199999999999995,0.49600000000000005,0.5820000000000001,-0.8600000000000003,3.0,0.0,3.0,26.79341880183308,-0.8675879837671402,1200,3000,1,1,0,0,1800,0.5134624885992859,0.587736810398988,0.6107699908794287,0.6701894483191904,0,0,-0.07427432179970206,0.0,0.0,0.0,-0.525,0.2375,0.22222222222222232,0.22222222222222227,-0.7625,-5.375,4.175000000000001,-10.06666666666667,0.034217308671747756,0
2023-10-15 20:05:00+00:00,Las Vegas Raiders,New England Patriots,21,17,6,4,38,1,23.2,22.2,0.4,1.0,13.8,24.6,0,0.4,10.8,3,12.399999999999999,5.0,13.0,-8.0,0,0.0,0.2,9.166666666666666,-32.166666666666664,41.33333333333333,22.8,26.2,-3.3999999999999986,0.3333333333333333,1,0,0,0.5,0,126.0,264.96,138.95999999999998,2.0,-15.833333333333332,17.833333333333332,3.88,3.4,0.069,0.05,0.288,0.24,0.48800000000000004,0.44000000000000006,0.48,1.0,3.0,-2.0,-14.666625689162517,-1.8357807314595218,500,1000,0,1,0,1,500,0.5900171497489194,0.630879423494165,0.6720137197991356,0.704703538795332,0,1,-0.04086227374524565,0.0,-0.3333333333333333,0.3333333333333333,-0.1625,-1.05,0.22222222222222213,0.22222222222222218,0.8875000000000001,14.625,2.2250000000000014,11.266666666666666,0.03491955331395764,0
2023-10-15 20:25:00+00:00,Los Angeles Rams,Arizona Cardinals,26,9,6,17,35,1,17.75,30.25,0.0,-12.5,16.4,26.0,0,0.2,9.6,3,4.350000000000001,7.0,14.0,-7.0,1,-0.33333333333333337,-0.20000000000000007,-3.8333333333333335,-18.166666666666668,14.333333333333334,21.6,27.2,-5.599999999999998,0.3333333333333333,1,0,0,0.5,0,92.16,113.84,21.680000000000007,-1.5,-6.0,4.5,4.54,4.46,0.102,0.09800000000000002,0.354,0.346,0.554,0.546,0.08000000000000007,2.0,0.0,2.0,-12.398102257094413,-3.8531883450761115,1000,500,1,0,0,0,-500,0.5543614132506028,0.7130439929187751,0.6434891306004822,0.7704351943350201,0,0,-0.15868257966817223,-0.3333333333333333,-1.0,0.6666666666666667,-0.375,-0.275,0.22222222222222246,0.22222222222222254,-0.09999999999999998,0.875,3.4750000000000014,11.4,0.04500812201689834,0
2023-10-15 20:25:00+00:00,New York Jets,Philadelphia Eagles,20,14,6,6,34,1,14.5,16.75,0.25,-2.25,23.0,16.25,0,0.75,-6.75,3,-5.5,13.0,7.0,6.0,0,-0.1785714285714286,0.19444444444444442,9.833333333333332,-2.333333333333334,12.166666666666666,21.0,20.8,0.1999999999999993,0.3333333333333333,1,0,0,0.5,0,108.24000000000001,14.64,-93.60000000000001,11.5,0.5,11.0,4.16,5.12,0.08300000000000002,0.131,0.316,0.412,0.516,0.612,-0.96,1.0,3.0,-2.0,-16.73637845922935,-5.235803287886556,500,3000,0,1,0,0,2500,0.5278043308118974,0.6531953900248729,0.6222434646495179,0.7225563120198983,0,0,-0.12539105921297555,-0.3333333333333333,1.0,-1.3333333333333333,-0.225,0.1875,0.2222222222222222,0.2222222222222222,-0.4125,2.25,7.75,-11.6,0.07372274666827647,0
2023-10-15 20:25:00+00:00,Tampa Bay Buccaneers,Detroit Lions,6,20,6,-14,26,0,19.0,24.0,0.4,-5.0,25.25,18.25,1,1.0,-7.0,3,-3.25,19.0,16.0,3.0,0,-0.25,0.33333333333333337,-4.833333333333333,13.0,-17.833333333333332,17.6,21.4,-3.799999999999997,0.3333333333333333,1,0,0,0.5,0,106.63999999999999,83.35999999999999,-23.28,-5.833333333333332,14.0,-19.833333333333332,4.5,5.26,0.1,0.138,0.35,0.426,0.55,0.6260000000000001,-0.7599999999999998,3.0,2.0,1.0,-15.234188020658095,-4.079156205790293,500,0,0,0,0,0,-500,0.6981825883087591,0.5039216291753893,0.7585460706470073,0.6031373033403113,0,0,0.19426095913336983,1.0,0.0,1.0,-0.275,0.325,0.2222222222222224,0.22222222222222232,-0.6000000000000001,-1.375,1.875,-10.6,0.046750568327834176,0
2023-10-16 00:20:00+00:00,Buffalo Bills,New York Giants,14,9,6,5,23,1,27.8,20.2,0.6,7.6,16.4,29.6,0,0.2,13.2,3,14.400000000000002,7.0,7.0,0.0,0,0.2142857142857143,-0.11428571428571432,-7.166666666666668,0.33333333333333215,-7.5,16.0,30.6,-14.600000000000001,0.3333333333333333,1,0,0,0.5,0,307.36,188.56,-118.80000000000001,3.666666666666668,-4.833333333333334,8.500000000000002,5.48,3.54,0.14900000000000002,0.052000000000000005,0.44799999999999995,0.254,0.648,0.45400000000000007,1.9400000000000004,3.0,1.0,2.0,25.4707124545836,2.030469663875841,500,3000,0,1,0,0,2500,0.44157727705617134,0.5152723058252191,0.5532618216449371,0.6122178446601753,0,1,-0.07369502876904777,-1.0,1.0,-2.0,0.5625,-0.6625,0.22222222222222227,0.22222222222222207,1.225,25.0,10.599999999999998,24.0,0.0304605977098969,0
2023-10-17 00:15:00+00:00,Los Angeles Chargers,Dallas Cowboys,17,20,6,-3,37,0,26.5,21.25,0.5,5.25,18.4,22.2,1,0.2,3.8,3,11.100000000000001,15.0,7.0,8.0,0,0.0,-0.4642857142857143,3.5,-14.5,18.0,23.2,16.6,6.599999999999998,0.3333333333333333,1,0,0,0.5,0,28.240000000000002,774.5600000000001,746.32,-1.0,-4.666666666666668,3.666666666666668,4.96,4.98,0.12300000000000001,0.12400000000000001,0.396,0.39799999999999996,0.5960000000000001,0.5980000000000001,-0.020000000000000462,3.0,1.0,2.0,-7.625481668194144,0.10967829336312873,1000,2400,1,1,0,0,1400,0.7252842378020511,0.4739593646874797,0.7802273902416409,0.5791674917499837,0,0,0.2513248731145714,0.0,0.0,0.0,0.475,0.325,0.2222222222222222,0.22222222222222215,0.14999999999999997,-0.125,11.225000000000001,14.066666666666666,0.04826496999854482,0
2023-10-20 00:15:00+00:00,New Orleans Saints,Jacksonville Jaguars,24,31,7,-7,55,0,14.2,18.4,0.4,-4.2,25.8,19.6,1,0.8,-6.2,3,-8.600000000000001,18.0,11.0,7.0,0,-0.2666666666666667,0.11904761904761907,18.5,15.0,3.5,16.2,20.2,-4.0,0.3888888888888889,0,1,0,0.5,0,295.0400000000001,202.8,-92.24000000000007,8.166666666666666,14.666666666666668,-6.500000000000002,4.16,4.52,0.08300000000000002,0.101,0.316,0.352,0.516,0.552,-0.35999999999999943,0.0,1.0,-1.0,-11.50669299853071,-1.3251476285925374,1000,500,1,0,0,0,-500,0.6411824976398169,0.5893983073585789,0.7129459981118536,0.6715186458868632,0,0,0.05178419028123804,-0.3333333333333333,1.0,-1.3333333333333333,-0.4,0.275,0.22222222222222224,0.2222222222222224,-0.675,-1.625,6.975000000000001,-7.533333333333333,0.03015720313532394,0
2023-10-22 17:00:00+00:00,Baltimore Ravens,Detroit Lions,38,6,7,32,44,1,13.8,24.8,0.2,-11.0,23.0,18.25,0,0.5,-4.75,3,-6.199999999999999,28.0,6.0,22.0,0,0.125,0.33333333333333337,-7.833333333333334,8.666666666666668,-16.5,16.4,18.6,-2.200000000000003,0.3888888888888889,0,1,0,0.5,0,124.16000000000001,72.96000000000001,-51.2,-7.666666666666668,2.666666666666668,-10.333333333333336,4.46,5.24,0.09800000000000002,0.137,0.346,0.42399999999999993,0.546,0.624,-0.7800000000000002,2.0,2.0,0.0,3.339362347628058,1.6151343941740621,1500,1000,1,1,0,0,-500,0.7128398748084964,0.5009775180415215,0.7702718998467971,0.6007820144332172,1,0,0.21186235676697496,-0.3333333333333333,-1.0,0.6666666666666667,0.0625,0.3125,0.22222222222222257,0.22222222222222238,-0.25,1.625,7.824999999999999,-8.466666666666669,0.046789368248733545,0
2023-10-22 17:00:00+00:00,Tampa Bay Buccaneers,Atlanta Falcons,13,16,7,-3,29,0,21.0,25.8,0.2,-4.8,18.8,25.2,1,0.4,6.4,3,5.199999999999999,6.0,21.0,-15.0,1,-0.32142857142857145,-0.29166666666666663,1.8333333333333333,6.666666666666666,-4.833333333333333,17.6,22.0,-4.399999999999999,0.3888888888888889,0,1,0,0.0,1,157.84000000000003,55.2,-102.64000000000003,-3.333333333333332,5.833333333333334,-9.166666666666666,4.1,3.8,0.08,0.065,0.31,0.27999999999999997,0.51,0.48000000000000004,0.2999999999999998,3.0,1.0,2.0,-18.481732147060793,-3.9427879532508125,500,500,0,0,0,0,0,0.6327892294607904,0.5727998127341235,0.7062313835686324,0.6582398501872988,0,0,0.05998941672666691,1.0,1.0,0.0,-0.375,-0.8,0.22222222222222235,0.22222222222222202,0.42500000000000004,9.25,4.050000000000001,-4.133333333333334,0.05770686498698132,0
2023-10-22 17:00:00+00:00,New York Giants,Washington Commanders,14,7,7,7,21,1,24.4,25.0,0.4,-0.6,22.0,23.0,0,0.4,1.0,3,5.399999999999999,19.0,7.0,12.0,1,0.15000000000000002,0.1785714285714286,2.0,5.666666666666666,-3.666666666666666,25.4,32.0,-6.600000000000001,0.3888888888888889,0,1,0,0.5,0,79.36,238.24,158.88,-2.833333333333334,-1.0,-1.833333333333334,3.7199999999999998,4.5600000000000005,0.061,0.10300000000000001,0.27199999999999996,0.356,0.47200000000000003,0.556,-0.8400000000000007,1.0,3.0,-2.0,-0.4984916673234649,13.97109537787245,1000,1000,1,1,0,0,0,0.5043943099600248,0.5434932229418713,0.6035154479680198,0.6347945783534971,0,0,-0.039098912981846534,0.0,0.0,0.0,-0.75,0.0875,0.22222222222222204,0.22222222222222235,-0.8375,-4.75,10.149999999999999,-1.4666666666666668,0.04044247427963465,0
2023-10-22 17:00:00+00:00,Indianapolis Colts,Cleveland Browns,38,39,7,-1,77,0,17.4,21.8,0.4,-4.4,10.666666666666666,15.333333333333334,1,0.3333333333333333,4.666666666666667,3,9.733333333333333,14.0,33.0,-19.0,0,-0.09999999999999998,-0.2666666666666666,-7.666666666666666,-25.166666666666664,17.5,24.2,15.4,8.799999999999999,0.3888888888888889,0,1,0,0.5,0,100.64000000000001,319.43999999999994,218.79999999999993,-3.833333333333332,-13.333333333333332,9.5,4.68,4.2,0.10900000000000001,0.085,0.368,0.31999999999999995,0.5680000000000001,0.52,0.47999999999999954,1.0,1.0,0.0,21.296425575734286,0.5497796806090476,1000,0,0,0,0,0,-1000,0.8333463546753327,0.5922623392424977,0.8666770837402662,0.6738098713939982,0,1,0.24108401543283497,0.3333333333333333,0.0,0.3333333333333333,0.1875,-0.2,0.22222222222222227,0.2222222222222222,0.3875,2.25,7.4833333333333325,-7.866666666666665,0.03590797142323285,0
2023-10-22 17:00:00+00:00,Chicago Bears,Las Vegas Raiders,30,12,7,18,42,1,19.25,16.5,0.5,2.75,24.2,15.8,0,1.0,-8.4,3,-1.9499999999999993,7.0,20.0,-13.0,0,-0.0333333333333333,-0.09999999999999998,21.666666666666664,17.333333333333336,4.333333333333329,27.6,23.0,4.600000000000001,0.3888888888888889,0,1,0,0.5,0,265.2,137.04000000000002,-128.15999999999997,8.166666666666668,4.0,4.166666666666668,4.46,3.96,0.09800000000000002,0.07300000000000001,0.346,0.296,0.546,0.49600000000000005,0.5,1.0,1.0,0.0,-1.7000283775865992,12.042836190673702,1000,500,0,0,0,0,-500,0.5571752604020412,0.6781401702604066,0.645740208321633,0.7425121362083253,0,0,-0.12096490985836539,-1.0,0.0,-1.0,-0.125,-0.325,0.2222222222222222,0.22222222222222224,0.2,-0.625,1.3249999999999993,11.133333333333336,0.034138550233563006,0
2023-10-22 17:00:00+00:00,New England Patriots,Buffalo Bills,29,25,7,4,54,1,17.2,25.0,0.4,-7.8,26.75,24.5,0,0.75,-2.25,3,-6.550000000000001,14.0,28.0,-14.0,1,-0.13333333333333336,-0.25,-6.666666666666666,-30.0,23.333333333333336,25.4,13.4,11.999999999999998,0.3888888888888889,0,1,0,0.0,1,269.2,230.8,-38.39999999999998,-3.166666666666666,-24.0,20.833333333333336,3.34,5.4399999999999995,0.05,0.147,0.23399999999999999,0.44399999999999995,0.43400000000000005,0.644,-2.0999999999999996,3.0,3.0,0.0,13.256820527401239,-2.859494623927983,3000,0,1,0,1,0,-3000,0.6241675905406773,0.4,0.6993340724325419,0.52,0,1,0.22416759054067725,-0.3333333333333333,0.0,-0.3333333333333333,-0.95,0.45,0.22222222222222207,0.22222222222222224,-1.4,-17.875,11.325,-20.466666666666665,0.03576168348851679,0
2023-10-22 20:05:00+00:00,Los Angeles Rams,Pittsburgh Steelers,17,24,7,-7,41,0,19.4,26.0,0.2,-6.6,19.2,15.6,1,0.8,-3.6,3,3.1999999999999993,6.0,21.0,-15.0,0,-0.13333333333333336,-0.0,5.333333333333333,-3.833333333333333,9.166666666666666,20.8,22.0,-1.1999999999999993,0.3888888888888889,0,1,0,0.5,0,92.16,200.56,108.4,-2.666666666666668,-7.166666666666668,4.5,4.46,3.88,0.09800000000000002,0.069,0.346,0.288,0.546,0.48800000000000004,0.5800000000000001,2.0,2.0,0.0,20.316456412159322,-2.8777767204615343,500,1200,0,1,0,0,700,0.5377111968693163,0.5923102435674892,0.630168957495453,0.6738481948539914,0,1,-0.05459904669817284,-0.3333333333333333,1.0,-1.3333333333333333,-0.2625,-0.2375,0.22222222222222232,0.22222222222222224,-0.025000000000000022,-3.5,6.699999999999999,24.266666666666666,0.040073581714797565,0
2023-10-22 20:05:00+00:00,Seattle Seahawks,Arizona Cardinals,20,10,7,10,30,1,23.0,20.0,0.8,3.0,14.4,27.2,0,0.2,12.8,3,11.6,28.0,6.0,22.0,1,0.43333333333333335,-0.2333333333333334,8.833333333333334,-12.166666666666666,21.0,21.6,28.4,-6.799999999999997,0.3888888888888889,0,1,0,0.5,0,166.16000000000003,132.56,-33.60000000000002,-10.5,-9.5,-1.0,4.78,4.32,0.114,0.091,0.378,0.33199999999999996,0.5780000000000001,0.532,0.45999999999999996,0.0,0.0,0.0,9.22152207282622,-11.278454267335517,3000,1000,1,1,0,0,-2000,0.5462396695390836,0.6660487498151864,0.6369917356312669,0.7328389998521491,0,0,-0.11980908027610271,0.0,-1.0,1.0,0.1125,-0.3875,0.22222222222222243,0.22222222222222254,0.5,15.875,4.275,20.46666666666667,0.03797663365312863,0
2023-10-22 20:25:00+00:00,Denver Broncos,Green Bay Packers,19,17,7,2,36,1,28.4,22.2,0.4,6.2,27.75,20.25,0,0.5,-7.5,3,3.6499999999999986,14.0,12.0,2.0,0,0.2333333333333334,-0.0,5.833333333333332,-15.0,20.833333333333332,36.6,22.6,14.0,0.3888888888888889,0,1,0,0.5,0,350.8,107.6,-243.20000000000002,-13.5,-10.166666666666668,-3.333333333333332,4.5600000000000005,4.5600000000000005,0.10300000000000001,0.10300000000000001,0.356,0.356,0.556,0.556,0.0,2.0,3.0,-1.0,-13.159939415073662,18.940327203921015,0,1200,1,0,0,0,1200,0.5064478244400091,0.5739443258211434,0.6051582595520073,0.6591554606569148,1,1,-0.06749650138113428,0.0,-0.3333333333333333,0.3333333333333333,0.175,0.1125,0.22222222222222235,0.2222222222222225,0.062499999999999986,-3.0,6.649999999999999,9.066666666666666,0.034653086245464204,0
2023-10-22 20:25:00+00:00,Kansas City Chiefs,Los Angeles Chargers,31,17,7,14,48,1,27.2,18.2,0.8,9.0,27.8,22.2,0,0.6,-5.6,3,2.3999999999999986,9.0,28.0,-19.0,1,-1.1102230246251565e-16,0.09999999999999998,-5.0,2.3333333333333335,-7.333333333333334,13.4,24.8,-11.4,0.3888888888888889,0,1,0,0.5,0,96.8,17.040000000000003,-79.75999999999999,-4.0,-8.166666666666668,4.166666666666668,4.84,4.84,0.11699999999999999,0.11699999999999999,0.38399999999999995,0.38399999999999995,0.5840000000000001,0.5840000000000001,0.0,3.0,3.0,0.0,-3.957201441904242,-7.447184484635178,1000,500,1,0,0,0,-500,0.5737151773755016,0.6913360443783564,0.6589721419004013,0.7530688355026851,0,0,-0.11762086700285479,1.0,-0.2,1.2,0.525,0.3125,0.2222222222222223,0.22222222222222238,0.21250000000000002,10.75,8.350000000000001,-5.466666666666667,0.07181789096884758,0
2023-10-23 00:20:00+00:00,Philadelphia Eagles,Miami Dolphins,31,17,7,14,48,1,26.8,28.4,0.4,-1.6,25.2,26.6,0,0.6,1.4,3,4.600000000000001,21.0,21.0,0.0,0,-0.0444444444444444,-0.37142857142857144,-6.166666666666667,8.333333333333334,-14.5,20.8,24.4,-3.599999999999998,0.3888888888888889,0,1,0,0.5,0,44.56,630.8,586.24,-12.5,-1.5,-11.0,4.9,6.04,0.12000000000000001,0.177,0.38999999999999996,0.504,0.5900000000000001,0.7040000000000001,-1.1399999999999997,3.0,3.0,0.0,-7.5489327422539425,14.597726345322616,3000,500,1,0,0,0,-2500,0.6227152931803357,0.21740116438880386,0.6981722345442686,0.3739209315110431,0,0,0.40531412879153184,0.3333333333333333,1.0,-0.6666666666666667,0.125,1.1625,0.2222222222222222,0.2222222222222221,-1.0375,-4.75,9.350000000000001,11.333333333333332,0.042144673091358165,0
2023-10-24 00:15:00+00:00,Minnesota Vikings,San Francisco 49ers,22,17,7,5,39,1,18.8,23.4,0.0,-4.6,18.2,22.8,0,0.4,4.6,3,3.6000000000000014,15.0,8.0,7.0,0,-0.5,-0.375,0.16666666666666663,0.3333333333333339,-0.1666666666666673,23.0,16.0,7.0,0.3888888888888889,0,1,0,0.5,0,39.839999999999996,133.35999999999999,93.51999999999998,-4.833333333333332,-2.166666666666668,-2.6666666666666643,4.54,5.38,0.102,0.14400000000000002,0.354,0.438,0.554,0.638,-0.8399999999999999,2.0,1.0,1.0,12.429689298025673,0.7891919630520926,1000,500,1,0,0,0,-500,0.8100164480803667,0.5400832276378693,0.8480131584642934,0.6320665821102954,0,0,0.26993322044249735,-0.5,0.0,-0.5,-0.175,0.5125,0.22222222222222204,0.22222222222222232,-0.6875,-9.75,13.350000000000001,-1.9999999999999982,0.05411410951961241,0
2023-10-27 00:15:00+00:00,Buffalo Bills,Tampa Bay Buccaneers,24,18,8,6,42,1,28.6,16.6,0.8,12.0,19.0,15.5,0,0.75,-3.5,3,12.600000000000001,10.0,25.0,-15.0,0,0.35,0.375,-18.5,-12.833333333333332,-5.666666666666668,17.2,17.4,-0.1999999999999993,0.4444444444444444,0,1,0,0.5,0,266.64,157.36,-109.27999999999997,-15.5,-11.833333333333332,-3.666666666666668,5.18,3.96,0.134,0.07300000000000001,0.418,0.296,0.6180000000000001,0.49600000000000005,1.2199999999999998,3.0,3.0,0.0,-17.988931468375196,-8.56961753091121,500,500,0,0,0,0,0,0.43833395153347576,0.6227152931803357,0.5506671612267806,0.6981722345442686,1,1,-0.18438134164685993,-0.3333333333333333,-1.0,0.6666666666666667,0.575,-0.425,0.22222222222222238,0.22222222222222235,1.0,11.875,0.7250000000000014,-16.333333333333332,0.0328845076741429,0
2023-10-29 17:00:00+00:00,Pittsburgh Steelers,Jacksonville Jaguars,10,20,8,-10,30,0,18.6,28.0,0.6,-9.4,21.2,17.0,1,0.6,-4.2,3,0.40000000000000213,21.0,9.0,12.0,0,-0.033333333333333326,0.1428571428571429,12.0,11.666666666666666,0.3333333333333339,19.4,21.6,-2.200000000000003,0.4444444444444444,0,1,0,0.5,0,142.96000000000004,178.8,35.839999999999975,2.166666666666668,12.333333333333332,-10.166666666666664,4.22,4.96,0.08600000000000001,0.12300000000000001,0.32199999999999995,0.396,0.522,0.5960000000000001,-0.7400000000000002,2.0,1.0,1.0,-8.883241185809496,-1.314544040623175,1200,1000,1,1,0,0,-200,0.6064980940325702,0.5764731413475646,0.6851984752260561,0.6611785130780516,0,0,0.0300249526850056,1.0,1.0,0.0,-0.275,0.35,0.2222222222222224,0.22222222222222227,-0.625,-0.5,0.9000000000000021,-15.2,0.03669060768049294,0
2023-10-29 17:00:00+00:00,New York Giants,New York Jets,10,13,8,-3,23,0,18.0,21.4,0.4,-3.4,22.0,19.4,1,0.6,-2.6,3,-1.0,7.0,20.0,-13.0,0,0.25,0.02857142857142858,19.0,17.333333333333336,1.6666666666666643,21.2,20.6,0.5999999999999979,0.4444444444444444,0,1,0,0.0,1,104.63999999999999,108.24000000000001,3.6000000000000227,1.166666666666666,12.166666666666666,-11.0,3.38,4.12,0.05,0.081,0.238,0.31199999999999994,0.43800000000000006,0.512,-0.7400000000000002,1.0,1.0,0.0,22.624841289501852,-1.660288115012595,1000,500,1,0,0,0,-500,0.5198063541653222,0.5476191455200607,0.6158450833322577,0.6380953164160486,0,0,-0.027812791354738575,0.0,-0.3333333333333333,0.3333333333333333,-0.8375,-0.3125,0.2222222222222222,0.22222222222222235,-0.525,-8.5,7.5,4.533333333333335,0.05302257411416766,0
2023-10-29 17:00:00+00:00,Miami Dolphins,New England Patriots,31,17,8,14,48,1,23.25,14.5,0.75,8.75,12.0,14.75,0,0.5,2.75,3,14.25,14.0,13.0,1.0,1,0.42500000000000004,5.551115123125783e-17,-8.833333333333334,21.333333333333332,-30.166666666666664,27.2,25.6,1.5999999999999979,0.4444444444444444,0,1,0,0.5,2,751.7600000000001,323.76000000000005,-428.00000000000006,-10.833333333333336,17.0,-27.833333333333336,5.9,3.58,0.17,0.054000000000000006,0.49,0.258,0.6900000000000001,0.4580000000000001,2.3200000000000003,3.0,3.0,0.0,-29.461975898484162,5.222257764333247,500,2500,0,0,0,0,2000,0.17282483717171482,0.5513910388768409,0.3382598697373719,0.6411128311014728,0,0,-0.3785662017051261,0.0,0.3333333333333333,-0.3333333333333333,1.025,-0.85,0.22222222222222235,0.22222222222222227,1.875,19.5,5.25,3.4666666666666672,0.030743552360488372,0
2023-10-29 17:00:00+00:00,Dallas Cowboys,Los Angeles Rams,43,20,8,23,63,1,21.0,18.2,0.8,2.8,28.0,19.0,0,1.0,-9.0,3,-4.0,27.0,28.0,-1.0,0,0.375,0.1666666666666667,-28.833333333333336,7.0,-35.833333333333336,20.0,19.6,0.3999999999999986,0.4444444444444444,0,1,0,0.5,0,552.5600000000001,92.16,-460.4000000000001,-13.0,1.8333333333333321,-14.833333333333332,4.58,4.34,0.10400000000000001,0.092,0.358,0.33399999999999996,0.558,0.534,0.2400000000000002,1.0,2.0,-1.0,-0.6264753742177301,4.060483789586995,2400,0,1,0,0,0,-2400,0.46764820137431673,0.5377111968693163,0.5741185610994535,0.630168957495453,1,0,-0.07006299549499961,1.0,-0.3333333333333333,1.3333333333333333,0.2875,-0.2625,0.22222222222222232,0.22222222222222232,0.55,14.0,18.0,-14.933333333333334,0.033786241335248074,0
2023-10-29 17:00:00+00:00,Tennessee Titans,Atlanta Falcons,28,23,8,5,51,1,31.4,16.4,0.8,15.0,12.6,21.8,0,0.4,9.2,3,21.799999999999997,14.0,7.0,7.0,0,0.5833333333333334,-0.125,-8.5,6.833333333333334,-15.333333333333334,20.2,19.8,0.3999999999999986,0.4444444444444444,0,1,0,0.5,0,249.04000000000002,62.239999999999995,-186.8,-3.0,4.666666666666666,-7.666666666666666,4.08,3.62,0.07900000000000001,0.056,0.308,0.26199999999999996,0.508,0.462,0.45999999999999996,1.0,1.0,0.0,-6.8469348327431465,1.4695180829675285,0,500,0,0,0,0,500,0.6213201385074723,0.5721145743309315,0.6970561108059778,0.6576916594647452,0,0,0.04920556417654076,0.0,1.0,-1.0,-0.3125,-0.7625,0.2222222222222224,0.22222222222222235,0.44999999999999996,9.625,12.174999999999997,-4.199999999999999,0.04302171070493337,0
2023-10-29 17:00:00+00:00,Green Bay Packers,Minnesota Vikings,10,24,8,-14,34,0,12.4,24.4,0.4,-12.0,23.2,19.2,1,0.6,-4.0,3,-7.799999999999999,30.0,14.0,16.0,1,0.09999999999999998,0.35714285714285715,1.666666666666667,6.5,-4.833333333333333,22.4,19.6,2.799999999999997,0.4444444444444444,0,1,0,1.0,1,27.6,35.440000000000005,7.840000000000003,-5.666666666666668,-1.1666666666666679,-4.5,4.14,4.42,0.08199999999999999,0.096,0.31399999999999995,0.34199999999999997,0.514,0.542,-0.28000000000000025,3.0,2.0,1.0,-4.132577789617164,-0.6646809857088541,1200,0,1,0,0,0,-1200,0.643147439409495,0.8267949192431123,0.7145179515275961,0.8614359353944898,1,0,-0.1836474798336173,-0.5,0.0,-0.5,-0.125,-0.1,0.22222222222222224,0.22222222222222227,-0.024999999999999994,3.0,10.799999999999999,-12.8,0.09111850604365929,0
2023-10-29 17:00:00+00:00,Washington Commanders,Philadelphia Eagles,31,38,8,-7,69,0,25.8,26.4,0.4,-0.6,21.2,14.4,1,0.6,-6.8,3,7.600000000000001,23.0,13.0,10.0,1,-0.02857142857142858,-0.0,19.5,-4.666666666666666,24.166666666666664,28.2,18.6,9.599999999999998,0.4444444444444444,0,1,0,0.0,1,210.16000000000003,57.360000000000014,-152.8,-2.5,-4.833333333333332,2.333333333333332,4.0,4.84,0.07500000000000001,0.11699999999999999,0.3,0.38399999999999995,0.5,0.5840000000000001,-0.8399999999999999,3.0,3.0,0.0,-5.92770721625812,16.85652061246097,1000,3000,1,1,0,0,2000,0.49351857141648314,0.6180334602350619,0.5948148571331866,0.6944267681880496,0,0,-0.12451488881857875,-1.0,0.0,-1.0,-0.1875,0.2875,0.2222222222222222,0.22222222222222232,-0.475,-6.875,14.475000000000001,-3.4000000000000004,0.05434969365997284,0
2023-10-29 17:00:00+00:00,Indianapolis Colts,New Orleans Saints,27,38,8,-11,65,0,30.5,14.25,0.75,16.25,18.2,23.0,1,0.4,4.8,3,15.3,7.0,14.0,-7.0,0,-0.16666666666666669,0.3333333333333334,-10.333333333333334,-12.333333333333332,1.9999999999999982,28.0,19.0,9.0,0.4444444444444444,0,1,0,0.5,0,68.96000000000001,308.64,239.67999999999998,6.333333333333332,-1.5,7.833333333333332,4.82,4.24,0.116,0.087,0.38199999999999995,0.32399999999999995,0.5820000000000001,0.524,0.5800000000000001,1.0,0.0,1.0,-9.415315459592264,14.122033663618103,1000,1000,0,1,0,0,0,0.7128398748084964,0.6327892294607904,0.7702718998467971,0.7062313835686324,0,0,0.080050645347706,0.0,-1.0,1.0,0.3625,-0.375,0.22222222222222207,0.2222222222222222,0.7375,2.875,12.425,-16.333333333333336,0.0403334533405957,0
2023-10-29 17:00:00+00:00,Carolina Panthers,Houston Texans,15,13,8,2,28,1,11.75,23.5,0.0,-11.75,20.4,17.0,0,0.6,-3.4,3,-5.649999999999999,28.0,21.0,7.0,0,-0.1428571428571429,0.2666666666666667,-12.5,-8.5,-4.0,32.4,17.6,14.799999999999997,0.4444444444444444,0,1,0,0.5,0,43.6,172.24,128.64000000000001,3.5,-9.5,13.0,4.34,4.82,0.092,0.116,0.33399999999999996,0.38199999999999995,0.534,0.5820000000000001,-0.4800000000000004,1.0,3.0,-2.0,-12.411208807342888,-4.413830076082938,1000,1000,1,0,0,0,0,0.7401923788646684,0.49816742084635446,0.7921539030917347,0.5985339366770835,0,0,0.24202495801831392,-1.0,0.0,-1.0,-0.35,-0.2625,0.22222222222222232,0.22222222222222204,-0.08749999999999997,-7.75,2.1000000000000014,-23.333333333333332,0.05058196752791903,0
2023-10-29 20:05:00+00:00,Seattle Seahawks,Cleveland Browns,24,20,8,4,44,1,23.2,18.8,0.8,4.4,25.0,28.6,0,0.4,3.6,3,1.1999999999999993,7.0,7.0,0.0,0,0.4571428571428571,-0.16666666666666663,-9.333333333333334,3.166666666666667,-12.5,17.6,22.4,-4.799999999999997,0.4444444444444444,0,1,0,0.5,0,64.64,244.24,179.60000000000002,-16.166666666666664,11.666666666666668,-27.833333333333332,4.92,4.5,0.121,0.1,0.39199999999999996,0.35,0.5920000000000001,0.55,0.41999999999999993,0.0,1.0,-1.0,-9.901273751660119,0.3532394296880965,3000,0,1,0,0,0,-3000,0.5438356244729319,0.5012515664184999,0.6350684995783455,0.6010012531347999,1,0,0.042584058054431995,0.0,0.3333333333333333,-0.3333333333333333,0.0625,0.1,0.22222222222222232,0.2222222222222222,-0.037500000000000006,4.5,3.3000000000000007,23.733333333333334,0.04268989012029925,0
2023-10-29 20:25:00+00:00,San Francisco 49ers,Cincinnati Bengals,17,31,8,-14,48,0,26.0,20.0,0.4,6.0,25.8,17.0,1,0.8,-8.8,3,3.1999999999999993,20.0,21.0,-1.0,0,0.4464285714285714,-0.23809523809523803,-26.5,17.0,-43.5,15.8,20.6,-4.800000000000001,0.4444444444444444,0,1,0,0.5,0,193.84,159.76,-34.08000000000001,-18.666666666666664,10.166666666666666,-28.83333333333333,5.12,4.24,0.131,0.087,0.412,0.32399999999999995,0.612,0.524,0.8799999999999999,1.0,3.0,-2.0,-21.549712299799094,-1.4999665982572994,1000,1200,1,1,0,0,200,0.519156015427041,0.5152320142583671,0.6153248123416328,0.6121856114066937,1,0,0.003924001168673974,-1.0,0.3333333333333333,-1.3333333333333333,0.4625,-0.55,0.2222222222222222,0.22222222222222204,1.0125000000000002,16.75,13.55,-5.466666666666665,0.03508202002024752,0
2023-10-29 20:25:00+00:00,Arizona Cardinals,Baltimore Ravens,24,31,8,-7,55,0,20.8,27.2,0.4,-6.4,21.8,17.2,1,0.6,-4.6,3,2.0,21.0,14.0,7.0,0,0.2571428571428571,-0.22499999999999998,-6.5,15.0,-21.5,26.2,12.8,13.399999999999999,0.4444444444444444,0,1,0,0.5,0,125.84,233.2,107.35999999999999,-11.833333333333332,12.0,-23.833333333333332,3.96,4.68,0.07300000000000001,0.10900000000000001,0.296,0.368,0.49600000000000005,0.5680000000000001,-0.7199999999999998,0.0,2.0,-2.0,-0.0892856998307597,9.063775596505334,1000,1000,1,1,0,1,0,0.6660487498151864,0.6213201385074723,0.7328389998521491,0.6970561108059778,1,0,0.044728611307714106,0.0,-1.0,1.0,-0.3875,0.1875,0.22222222222222207,0.22222222222222204,-0.575,-12.25,14.25,-15.066666666666666,0.03582674284093318,0
2023-10-29 20:25:00+00:00,Denver Broncos,Kansas City Chiefs,24,9,8,15,33,1,28.0,16.2,0.8,11.8,14.4,21.0,0,0.4,6.6,3,16.6,7.0,21.0,-14.0,1,0.33333333333333337,-0.017857142857142794,14.5,-1.166666666666666,15.666666666666666,33.0,15.0,18.0,0.4444444444444444,0,1,0,0.0,2,372.55999999999995,92.96,-279.59999999999997,-10.5,-5.333333333333332,-5.166666666666668,4.28,5.12,0.08900000000000001,0.131,0.32799999999999996,0.412,0.528,0.612,-0.8399999999999999,2.0,3.0,-1.0,-22.05818121305306,1.0567126251318375,0,0,0,0,0,0,0,0.5038035293354053,0.6151806430284464,0.6030428234683243,0.6921445144227572,1,0,-0.11137711369304115,1.0,1.0,0.0,0.1625,0.4375,0.22222222222222235,0.2222222222222223,-0.275,-9.75,26.35,-6.799999999999999,0.050129702510443006,0
2023-10-30 00:20:00+00:00,Los Angeles Chargers,Chicago Bears,30,13,8,17,43,1,24.6,21.0,0.4,3.6,18.8,30.6,0,0.2,11.8,3,8.8,13.0,24.0,-11.0,0,-0.02857142857142858,-0.08571428571428574,-11.166666666666666,10.666666666666668,-21.833333333333336,23.8,24.6,-0.8000000000000007,0.4444444444444444,0,1,0,0.5,0,52.55999999999999,345.84000000000003,293.28000000000003,-8.333333333333332,-4.5,-3.833333333333332,4.5,4.72,0.1,0.111,0.35,0.372,0.55,0.5720000000000001,-0.21999999999999975,3.0,1.0,2.0,15.018444550549612,-0.35541986729339364,500,1000,0,0,0,0,500,0.717157287525381,0.5397436176433834,0.7737258300203048,0.6317948941147067,1,0,0.17741366988199758,0.0,-1.0,1.0,0.1,0.0375,0.2222222222222223,0.22222222222222238,0.0625,6.5,2.3000000000000007,-28.0,0.043060865444185435,0
2023-10-31 00:15:00+00:00,Detroit Lions,Las Vegas Raiders,26,14,8,12,40,1,24.2,21.6,0.6,2.6,14.4,27.8,0,0.2,13.4,3,12.799999999999999,22.0,8.0,14.0,0,-0.16666666666666674,-0.16666666666666663,-24.333333333333336,-4.333333333333334,-20.0,18.8,21.4,-2.599999999999998,0.4444444444444444,0,1,0,0.5,0,355.84000000000003,66.64,-289.20000000000005,-19.0,-0.8333333333333321,-18.166666666666668,4.74,4.0,0.112,0.07500000000000001,0.37399999999999994,0.3,0.5740000000000001,0.5,0.7400000000000002,2.0,1.0,1.0,46.02535392923199,1.6207392414977302,2000,500,1,0,0,0,-1500,0.4894855535834466,0.8379814825398035,0.5915884428667573,0.8703851860318428,1,0,-0.34849592895635695,0.0,0.0,0.0,0.3,-0.6,0.2222222222222223,0.2222222222222222,0.8999999999999999,15.0,2.200000000000001,-13.866666666666667,0.03986840848827317,0
2023-11-03 00:15:00+00:00,Pittsburgh Steelers,Tennessee Titans,20,16,9,4,36,1,17.4,19.4,0.6,-2.0,15.0,21.0,0,0.2,6.0,3,5.399999999999999,4.0,25.0,-21.0,0,-0.16666666666666674,-0.6333333333333334,2.5,0.8333333333333335,1.6666666666666665,19.0,20.0,-1.0,0.5,0,1,0,0.5,0,150.8,254.0,103.19999999999999,1.666666666666666,6.666666666666666,-5.0,3.9,4.1,0.07,0.08,0.29,0.31,0.49000000000000005,0.51,-0.19999999999999973,2.0,1.0,1.0,8.690341796618567,3.2369676331320334,1200,0,0,0,0,0,-1200,0.6107398845244995,0.599268247452239,0.6885919076195997,0.6794145979617912,0,0,0.01147163707226051,1.0,0.0,1.0,-0.4875,-0.2625,0.22222222222222215,0.22222222222222213,-0.22499999999999998,0.75,4.649999999999999,11.066666666666666,0.03358546325355582,0
2023-11-05 14:30:00+00:00,Kansas City Chiefs,Miami Dolphins,21,14,9,7,35,1,28.8,17.6,0.8,11.2,23.0,32.2,0,0.4,9.2,3,8.8,13.0,13.0,0.0,0,0.125,-0.45833333333333337,-7.5,-2.6666666666666665,-4.833333333333334,17.8,26.6,-8.8,0.5,0,1,0,0.5,0,104.0,365.84,261.84,-3.0,-7.0,4.0,4.48,5.12,0.099,0.131,0.348,0.412,0.548,0.612,-0.6399999999999997,3.0,3.0,0.0,23.732589759730182,0.2101982310820395,0,500,0,0,0,0,500,0.5458954553189321,0.21600482303779445,0.6367163642551457,0.37280385843023556,0,1,0.3298906322811377,1.0,0.0,1.0,0.1375,1.1875,0.2222222222222224,0.2222222222222222,-1.05,1.875,6.925000000000001,-4.066666666666666,0.03474649764197769,0
2023-11-05 18:00:00+00:00,Houston Texans,Tampa Bay Buccaneers,39,37,9,2,76,1,16.8,22.2,0.4,-5.4,19.0,27.8,0,0.4,8.8,3,0.8000000000000007,21.0,9.0,12.0,0,-0.17142857142857137,0.22499999999999998,-11.5,-0.8333333333333335,-10.666666666666666,14.4,18.8,-4.4,0.5,0,1,0,0.5,0,118.24000000000001,129.2,10.95999999999998,-12.166666666666668,1.166666666666666,-13.333333333333334,4.68,3.7800000000000002,0.10900000000000001,0.064,0.368,0.27799999999999997,0.5680000000000001,0.47800000000000004,0.8999999999999995,3.0,3.0,0.0,-15.391700460080267,-3.1710498178308337,2000,500,1,0,0,0,-1500,0.5794813470248912,0.6334813272151063,0.6635850776199129,0.706785061772085,0,0,-0.053999980190215124,-0.3333333333333333,-1.0,0.6666666666666667,-0.1375,-0.3625,0.2222222222222224,0.2222222222222222,0.22499999999999998,6.125,5.324999999999999,8.866666666666667,0.041270433926121695,0
2023-11-05 18:00:00+00:00,New Orleans Saints,Chicago Bears,24,17,9,7,41,1,17.6,13.6,0.6,4.0,13.8,23.6,0,0.2,9.8,3,6.800000000000001,16.0,6.0,10.0,0,-0.380952380952381,-0.11904761904761907,-1.3333333333333335,-3.1666666666666665,1.833333333333333,20.8,22.4,-1.5999999999999979,0.5,0,1,0,0.5,0,324.96,205.84,-119.11999999999998,12.333333333333332,-5.5,17.833333333333332,4.66,4.78,0.10800000000000001,0.114,0.366,0.378,0.5660000000000001,0.5780000000000001,-0.1200000000000001,0.0,1.0,-1.0,10.282958124966823,14.397943332301969,0,1200,1,0,0,0,1200,0.5270190939371865,0.5139846324446109,0.6216152751497492,0.6111877059556887,0,0,0.013034461492575589,-1.0,-1.0,0.0,-0.0625,-0.0625,0.2222222222222222,0.22222222222222207,0.0,11.0,4.199999999999999,-11.733333333333334,0.02942916281587915,0
2023-11-05 18:00:00+00:00,New England Patriots,Washington Commanders,17,20,9,-3,37,0,23.0,14.4,0.6,8.6,22.4,22.2,1,0.4,-0.2,3,3.6000000000000014,14.0,14.0,0.0,0,0.047619047619047616,0.09999999999999998,19.333333333333332,-2.0,21.333333333333332,29.8,28.4,1.4000000000000021,0.5,0,1,0,0.5,0,246.24,80.56,-165.68,16.333333333333332,-6.0,22.333333333333332,3.62,4.5600000000000005,0.056,0.10300000000000001,0.26199999999999996,0.356,0.462,0.556,-0.9400000000000004,3.0,3.0,0.0,3.7613226703161833,-2.9141811490992717,3000,1000,1,1,0,0,-2000,0.5664463700993844,0.46210043920821053,0.6531570960795074,0.5696803513665685,0,0,0.10434593089117383,0.0,-1.0,1.0,-0.725,-0.0625,0.22222222222222215,0.22222222222222207,-0.6625,-1.125,4.725000000000001,2.333333333333332,0.04003854661027438,0
2023-11-05 18:00:00+00:00,Baltimore Ravens,Seattle Seahawks,37,3,9,34,40,1,17.2,20.2,0.6,-3.0,21.0,18.8,0,0.6,-2.2,3,-0.8000000000000007,14.0,21.0,-7.0,0,0.15555555555555556,-0.475,10.833333333333334,-2.0,12.833333333333334,13.2,15.4,-2.200000000000001,0.5,0,1,0,0.5,0,193.2,67.36,-125.83999999999999,13.833333333333332,-2.666666666666668,16.5,4.92,4.66,0.121,0.10800000000000001,0.39199999999999996,0.366,0.5920000000000001,0.5660000000000001,0.2599999999999998,2.0,0.0,2.0,6.234426028767805,11.696663288811145,3000,500,1,0,1,-1,-2500,0.6129034358199494,0.5434932229418713,0.6903227486559596,0.6347945783534971,0,0,0.06941021287807814,0.0,0.0,0.0,0.325,0.0875,0.22222222222222232,0.2222222222222224,0.23750000000000002,9.875,10.675,8.733333333333334,0.04393125606757051,0
2023-11-05 18:00:00+00:00,Cleveland Browns,Arizona Cardinals,27,0,9,27,27,1,17.6,22.6,0.4,-5.0,19.4,28.4,0,0.2,9.0,3,1.2000000000000028,21.0,13.0,8.0,0,0.23809523809523803,-0.1904761904761904,-1.8333333333333333,8.166666666666668,-10.000000000000002,22.0,29.2,-7.199999999999999,0.5,0,1,0,0.5,0,244.24,19.44,-224.8,13.166666666666668,2.0,11.166666666666668,4.46,3.88,0.09800000000000002,0.069,0.346,0.288,0.546,0.48800000000000004,0.5800000000000001,1.0,0.0,1.0,4.407855896233458,0.30134099960005367,1200,1000,1,1,0,0,-200,0.5064478244400091,0.6522954738574719,0.6051582595520073,0.7218363790859775,0,0,-0.14584764941746275,0.3333333333333333,-1.0,1.3333333333333333,0.125,-0.3125,0.2222222222222223,0.22222222222222207,0.4375,12.5,11.299999999999997,2.400000000000001,0.061253285939456566,0
2023-11-05 18:00:00+00:00,Atlanta Falcons,Minnesota Vikings,28,31,9,-3,59,0,15.2,21.8,0.4,-6.6,18.8,17.2,1,0.6,-1.6,3,-0.6000000000000014,21.0,7.0,14.0,0,0.22499999999999998,0.42857142857142855,6.333333333333333,7.166666666666666,-0.833333333333333,21.4,16.0,5.399999999999999,0.5,0,1,0,0.5,0,48.559999999999995,46.959999999999994,-1.6000000000000014,4.833333333333334,3.0,1.833333333333334,3.96,4.42,0.07300000000000001,0.096,0.296,0.34199999999999997,0.49600000000000005,0.542,-0.45999999999999996,1.0,2.0,-1.0,-0.6821840820752505,9.170312147258848,1000,0,1,1,0,0,-1000,0.6520147273231236,0.8390700851302033,0.7216117818584988,0.8712560681041627,0,0,-0.18705535780707971,0.3333333333333333,0.3333333333333333,0.0,-0.475,-0.0125,0.22222222222222204,0.22222222222222232,-0.46249999999999997,-1.5,0.8999999999999986,-11.466666666666669,0.06320956612625975,0
2023-11-05 18:00:00+00:00,Green Bay Packers,Los Angeles Rams,20,3,9,17,23,1,15.0,25.6,0.2,-10.6,22.8,22.4,0,0.6,-0.4,3,-4.800000000000001,7.0,7.0,0.0,0,0.028571428571428525,0.11904761904761904,-2.333333333333333,-19.666666666666668,17.333333333333336,22.2,24.4,-2.1999999999999993,0.5,0,1,0,0.5,0,39.04,186.56,147.52,-3.5,-4.5,1.0,3.86,4.42,0.068,0.096,0.286,0.34199999999999997,0.48600000000000004,0.542,-0.56,3.0,2.0,1.0,6.247784146546354,7.09402518026008,1200,500,1,0,0,0,-700,0.603580477902513,0.7155734936754312,0.6828643823220104,0.772458794940345,1,0,-0.1119930157729182,-0.3333333333333333,0.0,-0.3333333333333333,-0.2125,-0.0125,0.2222222222222222,0.22222222222222224,-0.19999999999999998,2.625,7.425000000000001,-3.1333333333333346,0.05154604522511176,0
2023-11-05 21:05:00+00:00,Carolina Panthers,Indianapolis Colts,13,27,9,-14,40,0,12.4,21.4,0.2,-9.0,23.8,22.4,1,0.6,-1.4,3,-8.4,7.0,21.0,-14.0,0,0.057142857142857106,0.2142857142857143,2.5,-0.666666666666667,3.166666666666667,31.0,31.8,-0.8000000000000007,0.5,0,1,0,0.5,0,65.6,67.84,2.240000000000009,-3.333333333333332,10.5,-13.833333333333332,4.3,4.92,0.09000000000000001,0.121,0.32999999999999996,0.39199999999999996,0.53,0.5920000000000001,-0.6200000000000001,1.0,1.0,0.0,22.679777225020366,1.904653517952157,1000,1000,1,0,0,0,0,0.7342463546816338,0.7128398748084964,0.787397083745307,0.7702718998467971,0,0,0.021406479873137374,1.0,-0.3333333333333333,1.3333333333333333,-0.4,0.3625,0.22222222222222224,0.22222222222222224,-0.7625,-4.125,4.275,7.133333333333333,0.054540908702467736,0
2023-11-05 21:25:00+00:00,Las Vegas Raiders,New York Giants,30,6,9,24,36,1,20.6,18.2,0.6,2.4,16.8,24.8,0,0.2,8.0,3,6.800000000000001,21.0,20.0,1.0,0,0.2142857142857143,-0.17857142857142855,-15.333333333333334,15.666666666666666,-31.0,22.0,17.8,4.199999999999999,0.5,0,1,0,0.5,0,76.16,95.03999999999999,18.879999999999995,-5.333333333333332,2.666666666666666,-7.999999999999998,3.92,3.34,0.07100000000000001,0.05,0.292,0.23399999999999999,0.49200000000000005,0.43400000000000005,0.5800000000000001,1.0,1.0,0.0,7.687844452780181,0.42077032910716294,1000,500,1,0,0,1,-500,0.8346405430584631,0.560229107943693,0.8677124344467705,0.6481832863549544,0,0,0.2744114351147702,0.3333333333333333,-0.3333333333333333,0.6666666666666666,-0.625,-1.0125,0.22222222222222232,0.2222222222222225,0.38749999999999996,6.875,0.07499999999999929,-19.53333333333333,0.04896004579140852,0
2023-11-05 21:25:00+00:00,Philadelphia Eagles,Dallas Cowboys,28,23,9,5,51,1,26.0,24.2,0.6,1.8,20.0,21.8,0,0.4,1.8,3,9.0,13.0,19.0,-6.0,1,-0.06666666666666676,-0.42500000000000004,8.5,16.0,-7.5,22.6,22.0,0.6000000000000014,0.5,0,1,0,0.5,0,45.04,574.64,529.6,10.833333333333332,10.166666666666668,0.6666666666666643,5.1,4.84,0.13,0.11699999999999999,0.41,0.38399999999999995,0.6100000000000001,0.5840000000000001,0.2599999999999998,3.0,1.0,2.0,-12.646431232036264,-3.6314979131727174,1000,2400,1,1,0,0,1400,0.6377155813452641,0.4376389060399004,0.7101724650762112,0.5501111248319204,0,0,0.20007667530536366,0.3333333333333333,1.0,-0.6666666666666667,0.6,0.65,0.22222222222222218,0.22222222222222224,-0.050000000000000044,-2.0,11.0,19.200000000000003,0.04243179281346748,0
2023-11-06 01:20:00+00:00,Cincinnati Bengals,Buffalo Bills,24,18,9,6,42,1,20.6,21.8,0.6,-1.2,23.4,20.4,0,0.4,-3.0,3,0.20000000000000284,21.0,14.0,7.0,0,0.16666666666666663,-0.37777777777777777,11.333333333333334,-8.333333333333334,19.666666666666668,18.6,20.2,-1.5999999999999979,0.5,0,1,0,1.0,1,193.76,141.2,-52.56,5.333333333333332,-2.833333333333332,8.166666666666664,4.38,4.92,0.09400000000000001,0.121,0.33799999999999997,0.39199999999999996,0.538,0.5920000000000001,-0.54,3.0,3.0,0.0,-15.61834852036629,-1.3810103172576493,2400,500,1,0,0,0,-1900,0.4668782971965969,0.43833395153347576,0.5735026377572776,0.5506671612267806,0,0,0.02854434566312114,1.0,0.0,1.0,-0.325,0.575,0.2222222222222222,0.22222222222222227,-0.8999999999999999,-9.625,9.825000000000003,33.53333333333333,0.04339448270636174,0
2023-11-07 01:15:00+00:00,New York Jets,Los Angeles Chargers,6,27,9,-21,33,0,15.6,16.2,0.4,-0.6,25.2,22.2,1,0.6,-3.0,3,-6.6,22.0,15.0,7.0,0,-0.09999999999999998,-0.0714285714285714,3.8333333333333335,-1.1666666666666665,5.0,16.6,21.0,-4.399999999999999,0.5,0,1,0,0.5,0,30.959999999999997,106.96,76.0,-3.833333333333332,0.5,-4.333333333333332,4.18,4.62,0.084,0.106,0.318,0.362,0.518,0.562,-0.4400000000000004,1.0,3.0,-2.0,-6.32621308660278,-6.14971771570824,1000,500,1,0,0,-1,-500,0.5978573014463647,0.7216819490223461,0.6782858411570918,0.7773455592178768,0,0,-0.12382464757598133,0.0,0.3333333333333333,-0.3333333333333333,-0.225,0.2625,0.2222222222222224,0.22222222222222232,-0.48750000000000004,1.5,8.1,12.533333333333333,0.060127222525058366,0
2023-11-10 01:15:00+00:00,Chicago Bears,Carolina Panthers,16,13,10,3,29,1,22.4,24.8,0.2,-2.4,20.2,33.2,0,0.0,13.0,3,5.199999999999999,18.0,25.0,-7.0,0,0.1428571428571428,-0.023809523809523753,-22.666666666666664,9.666666666666666,-32.33333333333333,21.0,29.0,-8.0,0.5555555555555556,0,1,0,0.5,0,217.04000000000002,66.56,-150.48000000000002,-12.666666666666668,-5.333333333333332,-7.333333333333336,4.5600000000000005,4.02,0.10300000000000001,0.076,0.356,0.302,0.556,0.502,0.5400000000000009,1.0,1.0,0.0,-10.677261200425935,0.5622217159438858,1200,500,1,0,0,0,-700,0.5088279323902876,0.721611781858499,0.60706234591223,0.7772894254867991,1,0,-0.21278384946821138,-1.0,1.0,-2.0,-0.1,-0.45,0.22222222222222252,0.22222222222222235,0.35,9.25,4.050000000000001,4.4,0.04318814838286749,0
2023-11-12 14:30:00+00:00,New England Patriots,Indianapolis Colts,6,10,10,-4,16,0,16.6,25.6,0.2,-9.0,25.4,20.4,1,0.8,-5.0,3,-5.799999999999997,6.0,6.0,0.0,0,0.0,0.2857142857142857,2.833333333333334,5.166666666666666,-2.333333333333332,26.2,28.6,-2.400000000000002,0.5555555555555556,0,1,0,0.5,0,174.56,128.64000000000001,-45.91999999999999,1.666666666666666,0.0,1.666666666666666,3.9,5.0,0.07,0.125,0.29,0.39999999999999997,0.49000000000000005,0.6000000000000001,-1.1,3.0,1.0,2.0,-7.937582172935018,5.317404371298492,500,1000,0,0,0,0,500,0.5750459583672607,0.7262100485773811,0.6600367666938085,0.7809680388619049,0,0,-0.15116409021012045,-0.3333333333333333,0.0,-0.3333333333333333,-0.7625,0.4375,0.22222222222222227,0.22222222222222235,-1.2,-8.0,2.200000000000003,9.600000000000001,0.03784673126515942,0
2023-11-12 18:00:00+00:00,Jacksonville Jaguars,San Francisco 49ers,3,34,10,-31,37,0,20.6,22.0,0.6,-1.4,19.0,18.2,1,0.4,-0.8,3,4.600000000000001,28.0,19.0,9.0,0,-0.1607142857142857,-0.3492063492063492,-4.166666666666666,-25.833333333333332,21.666666666666664,16.2,19.6,-3.400000000000002,0.5555555555555556,0,1,0,0.5,0,22.8,286.0,263.2,-2.833333333333332,-14.333333333333332,11.5,5.02,4.86,0.126,0.11800000000000002,0.40199999999999997,0.386,0.6020000000000001,0.5860000000000001,0.15999999999999925,1.0,1.0,0.0,9.213494797914542,-2.5281443014198466,1000,1000,1,1,0,-1,0,0.5820903955398966,0.5614298801787792,0.6656723164319174,0.6491439041430234,0,1,0.02066051536111746,1.0,-1.0,2.0,0.2125,0.525,0.22222222222222224,0.2222222222222225,-0.3125,-2.125,6.725000000000001,37.53333333333333,0.057248020307862225,0
2023-11-12 18:00:00+00:00,Baltimore Ravens,Cleveland Browns,31,33,10,-2,64,0,16.0,19.6,0.6,-3.6,25.6,20.0,1,0.4,-5.6,3,-6.600000000000001,7.0,13.0,-6.0,1,0.2222222222222222,-0.2857142857142857,9.5,18.833333333333332,-9.333333333333332,13.2,21.4,-8.2,0.5555555555555556,0,1,0,1.0,1,249.35999999999999,274.96,25.599999999999994,10.0,3.166666666666668,6.833333333333332,5.1,4.46,0.13,0.09800000000000002,0.41,0.346,0.6100000000000001,0.546,0.6399999999999997,2.0,1.0,1.0,-23.245454872736612,-3.650866713475778,2500,1200,0,1,0,0,-1300,0.5671677576704803,0.527680259252273,0.6537342061363842,0.6221442074018184,0,0,0.03948749841820731,0.0,0.3333333333333333,-0.3333333333333333,0.475,0.0625,0.22222222222222204,0.2222222222222222,0.4125,10.125,16.725,14.733333333333333,0.03492955375352092,0
2023-11-12 18:00:00+00:00,Tampa Bay Buccaneers,Tennessee Titans,20,6,10,14,26,1,20.0,22.0,0.2,-2.0,24.4,16.4,0,0.6,-8.0,3,-1.3999999999999986,21.0,9.0,12.0,0,-0.125,-0.6571428571428571,-4.0,-2.5,-1.5,21.6,18.6,3.0,0.5555555555555556,0,1,0,0.5,0,104.23999999999998,142.0,37.76000000000002,12.5,2.333333333333332,10.166666666666668,4.3,4.36,0.09000000000000001,0.09300000000000001,0.32999999999999996,0.33599999999999997,0.53,0.536,-0.0600000000000005,3.0,1.0,2.0,18.94396776878345,-15.265847017944788,1000,0,1,0,0,0,-1000,0.5311250166622237,0.6023506569853283,0.624900013329779,0.6818805255882627,0,0,-0.07122564032310463,-1.0,-0.3333333333333333,-0.6666666666666667,-0.225,-0.35,0.2222222222222222,0.22222222222222232,0.12499999999999997,3.375,4.774999999999999,-2.733333333333333,0.04165719129212654,0
2023-11-12 18:00:00+00:00,Minnesota Vikings,New Orleans Saints,27,19,10,8,46,1,27.8,11.8,0.8,16.0,26.2,27.8,0,0.4,1.6,3,4.600000000000001,19.0,14.0,5.0,0,-0.48214285714285715,0.28571428571428575,7.166666666666667,2.333333333333333,4.833333333333334,19.0,19.0,0.0,0.5555555555555556,0,1,0,0.5,0,45.36,227.03999999999996,181.67999999999995,7.166666666666668,7.333333333333332,-0.1666666666666643,4.62,4.96,0.106,0.12300000000000001,0.362,0.396,0.562,0.5960000000000001,-0.33999999999999986,2.0,0.0,2.0,-8.19499717986972,8.724793477322393,1000,0,1,0,0,0,-1000,0.808073093340199,0.5370357060204318,0.8464584746721591,0.6296285648163454,0,0,0.2710373873197671,0.5,-0.3333333333333333,0.8333333333333333,0.1625,0.0375,0.22222222222222224,0.2222222222222222,0.125,2.5,2.1000000000000014,6.666666666666666,0.04787971371307967,0
2023-11-12 18:00:00+00:00,Cincinnati Bengals,Houston Texans,27,30,10,-3,57,0,23.4,19.8,0.6,3.6,20.2,21.0,1,0.4,0.8,3,6.199999999999999,6.0,14.0,-8.0,0,0.2142857142857143,0.0714285714285714,12.0,-9.666666666666666,21.666666666666664,19.0,18.4,0.6000000000000014,0.5555555555555556,0,1,0,0.5,0,196.16,93.75999999999998,-102.40000000000002,9.5,3.0,6.5,4.48,4.72,0.099,0.111,0.348,0.372,0.548,0.5720000000000001,-0.23999999999999932,3.0,3.0,0.0,-3.9916895024609484,0.3826420206185604,1200,1000,0,0,0,0,-200,0.4597815835238491,0.49074963181162057,0.5678252668190793,0.5925997054492964,0,0,-0.030968048287771444,1.0,0.0,1.0,-0.2625,0.1375,0.22222222222222257,0.22222222222222232,-0.4,-0.625,6.824999999999999,14.866666666666665,0.040062042683617,0
2023-11-12 18:00:00+00:00,Pittsburgh Steelers,Green Bay Packers,23,19,10,4,42,1,16.6,19.6,0.4,-3.0,14.8,20.4,0,0.2,5.6,3,4.800000000000001,9.0,20.0,-11.0,0,-0.11904761904761907,-0.09999999999999998,0.3333333333333335,8.166666666666668,-7.833333333333334,18.6,19.4,-0.7999999999999972,0.5555555555555556,0,1,0,0.5,0,147.76000000000002,128.64,-19.120000000000033,-0.6666666666666661,-1.6666666666666679,1.0000000000000018,3.84,3.9,0.067,0.07,0.284,0.29,0.48400000000000004,0.49000000000000005,-0.06000000000000005,2.0,3.0,-1.0,-8.818163074019438,-1.414213562373094,1200,0,0,0,0,0,-1200,0.6275608271140105,0.6039255120561285,0.7020486616912084,0.6831404096449027,0,0,0.023635315057881967,1.0,-1.0,2.0,-0.5375,-0.2,0.2222222222222224,0.22222222222222224,-0.33749999999999997,-0.875,5.675000000000001,6.2,0.03925933771573756,0
2023-11-12 21:05:00+00:00,Arizona Cardinals,Atlanta Falcons,25,23,10,2,48,1,22.0,30.0,0.2,-8.0,14.2,17.4,0,0.4,3.2,3,10.8,14.0,14.0,0.0,0,0.20833333333333331,-0.15555555555555556,-3.333333333333334,-3.0,-0.3333333333333339,27.6,23.0,4.600000000000001,0.5555555555555556,0,1,0,0.0,1,47.6,17.360000000000003,-30.24,-1.0,7.833333333333332,-8.833333333333332,3.56,4.38,0.053000000000000005,0.09400000000000001,0.256,0.33799999999999997,0.45600000000000007,0.538,-0.8199999999999998,0.0,1.0,-1.0,16.990551442883643,-3.8001528478108146,1000,1000,1,1,0,1,0,0.531333340742058,0.6227152931803357,0.6250666725936463,0.6981722345442686,0,0,-0.09138195243827774,-1.0,0.0,-1.0,-0.5125,-0.425,0.2222222222222222,0.22222222222222204,-0.08749999999999997,-2.625,13.425,-11.8,0.09604418195439446,0
2023-11-12 21:05:00+00:00,Los Angeles Chargers,Detroit Lions,38,41,10,-3,79,0,24.4,21.6,0.4,2.8,21.4,20.2,1,0.8,-1.2,3,6.0,13.0,21.0,-8.0,0,0.0,0.11904761904761907,22.333333333333332,-25.333333333333336,47.66666666666667,17.4,20.4,-3.0,0.5555555555555556,0,1,0,0.5,0,165.44,349.76000000000005,184.32000000000005,9.166666666666668,-16.0,25.166666666666668,4.6,4.86,0.10500000000000001,0.11800000000000002,0.36,0.386,0.56,0.5860000000000001,-0.2600000000000007,3.0,2.0,1.0,-19.420413415255723,2.442855456336999,3000,2000,1,1,1,0,-1000,0.7211211060334612,0.4894855535834466,0.776896884826769,0.5915884428667573,0,1,0.23163555245001466,0.0,0.0,0.0,0.3125,0.3,0.2222222222222222,0.2222222222222222,0.012500000000000011,2.0,4.0,17.6,0.0307236124694099,0
2023-11-12 21:25:00+00:00,Dallas Cowboys,New York Giants,49,17,10,32,66,1,33.0,15.4,0.8,17.6,14.8,26.6,0,0.2,11.8,3,21.2,14.0,7.0,7.0,1,0.4666666666666667,-0.20634920634920634,7.0,-9.166666666666668,16.166666666666668,22.0,19.0,3.0,0.5555555555555556,0,1,0,1.0,1,539.3599999999999,112.8,-426.5599999999999,10.333333333333332,-5.0,15.333333333333332,4.98,3.4,0.12400000000000001,0.05,0.39799999999999996,0.24,0.5980000000000001,0.44000000000000006,1.5800000000000005,1.0,1.0,0.0,12.033136785169757,1.2975434903672958,2200,2500,1,0,0,0,300,0.4332107975622683,0.6016145867379178,0.5465686380498147,0.6812916693903343,0,0,-0.16840378917564947,0.0,-0.3333333333333333,0.3333333333333333,0.55,-0.9375,0.2222222222222223,0.22222222222222232,1.4875,21.5,0.3000000000000007,-7.733333333333332,0.03820027230184266,0
2023-11-12 21:25:00+00:00,Seattle Seahawks,Washington Commanders,29,26,10,3,55,1,23.2,20.2,0.8,3.0,23.4,22.8,0,0.6,-0.6,3,2.8000000000000007,14.0,7.0,7.0,0,0.5416666666666666,0.16666666666666674,-24.0,4.333333333333333,-28.333333333333332,17.4,25.0,-7.600000000000001,0.5555555555555556,0,1,0,0.5,0,345.43999999999994,93.03999999999999,-252.39999999999995,-5.5,8.5,-14.0,3.98,4.34,0.07400000000000001,0.092,0.298,0.33399999999999996,0.49800000000000005,0.534,-0.3599999999999999,0.0,3.0,-3.0,41.10712223171658,-0.6037398667582663,2500,1000,0,1,1,1,-1500,0.446072263286988,0.46210043920821053,0.5568578106295904,0.5696803513665685,1,0,-0.01602817592122252,0.0,-0.3333333333333333,0.3333333333333333,-0.0625,-0.0625,0.22222222222222238,0.2222222222222222,0.0,9.75,6.949999999999999,-15.600000000000001,0.03624781490438769,0
2023-11-13 01:20:00+00:00,Las Vegas Raiders,New York Jets,16,12,10,4,28,1,24.0,13.2,0.8,10.8,22.6,17.0,0,0.8,-5.6,3,4.399999999999999,7.0,14.0,-7.0,0,0.2857142857142857,0.16666666666666669,9.333333333333334,-13.333333333333332,22.666666666666664,18.4,19.0,-0.6000000000000014,0.5555555555555556,0,1,0,0.5,0,215.04000000000002,118.0,-97.04000000000002,5.333333333333332,-14.166666666666668,19.5,4.18,4.1,0.084,0.08,0.318,0.31,0.518,0.51,0.08000000000000007,1.0,1.0,0.0,28.854107331851974,-1.8974957396437213,1000,500,1,0,0,1,-500,0.7106715750224324,0.6159427126065696,0.7685372600179459,0.6927541700852557,0,1,0.09472886241586276,1.0,0.3333333333333333,0.6666666666666667,-0.4625,-0.55,0.2222222222222224,0.22222222222222227,0.08750000000000002,1.25,3.1499999999999986,6.0,0.03703423392112945,0
2023-11-14 01:15:00+00:00,Buffalo Bills,Denver Broncos,22,24,10,-2,46,0,28.8,16.4,0.8,12.4,19.2,31.2,1,0.2,12.0,3,12.600000000000001,18.0,32.0,-14.0,0,0.4444444444444444,-0.40476190476190477,1.3333333333333333,14.5,-13.166666666666666,21.0,20.8,0.1999999999999993,0.5555555555555556,0,1,0,0.5,0,26.959999999999997,91.76000000000002,64.80000000000003,1.3333333333333321,1.5,-0.16666666666666785,4.32,4.36,0.091,0.09300000000000001,0.33199999999999996,0.33599999999999997,0.532,0.536,-0.040000000000000036,3.0,2.0,1.0,-4.495896461313488,-4.546087879611308,1000,0,1,0,0,0,-1000,0.4505684756041022,0.625,0.5604547804832818,0.7,1,0,-0.17443152439589782,-0.2,1.0,-1.2,0.6,-0.05,0.22222222222222232,0.22222222222222246,0.65,20.5,7.899999999999999,-33.33333333333333,0.06400410948855637,0
2023-11-17 01:15:00+00:00,Baltimore Ravens,Cincinnati Bengals,34,20,11,14,54,1,30.0,14.6,0.6,15.4,18.0,21.8,0,0.4,3.8,3,15.0,4.0,18.0,-14.0,1,0.12698412698412698,-0.125,0.3333333333333339,-9.166666666666666,9.5,16.4,19.6,-3.200000000000003,0.6111111111111112,0,1,0,0.3333333333333333,3,209.76000000000005,41.6,-168.16000000000005,3.0,-1.8333333333333321,4.833333333333332,5.5200000000000005,4.96,0.15100000000000002,0.12300000000000001,0.452,0.396,0.6520000000000001,0.5960000000000001,0.5600000000000005,2.0,3.0,-1.0,23.972720378505237,-4.375920206539392,2500,1200,0,0,0,0,-1300,0.5614298801787792,0.5486565193779798,0.6491439041430234,0.6389252155023838,0,0,0.012773360800799383,0.0,0.3333333333333333,-0.3333333333333333,0.525,0.0375,0.22222222222222254,0.22222222222222232,0.48750000000000004,13.375,1.625,-4.866666666666667,0.07952730228176173,0
2023-11-19 18:00:00+00:00,Jacksonville Jaguars,Tennessee Titans,34,14,11,20,48,1,20.0,10.2,0.8,9.8,20.8,16.4,0,0.8,-4.4,3,2.1999999999999993,7.0,7.0,0.0,1,-0.25,-0.675,-20.166666666666664,-5.666666666666666,-14.499999999999998,21.6,22.0,-0.3999999999999986,0.6111111111111112,0,1,0,1.0,1,282.24,38.64,-243.60000000000002,-19.5,-9.0,-10.5,4.62,3.94,0.106,0.072,0.362,0.294,0.562,0.49400000000000005,0.6800000000000002,1.0,1.0,0.0,40.28654564597871,-1.2466915875519944,1000,1000,1,1,0,0,0,0.4816266427564009,0.5528300798354164,0.5853013142051207,0.6422640638683332,1,1,-0.07120343707901555,1.0,-0.3333333333333333,1.3333333333333333,-0.1375,-0.4625,0.22222222222222224,0.22222222222222232,0.325,5.625,3.4250000000000007,-4.733333333333334,0.058427589123866,0
2023-11-19 18:00:00+00:00,Carolina Panthers,Dallas Cowboys,10,33,11,-23,43,0,25.2,21.2,0.6,4.0,19.4,28.4,1,0.2,9.0,3,8.8,13.0,13.0,0.0,0,0.04166666666666666,-0.5,3.833333333333334,15.5,-11.666666666666666,28.0,24.8,3.1999999999999993,0.6111111111111112,0,1,0,0.5,0,78.16000000000001,504.5600000000001,426.4000000000001,-7.0,11.666666666666668,-18.666666666666668,4.02,5.2,0.076,0.135,0.302,0.42,0.502,0.6200000000000001,-1.1800000000000006,1.0,1.0,0.0,14.893287935879753,0.8185196753766627,500,1000,0,0,0,0,500,0.7432930902760894,0.3567963483468086,0.7946344722208715,0.4854370786774469,0,0,0.38649674192928074,0.0,0.0,0.0,-0.4125,0.6625,0.22222222222222238,0.2222222222222224,-1.075,-14.375,23.175,-6.866666666666667,0.03605974188095517,0
2023-11-19 18:00:00+00:00,Washington Commanders,New York Giants,19,31,11,-12,50,0,17.4,18.6,0.6,-1.2,23.8,20.0,1,0.6,-3.8,3,-3.400000000000002,21.0,6.0,15.0,1,-0.0714285714285714,-0.2285714285714286,2.0,-27.666666666666668,29.666666666666668,22.8,22.6,0.1999999999999993,0.6111111111111112,0,1,0,0.0,1,34.56,206.64000000000001,172.08,2.333333333333332,0.5,1.8333333333333321,4.46,3.42,0.09800000000000002,0.05,0.346,0.24199999999999997,0.546,0.44200000000000006,1.04,3.0,1.0,2.0,7.7807035489896474,-0.7075678644058724,3000,3000,1,1,1,0,0,0.5153932006254969,0.7730122525333141,0.6123145605003975,0.8184098020266513,0,0,-0.2576190519078172,-0.5,-0.3333333333333333,-0.16666666666666669,-0.175,-1.1125,0.22222222222222232,0.2222222222222222,0.9375,9.0,12.400000000000002,18.133333333333333,0.0631246367395555,0
2023-11-19 18:00:00+00:00,Houston Texans,Arizona Cardinals,21,16,11,5,37,1,35.4,18.6,0.8,16.8,14.0,26.8,0,0.2,12.8,3,24.4,14.0,14.0,0.0,0,-0.125,-0.30357142857142855,1.5,-1.166666666666666,2.666666666666666,22.6,25.4,-2.799999999999997,0.6111111111111112,0,1,0,0.5,0,11.440000000000001,94.96000000000001,83.52000000000001,17.166666666666668,-1.833333333333334,19.0,4.72,3.66,0.111,0.058,0.372,0.26599999999999996,0.5720000000000001,0.466,1.0599999999999996,3.0,0.0,3.0,7.2954386809857645,1.3177915055033027,1000,500,1,0,0,0,-500,0.5626786078866025,0.5513910388768409,0.650142886309282,0.6411128311014728,0,0,0.011287569009761578,0.2,0.0,0.2,0.4,-0.55,0.2222222222222222,0.22222222222222207,0.9500000000000001,18.125,6.274999999999999,-5.533333333333333,0.08031477308849999,0
2023-11-19 18:00:00+00:00,Green Bay Packers,Los Angeles Chargers,23,20,11,3,43,1,19.0,30.0,0.4,-11.0,12.0,30.8,0,0.0,18.8,3,10.0,14.0,12.0,2.0,0,0.16666666666666663,0.07142857142857145,13.166666666666668,9.0,4.166666666666668,17.2,22.2,-5.0,0.6111111111111112,0,1,0,0.5,0,102.23999999999998,175.84,73.60000000000002,6.166666666666666,11.166666666666668,-5.000000000000002,3.88,4.88,0.069,0.11900000000000001,0.288,0.388,0.48800000000000004,0.5880000000000001,-1.0,3.0,3.0,0.0,-4.679530725954367,5.361155862764018,0,2500,0,0,0,0,2500,0.7954616478505804,0.6769892610144362,0.8363693182804643,0.741591408811549,0,0,0.11847238683614414,-1.0,-1.0,0.0,-0.4375,0.3625,0.22222222222222232,0.22222222222222224,-0.8,-2.875,12.875,-9.8,0.04003043805272165,0
2023-11-19 18:00:00+00:00,Detroit Lions,Chicago Bears,31,26,11,5,57,1,15.0,21.4,0.2,-6.4,21.8,23.0,0,0.4,1.2,3,-3.8000000000000007,19.0,14.0,5.0,1,-0.1428571428571429,-0.2321428571428571,7.5,-0.33333333333333326,7.833333333333333,24.0,19.6,4.399999999999999,0.6111111111111112,0,1,0,1.0,1,330.4,138.16,-192.23999999999998,10.833333333333332,-2.166666666666668,13.0,5.0,4.08,0.125,0.07900000000000001,0.39999999999999997,0.308,0.6000000000000001,0.508,0.9199999999999999,2.0,1.0,1.0,-1.04012371462535,19.771649973087076,2200,1200,1,1,0,0,-1000,0.434314575050762,0.5060127152446128,0.5474516600406096,0.6048101721956902,0,0,-0.07169814019385079,1.0,-0.3333333333333333,1.3333333333333333,0.55,-0.1125,0.2222222222222221,0.22222222222222215,0.6625000000000001,10.5,14.3,-9.866666666666669,0.039165573573681896,0
2023-11-19 18:00:00+00:00,Cleveland Browns,Pittsburgh Steelers,13,10,11,3,23,1,17.8,23.0,0.4,-5.2,11.2,21.2,0,0.0,10.0,3,9.600000000000001,14.0,27.0,-13.0,1,0.2142857142857143,0.08333333333333337,14.833333333333334,2.666666666666667,12.166666666666668,22.0,16.4,5.600000000000001,0.6111111111111112,0,1,0,0.0,2,119.43999999999998,40.24,-79.19999999999999,4.0,4.5,-0.5,5.0600000000000005,4.18,0.128,0.084,0.40599999999999997,0.318,0.6060000000000001,0.518,0.8800000000000008,1.0,2.0,-1.0,-10.20173562217001,-4.364010803761536,2200,0,1,0,0,0,-2200,0.4970400115317323,0.6646480393675922,0.5976320092253857,0.7317184314940738,0,0,-0.16760802783585993,0.5,1.0,-0.5,0.175,-0.3375,0.22222222222222232,0.2222222222222224,0.5125,6.25,3.3500000000000014,9.200000000000001,0.07700179843145373,0
2023-11-19 18:00:00+00:00,Miami Dolphins,Las Vegas Raiders,20,13,11,7,33,1,22.4,23.0,0.6,-0.6,10.2,25.6,0,0.0,15.4,3,15.2,21.0,19.0,2.0,0,0.5,-0.3392857142857143,-3.833333333333333,22.666666666666664,-26.499999999999996,21.2,18.2,3.0,0.6111111111111112,0,1,0,0.5,0,187.76000000000002,215.04000000000002,27.28,-7.5,7.333333333333334,-14.833333333333334,5.0,4.16,0.125,0.08300000000000002,0.39999999999999997,0.316,0.6000000000000001,0.516,0.8399999999999999,3.0,1.0,2.0,17.507957513249654,-5.133363781600254,1000,500,1,0,0,-1,-500,0.1527848930171276,0.7432930902760894,0.322227914413702,0.7946344722208715,1,0,-0.5905081972589618,-1.0,1.0,-2.0,0.9125,-0.3875,0.22222222222222238,0.2222222222222224,1.3,11.0,4.199999999999999,-25.06666666666667,0.032963764493624384,0
2023-11-19 21:05:00+00:00,San Francisco 49ers,Tampa Bay Buccaneers,27,14,11,13,41,1,27.2,18.4,0.6,8.8,22.8,19.0,0,0.6,-3.8,3,7.399999999999999,21.0,14.0,7.0,0,0.2777777777777778,0.05555555555555558,0.16666666666666607,13.666666666666668,-13.500000000000002,17.0,21.0,-4.0,0.6111111111111112,0,1,0,0.5,0,371.44,83.35999999999999,-288.08000000000004,0.16666666666666785,16.166666666666664,-15.999999999999996,4.84,4.18,0.11699999999999999,0.084,0.38399999999999995,0.318,0.5840000000000001,0.518,0.6600000000000001,1.0,3.0,-2.0,27.55502088214664,-4.6304237586275745,3000,1000,1,1,1,1,-2000,0.5487863588054989,0.5311250166622237,0.6390290870443991,0.624900013329779,0,0,0.017661342143275194,-1.0,-1.0,0.0,0.575,-0.225,0.2222222222222223,0.22222222222222204,0.7999999999999999,13.5,6.100000000000001,-13.600000000000001,0.03701056445261468,0
2023-11-19 21:25:00+00:00,Los Angeles Rams,Seattle Seahawks,17,16,11,1,33,1,25.6,19.2,0.6,6.4,19.6,20.2,0,0.6,0.6,3,9.0,28.0,14.0,14.0,1,-0.08333333333333334,-0.5555555555555555,-20.333333333333332,-18.833333333333332,-1.5,23.8,22.0,1.8000000000000007,0.6111111111111112,0,1,0,0.5,2,186.56,241.76,55.19999999999999,-7.5,-3.0,-4.5,3.9,4.08,0.07,0.07900000000000001,0.29,0.308,0.49000000000000005,0.508,-0.18000000000000016,2.0,0.0,2.0,-7.920020914002164,14.33015243190973,1000,2500,1,0,0,0,1500,0.6216813512394611,0.4586258802824058,0.6973450809915689,0.5669007042259246,1,1,0.1630554709570553,-1.0,0.3333333333333333,-1.3333333333333333,-0.35,0.1375,0.22222222222222204,0.22222222222222227,-0.4875,-4.375,13.375,1.1333333333333364,0.04502639351239723,0
2023-11-19 21:25:00+00:00,Buffalo Bills,New York Jets,32,6,11,26,38,1,19.4,24.0,0.2,-4.6,18.4,21.4,0,0.4,3.0,3,4.0,5.0,6.0,-1.0,1,0.3666666666666666,0.1111111111111111,-6.333333333333334,-18.833333333333332,12.499999999999998,20.8,17.6,3.1999999999999993,0.6111111111111112,0,1,0,0.0,1,23.360000000000003,118.96000000000001,95.60000000000001,-1.0,-12.333333333333332,11.333333333333332,4.36,3.94,0.09300000000000001,0.072,0.33599999999999997,0.294,0.536,0.49400000000000005,0.4200000000000004,3.0,1.0,2.0,-3.9270711233054385,0.1345822889556777,500,3000,0,1,0,0,2500,0.4785836596346448,0.6252083912358762,0.5828669277077159,0.700166712988701,1,1,-0.14662473160123146,-0.2,0.3333333333333333,-0.5333333333333333,0.4,-0.675,0.2222222222222224,0.22222222222222232,1.0750000000000002,14.25,10.25,-7.333333333333332,0.07662510508463162,0
2023-11-20 01:20:00+00:00,Denver Broncos,Minnesota Vikings,21,20,11,1,41,1,22.6,21.8,0.4,0.8,24.6,19.6,0,0.8,-5.0,3,1.0,21.0,14.0,7.0,0,0.2857142857142857,0.375,14.833333333333332,-2.833333333333334,17.666666666666664,19.6,17.4,2.200000000000003,0.6111111111111112,0,1,0,0.5,0,90.64,14.16,-76.48,8.0,7.333333333333332,0.6666666666666679,4.22,4.76,0.08600000000000001,0.11300000000000002,0.32199999999999995,0.376,0.522,0.5760000000000001,-0.54,2.0,2.0,0.0,2.1882260960966007,-5.45634186542246,1000,1000,0,1,0,0,0,0.638579192629976,0.8145950378226084,0.7108633541039808,0.8516760302580868,0,0,-0.17601584519263247,1.0,1.0,0.0,0.05,0.15,0.22222222222222235,0.2222222222222223,-0.09999999999999999,-7.5,8.5,13.599999999999998,0.07625129490490208,0
2023-11-21 01:15:00+00:00,Kansas City Chiefs,Philadelphia Eagles,17,21,11,-4,38,0,26.4,14.0,0.8,12.4,25.0,19.2,1,0.8,-5.8,3,4.399999999999999,15.0,22.0,-7.0,0,0.13888888888888884,0.030303030303030387,-14.666666666666666,0.33333333333333304,-15.0,16.6,21.0,-4.399999999999999,0.6111111111111112,0,1,0,1.0,1,104.96000000000001,43.760000000000005,-61.2,-10.666666666666668,10.333333333333332,-21.0,4.4399999999999995,4.98,0.097,0.12400000000000001,0.344,0.39799999999999996,0.544,0.5980000000000001,-0.5400000000000009,3.0,3.0,0.0,-2.266604347363358,2.5734227659895943,0,500,0,0,0,0,500,0.5479214669993719,0.6421090424444897,0.6383371735994976,0.7136872339555917,1,0,-0.0941875754451178,1.0,0.3333333333333333,0.6666666666666667,0.15,0.6375,0.2222222222222222,0.22222222222222232,-0.48749999999999993,4.75,0.3500000000000014,-13.466666666666665,0.06607376169296765,0
2023-11-23 17:30:00+00:00,Detroit Lions,Green Bay Packers,22,29,12,-7,51,0,30.0,21.4,0.8,8.6,22.2,20.8,1,0.2,-1.4,3,10.8,3.0,10.0,-7.0,1,-0.1071428571428572,-0.2222222222222222,6.0,-0.8333333333333333,6.833333333333333,24.4,17.8,6.599999999999998,0.6666666666666666,0,1,0,1.0,2,279.44,102.8,-176.64,18.666666666666668,5.333333333333334,13.333333333333334,4.78,4.08,0.114,0.07900000000000001,0.378,0.308,0.5780000000000001,0.508,0.7000000000000002,2.0,3.0,-1.0,-5.099009906106821,6.013326698045304,1200,0,0,0,0,0,-1200,0.434314575050762,0.8047437581023337,0.5474516600406096,0.8437950064818669,0,0,-0.3704291830515717,1.0,-0.3333333333333333,1.3333333333333333,0.55,-0.45,0.22222222222222232,0.22222222222222213,1.0,11.125,0.3249999999999993,-10.866666666666667,0.05117667933849935,0
2023-11-23 21:30:00+00:00,Dallas Cowboys,Washington Commanders,45,10,12,35,55,1,38.2,13.2,1.0,25.0,21.6,22.0,0,0.4,0.4,3,19.6,11.0,11.0,0.0,1,0.43333333333333335,0.12698412698412698,20.5,-3.8333333333333335,24.333333333333332,18.4,25.8,-7.400000000000002,0.6666666666666666,0,1,0,0.0,1,192.16,24.96,-167.2,12.333333333333332,3.166666666666668,9.166666666666664,5.66,4.36,0.15800000000000003,0.09300000000000001,0.46599999999999997,0.33599999999999997,0.666,0.536,1.2999999999999998,1.0,3.0,-2.0,-7.2086885778663685,8.932794019081541,2000,3000,1,1,0,0,1000,0.3528910447227608,0.6362091947286188,0.4823128357782086,0.708967355782895,0,0,-0.283318150005858,0.0,-0.5,0.5,0.7,0.025,0.22222222222222232,0.22222222222222232,0.6749999999999999,16.5,3.1000000000000014,11.466666666666669,0.07021883465871212,0
2023-11-24 01:20:00+00:00,Seattle Seahawks,San Francisco 49ers,13,31,12,-18,44,0,24.6,22.6,0.8,2.0,25.6,14.8,1,0.6,-10.8,3,2.0,11.0,11.0,0.0,1,0.6031746031746031,-0.30000000000000004,7.666666666666667,29.0,-21.333333333333332,22.0,17.8,4.199999999999999,0.6666666666666666,0,1,0,0.0,1,243.43999999999997,249.83999999999997,6.400000000000006,6.833333333333334,13.5,-6.666666666666666,4.14,4.54,0.08199999999999999,0.102,0.31399999999999995,0.354,0.514,0.554,-0.40000000000000036,0.0,1.0,-1.0,-3.252938523485321,-5.190220704596778,3000,2500,1,0,0,0,-500,0.5153932006254969,0.5507384531255763,0.6123145605003975,0.640590762500461,0,0,-0.03534525250007947,0.3333333333333333,-1.0,1.3333333333333333,-0.125,0.5375,0.22222222222222227,0.22222222222222238,-0.6625,-7.375,9.375,-16.46666666666667,0.035919917660783895,0
2023-11-24 20:00:00+00:00,New York Jets,Miami Dolphins,13,34,12,-21,47,0,15.6,19.0,0.4,-3.4,22.2,30.2,1,0.4,8.0,3,-3.5999999999999996,17.0,19.0,-2.0,1,-0.06666666666666671,-0.5238095238095237,-11.0,-7.0,-4.0,19.8,20.6,-0.8000000000000007,0.6666666666666666,0,1,0,0.0,1,165.04000000000002,168.56,3.519999999999982,-4.0,-13.0,9.0,3.44,4.78,0.05,0.114,0.244,0.378,0.44400000000000006,0.5780000000000001,-1.3400000000000003,1.0,3.0,-2.0,22.032602286487638,1.5246102733024758,3000,500,1,0,0,0,-2500,0.6025471726103838,0.13979017821231543,0.6820377380883071,0.31183214256985237,1,1,0.4627569943980684,0.3333333333333333,0.0,0.3333333333333333,-0.725,0.8625,0.22222222222222215,0.2222222222222223,-1.5875,-9.25,5.65,-15.066666666666666,0.04312019442837478,0
2023-11-26 18:00:00+00:00,Houston Texans,Jacksonville Jaguars,21,24,12,-3,45,0,24.2,16.2,0.8,8.0,19.0,32.2,1,0.0,13.2,3,8.2,7.0,28.0,-21.0,1,-0.0535714285714286,0.20833333333333337,1.6666666666666665,-16.833333333333336,18.500000000000004,21.6,20.4,1.2000000000000028,0.6666666666666666,0,1,0,0.5,2,9.2,338.64000000000004,329.44000000000005,1.5,-10.833333333333332,12.333333333333332,4.76,4.8,0.11300000000000002,0.115,0.376,0.38,0.5760000000000001,0.5800000000000001,-0.040000000000000036,3.0,1.0,2.0,-6.534039611733644,-2.3719878482605403,0,500,0,0,0,0,500,0.5666716747084262,0.4920937586522489,0.653337339766741,0.5936750069217991,0,0,0.07457791605617725,0.6,1.0,-0.4,0.4125,0.175,0.22222222222222238,0.22222222222222238,0.2375,7.125,1.0749999999999993,-0.7333333333333334,0.10482001606995502,0
2023-11-26 18:00:00+00:00,Indianapolis Colts,Tampa Bay Buccaneers,27,20,12,7,47,1,22.2,20.8,0.6,1.4,17.4,15.6,0,0.6,-1.8,3,7.800000000000001,28.0,6.0,22.0,0,-0.3392857142857143,-0.015873015873015817,18.666666666666664,4.166666666666666,14.499999999999998,26.6,22.4,4.200000000000003,0.6666666666666666,0,1,0,0.5,0,119.76000000000002,78.8,-40.96000000000002,-9.833333333333332,-5.666666666666668,-4.166666666666664,4.74,4.34,0.112,0.092,0.37399999999999994,0.33399999999999996,0.5740000000000001,0.534,0.40000000000000036,1.0,3.0,-2.0,24.08868733111242,-9.481304903013266,2000,3000,1,1,0,0,1000,0.6327892294607904,0.5448643746090622,0.7062313835686324,0.6358914996872498,0,0,0.08792485485172818,0.0,-1.0,1.0,0.175,-0.3875,0.22222222222222232,0.2222222222222224,0.5625,4.75,3.0500000000000007,1.4666666666666663,0.04624339534696769,0
2023-11-26 18:00:00+00:00,New York Giants,New England Patriots,10,7,12,3,17,1,22.8,21.6,0.6,1.2,24.2,18.4,0,0.4,-5.8,3,1.6000000000000014,28.0,28.0,0.0,0,0.15584415584415584,0.0357142857142857,-3.333333333333333,1.166666666666667,-4.5,23.6,21.4,2.200000000000003,0.6666666666666666,0,1,0,0.5,0,296.4,32.96,-263.44,14.0,-9.5,23.5,3.86,4.02,0.068,0.076,0.286,0.302,0.48600000000000004,0.502,-0.1599999999999997,1.0,3.0,-2.0,-20.397478808317224,15.564795477752035,3500,500,1,0,0,0,-3000,0.5955327578159141,0.5577048496761468,0.6764262062527313,0.6461638797409174,0,0,0.03782790813976733,0.0,-0.5,0.5,-0.875,-0.9,0.22222222222222227,0.22222222222222227,0.025000000000000022,3.5,1.8999999999999986,-13.066666666666666,0.050810039404967325,0
2023-11-26 18:00:00+00:00,Cincinnati Bengals,Pittsburgh Steelers,10,16,12,-6,26,0,26.4,30.6,0.2,-4.2,23.0,23.2,1,0.4,0.2,3,6.399999999999999,14.0,7.0,7.0,1,0.18055555555555558,-0.0357142857142857,-16.5,0.16666666666666669,-16.666666666666668,22.4,17.0,5.399999999999999,0.6666666666666666,0,1,0,0.5,0,88.64000000000001,37.84,-50.80000000000001,-0.5,-1.5,1.0,4.68,4.04,0.10900000000000001,0.077,0.368,0.30399999999999994,0.5680000000000001,0.504,0.6399999999999997,3.0,2.0,1.0,19.615826670957496,1.174454773481163,1000,0,0,0,0,0,-1000,0.5483104633711336,0.6702865827722505,0.6386483706969069,0.7362292662178005,0,0,-0.12197611940111686,0.3333333333333333,0.5,-0.16666666666666669,-0.0125,-0.5375,0.2222222222222222,0.2222222222222223,0.525,4.25,2.1499999999999986,-10.533333333333335,0.05896219248387741,0
2023-11-26 18:00:00+00:00,Atlanta Falcons,New Orleans Saints,24,15,12,9,39,1,26.0,20.6,0.8,5.4,26.4,16.4,0,1.0,-10.0,3,2.6000000000000014,21.0,14.0,7.0,1,0.2222222222222222,0.19642857142857145,0.8333333333333335,0.5,0.3333333333333335,24.2,24.4,-0.1999999999999993,0.6666666666666666,0,1,0,0.5,0,13.2,65.75999999999999,52.55999999999999,7.166666666666668,-3.5,10.666666666666668,4.42,4.66,0.096,0.10800000000000001,0.34199999999999997,0.366,0.542,0.5660000000000001,-0.2400000000000002,1.0,0.0,1.0,-1.299201381294904,-1.7866381197213435,3000,0,1,1,1,0,-3000,0.6334280425346205,0.5351411504553237,0.7067424340276964,0.628112920364259,0,0,0.09828689207929675,-0.5,-0.3333333333333333,-0.16666666666666669,-0.45,0.025,0.22222222222222207,0.22222222222222207,-0.47500000000000003,-3.875,6.475000000000001,0.3333333333333326,0.08140323375251407,0
2023-11-26 18:00:00+00:00,Tennessee Titans,Carolina Panthers,17,10,12,7,27,1,10.2,23.2,0.2,-13.0,11.8,24.6,0,0.2,12.8,3,1.3999999999999986,28.0,16.0,12.0,0,0.6888888888888889,-0.01785714285714285,-14.666666666666666,-2.0,-12.666666666666666,24.2,26.2,-2.0,0.6666666666666666,0,1,0,0.5,0,72.96,96.56,23.60000000000001,-10.0,-4.833333333333332,-5.166666666666668,3.9,3.74,0.07,0.062000000000000006,0.29,0.27399999999999997,0.49000000000000005,0.47400000000000003,0.1599999999999997,1.0,1.0,0.0,-12.55007890940363,9.04298177415735,2000,500,1,0,0,0,-1500,0.590160092231125,0.7116859351332301,0.6721280737849,0.769348748106584,1,1,-0.12152584290210511,0.0,0.0,0.0,-0.625,-0.5,0.2222222222222222,0.22222222222222232,-0.125,8.875,7.475000000000001,-8.333333333333332,0.049292384098992614,0
2023-11-26 21:05:00+00:00,Denver Broncos,Cleveland Browns,29,12,12,17,41,1,23.6,22.4,0.6,1.2,29.2,30.4,0,0.4,1.2,3,-2.599999999999998,6.0,14.0,-8.0,0,0.3392857142857143,-0.25,-0.5,-5.5,5.0,17.4,20.6,-3.200000000000003,0.6666666666666666,0,1,0,0.5,0,67.76,118.16000000000001,50.400000000000006,5.5,-5.666666666666668,11.166666666666668,4.22,4.9399999999999995,0.08600000000000001,0.122,0.32199999999999995,0.39399999999999996,0.522,0.5940000000000001,-0.7199999999999998,2.0,1.0,1.0,0.4919758248646946,3.224586762322999,1000,1000,0,0,0,0,0,0.6979238506601357,0.46618267403539626,0.7583390805281085,0.572946139228317,0,0,0.23174117662473948,1.0,0.5,0.5,-0.1,0.0625,0.2222222222222226,0.22222222222222257,-0.1625,-6.75,4.150000000000002,8.133333333333333,0.048142006948056974,0
2023-11-26 21:05:00+00:00,Arizona Cardinals,Los Angeles Rams,14,37,12,-23,51,0,25.0,27.0,0.4,-2.0,19.6,23.6,1,0.4,4.0,3,8.399999999999999,14.0,21.0,-7.0,1,0.3174603174603174,-0.0357142857142857,13.166666666666666,-3.666666666666667,16.833333333333332,24.4,22.4,2.0,0.6666666666666666,0,1,0,0.0,1,93.04,197.76000000000002,104.72000000000001,9.166666666666666,-11.0,20.166666666666664,3.8,3.96,0.065,0.07300000000000001,0.27999999999999997,0.296,0.48000000000000004,0.49600000000000005,-0.16000000000000014,0.0,2.0,-2.0,-3.978885535670906,-4.011043491914395,1000,1000,1,1,0,0,0,0.6070941588624572,0.6310911359156574,0.6856753270899658,0.7048729087325258,0,1,-0.02399697705320014,-0.3333333333333333,0.0,-0.3333333333333333,-0.7,-0.425,0.22222222222222232,0.22222222222222204,-0.27499999999999997,-4.75,13.149999999999999,17.200000000000003,0.04809705334207746,0
2023-11-26 21:25:00+00:00,Las Vegas Raiders,Kansas City Chiefs,17,31,12,-14,48,0,20.4,14.2,0.8,6.2,22.8,16.6,1,0.8,-6.2,3,0.5999999999999979,13.0,28.0,-15.0,1,0.375,-0.050000000000000044,0.5,-1.8333333333333335,2.3333333333333335,18.8,16.8,2.0,0.6666666666666666,0,1,0,0.0,1,218.56,114.64000000000001,-103.91999999999999,-4.166666666666668,-0.6666666666666679,-3.5,4.0,4.24,0.07500000000000001,0.087,0.3,0.32399999999999995,0.5,0.524,-0.2400000000000002,1.0,3.0,-2.0,-6.16069242276428,2.5545780223149905,2500,0,0,0,1,0,-2500,0.7295836543402008,0.5479214669993719,0.7836669234721606,0.6383371735994976,0,0,0.18166218734082884,0.0,0.0,0.0,-0.45,0.15,0.22222222222222182,0.22222222222222232,-0.6,-4.75,5.349999999999998,30.0,0.044632538619042574,0
2023-11-26 21:25:00+00:00,Philadelphia Eagles,Buffalo Bills,37,34,12,3,71,1,28.0,25.2,0.8,2.8,24.0,19.8,0,0.4,-4.2,3,7.0,21.0,20.0,1.0,0,-0.07792207792207795,-0.3939393939393939,-0.5,13.333333333333334,-13.833333333333334,21.6,20.2,1.4000000000000021,0.6666666666666666,0,1,0,0.5,0,41.36,137.6,96.24,-3.166666666666668,4.666666666666668,-7.833333333333336,4.9399999999999995,4.72,0.122,0.111,0.39399999999999996,0.372,0.5940000000000001,0.5720000000000001,0.21999999999999975,3.0,3.0,0.0,6.045965348684461,3.7955635948442223,1000,500,1,0,0,0,-500,0.6414002928054737,0.5056965127575974,0.713120234244379,0.6045572102060779,0,0,0.1357037800478763,0.5,-0.5,1.0,0.475,0.3375,0.2222222222222221,0.2222222222222223,0.13749999999999996,3.25,3.75,-1.4666666666666668,0.05328024143124299,0
2023-11-27 01:20:00+00:00,Los Angeles Chargers,Baltimore Ravens,10,20,12,-10,30,0,28.6,25.4,0.4,3.2,24.0,16.8,1,0.8,-7.2,3,7.600000000000001,14.0,28.0,-14.0,0,-0.015873015873015872,-0.18055555555555558,-11.0,-18.333333333333332,7.333333333333332,22.8,17.2,5.600000000000001,0.6666666666666666,0,1,0,0.5,0,175.83999999999997,196.8,20.960000000000036,4.333333333333332,-2.8333333333333357,7.166666666666668,4.9399999999999995,5.720000000000001,0.122,0.16100000000000003,0.39399999999999996,0.472,0.5940000000000001,0.672,-0.7800000000000011,3.0,2.0,1.0,-5.417988946847831,-7.4300333627672694,3000,0,1,0,0,1,-3000,0.6641824341997578,0.5798530762935423,0.7313459473598063,0.6638824610348338,0,0,0.08432935790621543,-1.0,0.0,-1.0,0.3125,0.7125,0.22222222222222238,0.2222222222222222,-0.4,-7.625,15.225000000000001,0.4666666666666659,0.03416599518221068,0
2023-11-28 01:15:00+00:00,Minnesota Vikings,Chicago Bears,10,12,12,-2,22,0,22.0,22.2,0.4,-0.2,21.2,29.2,1,0.2,8.0,3,3.8000000000000007,15.0,8.0,7.0,1,-0.3055555555555556,-0.25,-3.833333333333333,1.0,-4.833333333333333,19.0,22.0,-3.0,0.6666666666666666,0,1,0,1.0,2,25.36,136.64000000000001,111.28000000000002,-2.166666666666668,1.0,-3.166666666666668,4.78,4.34,0.114,0.092,0.378,0.33399999999999996,0.5780000000000001,0.534,0.4400000000000004,2.0,1.0,1.0,-4.681671138499883,7.166725566877615,1000,0,1,1,0,0,-1000,0.8063508326896291,0.5469288825140142,0.8450806661517033,0.6375431060112113,0,0,0.259421950175615,0.3333333333333333,-0.3333333333333333,0.6666666666666666,0.1,0.0875,0.22222222222222232,0.2222222222222223,0.012500000000000011,7.125,3.3249999999999993,3.5333333333333337,0.08556892602293198,0
2023-12-01 01:15:00+00:00,Dallas Cowboys,Seattle Seahawks,41,35,13,6,76,1,41.0,12.0,1.0,29.0,18.6,21.0,0,0.4,2.4,3,25.4,7.0,11.0,-4.0,0,0.4571428571428571,-0.5142857142857143,12.333333333333332,-0.5,12.833333333333332,17.0,26.2,-9.2,0.7222222222222222,0,0,1,0.0,1,199.84,216.56000000000003,16.720000000000027,0.6666666666666643,-4.166666666666668,4.833333333333332,6.16,4.0,0.183,0.07500000000000001,0.516,0.3,0.7160000000000001,0.5,2.16,1.0,0.0,1.0,-16.20014173844135,2.659963844568299,1000,500,0,0,0,0,-500,0.3572823812124021,0.6145214013722682,0.48582590496992173,0.6916171210978146,0,0,-0.2572390201598661,-1.0,0.3333333333333333,-1.3333333333333333,1.0625,-0.425,0.22222222222222246,0.22222222222222252,1.4875,19.625,5.774999999999999,29.933333333333334,0.03890852429122268,0
2023-12-03 18:00:00+00:00,Washington Commanders,Miami Dolphins,15,45,13,-30,60,0,23.0,16.8,0.8,6.2,22.0,19.0,1,0.8,-3.0,3,4.0,14.0,8.0,6.0,0,-0.05555555555555558,-0.4571428571428571,-21.166666666666668,16.333333333333332,-37.5,32.0,19.0,13.0,0.7222222222222222,0,0,1,0.5,0,170.56,168.56,-2.0,-11.166666666666668,6.333333333333332,-17.5,4.42,4.62,0.096,0.106,0.34199999999999997,0.362,0.542,0.562,-0.20000000000000018,3.0,3.0,0.0,29.47607011929201,-3.3528033528050307,3000,1000,1,1,0,0,-2000,0.6284008375951313,0.5434932229418713,0.7027206700761051,0.6347945783534971,0,0,0.08490761465326002,-0.3333333333333333,0.0,-0.3333333333333333,-0.2375,0.4125,0.22222222222222232,0.22222222222222224,-0.6499999999999999,-9.75,13.75,-17.46666666666667,0.0356598817773511,0
2023-12-03 18:00:00+00:00,Houston Texans,Denver Broncos,22,17,13,5,39,1,13.8,22.6,0.2,-8.8,15.0,21.8,0,0.2,6.8,3,1.8000000000000007,7.0,19.0,-12.0,0,-0.125,-0.38095238095238093,0.0,2.666666666666667,-2.666666666666667,23.8,16.0,7.800000000000001,0.7222222222222222,0,0,1,0.5,0,9.2,49.84,40.64,-6.333333333333332,2.666666666666668,-9.0,4.78,4.64,0.114,0.107,0.378,0.364,0.5780000000000001,0.5640000000000001,0.14000000000000057,3.0,2.0,1.0,-3.0253094003472665,-4.61817096177377,0,1000,0,0,0,0,1000,0.6139644608329435,0.6717113503332776,0.6911715686663549,0.7373690802666221,0,0,-0.05774688950033402,0.2,1.0,-0.8,0.2125,0.0125,0.2222222222222221,0.2222222222222224,0.19999999999999998,4.875,3.0749999999999993,-11.0,0.09300463683411354,0
2023-12-03 18:00:00+00:00,Pittsburgh Steelers,Arizona Cardinals,10,24,13,-14,34,0,17.2,21.2,0.4,-4.0,24.4,24.4,1,0.8,0.0,3,-4.199999999999999,21.0,14.0,7.0,0,0.0,-0.26388888888888884,2.1666666666666665,-3.333333333333334,5.5,15.6,27.8,-12.200000000000001,0.7222222222222222,0,0,1,0.5,0,35.36,123.2,87.84,-4.666666666666668,-1.3333333333333321,-3.3333333333333357,3.88,3.88,0.069,0.069,0.288,0.288,0.48800000000000004,0.48800000000000004,0.0,2.0,0.0,2.0,-5.451420065405675,5.943233065469704,0,500,1,0,0,0,500,0.6930492710547831,0.6072930481898748,0.7544394168438265,0.6858344385518998,0,0,0.08575622286490825,0.5,-0.3333333333333333,0.8333333333333333,-0.625,-0.725,0.2222222222222223,0.22222222222222254,0.09999999999999998,14.5,18.7,-0.8000000000000007,0.05665164900865484,0
2023-12-03 18:00:00+00:00,New England Patriots,Los Angeles Chargers,0,6,13,-6,6,0,26.2,19.2,0.8,7.0,20.6,32.0,1,0.4,11.4,3,8.599999999999998,21.0,14.0,7.0,0,0.0,0.06944444444444442,0.833333333333333,-18.166666666666664,18.999999999999996,19.2,20.6,-1.4000000000000021,0.7222222222222222,0,0,1,0.5,0,33.2,150.24,117.04,-14.5,-16.666666666666668,2.166666666666668,3.82,4.8,0.066,0.115,0.282,0.38,0.48200000000000004,0.5800000000000001,-0.98,3.0,3.0,0.0,-12.284682452345733,-1.4023469774020756,500,500,0,0,0,-1,0,0.5493060905670013,0.588875399057658,0.639444872453601,0.6711003192461263,1,1,-0.03956930849065665,-0.5,-1.0,0.5,-1.0,0.0875,0.2222222222222222,0.22222222222222243,-1.0875,-10.125,18.724999999999998,24.200000000000003,0.05582923232863038,0
2023-12-03 18:00:00+00:00,New Orleans Saints,Detroit Lions,28,33,13,-5,61,0,19.2,17.4,0.8,1.8,10.2,25.8,1,0.0,15.6,3,12.0,28.0,20.0,8.0,0,-0.12698412698412703,0.19047619047619058,-12.166666666666666,4.666666666666667,-16.833333333333332,25.2,29.0,-3.8000000000000007,0.7222222222222222,0,0,1,0.5,0,71.35999999999999,235.76000000000005,164.40000000000006,-11.666666666666668,2.166666666666668,-13.833333333333336,4.7,4.82,0.11,0.116,0.37,0.38199999999999995,0.5700000000000001,0.5820000000000001,-0.1200000000000001,0.0,2.0,-2.0,-11.657354294149881,2.717736348630095,1000,1200,1,0,0,0,200,0.5269778017893875,0.44168221414681763,0.62158224143151,0.5533457713174541,0,0,0.08529558764256984,0.0,0.3333333333333333,-0.3333333333333333,0.0,0.575,0.22222222222222207,0.2222222222222223,-0.575,0.125,11.875,-1.2666666666666657,0.04174840251006244,0
2023-12-03 18:00:00+00:00,Tennessee Titans,Indianapolis Colts,28,31,13,-3,59,0,18.6,32.4,0.2,-13.8,21.8,26.0,1,0.4,4.2,3,-0.1999999999999993,7.0,21.0,-14.0,1,0.7222222222222222,0.25,-2.166666666666667,4.833333333333333,-7.0,21.4,23.2,-1.8000000000000007,0.7222222222222222,0,0,1,0.0,1,110.16,69.84,-40.31999999999999,-1.1666666666666679,-12.166666666666668,11.0,3.92,4.88,0.07100000000000001,0.11900000000000001,0.292,0.388,0.49200000000000005,0.5880000000000001,-0.96,1.0,1.0,0.0,-15.439633739416749,-6.407629046118688,2000,2000,1,1,0,0,0,0.66833752096446,0.6309323402138843,0.7346700167715681,0.7047458721711075,0,1,0.03740518075057564,0.3333333333333333,0.3333333333333333,0.0,-0.45,0.2375,0.22222222222222213,0.2222222222222223,-0.6875,1.25,1.4499999999999993,-24.933333333333334,0.0581581292134065,0
2023-12-03 18:00:00+00:00,New York Jets,Atlanta Falcons,8,13,13,-5,21,0,13.8,22.6,0.2,-8.8,23.2,22.2,1,0.4,-1.0,3,-6.399999999999999,8.0,20.0,-12.0,0,-0.11428571428571432,-0.2666666666666666,-16.166666666666668,5.166666666666667,-21.333333333333336,23.8,22.4,1.4000000000000021,0.7222222222222222,0,0,1,0.5,0,126.16000000000001,25.439999999999998,-100.72000000000001,-0.8333333333333339,1.1666666666666679,-2.0000000000000018,3.3,4.58,0.05,0.10400000000000001,0.22999999999999998,0.358,0.43000000000000005,0.558,-1.2800000000000002,1.0,1.0,0.0,-11.491638351351481,5.729070430859423,3000,2500,1,0,0,0,-500,0.6107398845244995,0.6940690437369896,0.6885919076195997,0.7552552349895917,1,0,-0.08332915921249018,0.0,-0.5,0.5,-0.6875,-0.225,0.22222222222222207,0.22222222222222238,-0.4625,-1.5,4.899999999999999,-22.133333333333333,0.06180268203808377,0
2023-12-03 21:05:00+00:00,Tampa Bay Buccaneers,Carolina Panthers,21,18,13,3,39,1,15.4,16.8,0.4,-1.4,19.0,30.8,0,0.0,11.8,3,-0.5999999999999996,21.0,7.0,14.0,1,0.06944444444444442,-0.03174603174603169,-12.0,-10.0,-2.0,24.6,21.2,3.400000000000002,0.7222222222222222,0,0,1,1.0,1,82.96,76.4,-6.559999999999988,-8.0,-3.666666666666666,-4.333333333333334,4.48,3.52,0.099,0.051000000000000004,0.348,0.252,0.548,0.45200000000000007,0.9600000000000004,3.0,1.0,2.0,-3.747426755925959,-3.54919606516324,3000,1000,1,1,0,0,-2000,0.5650071839673672,0.7635714960077783,0.6520057471738937,0.8108571968062226,0,0,-0.19856431204041114,-1.0,-0.3333333333333333,-0.6666666666666667,-0.275,-0.7125,0.22222222222222232,0.2222222222222222,0.4375,12.75,13.35,-1.2000000000000006,0.06047734124773689,0
2023-12-03 21:25:00+00:00,Los Angeles Rams,Cleveland Browns,36,19,13,17,55,1,19.4,20.4,0.4,-1.0,25.2,29.6,0,0.4,4.4,3,-2.8000000000000007,14.0,7.0,7.0,0,-0.04761904761904767,-0.3055555555555556,27.666666666666664,-15.333333333333334,43.0,23.4,18.8,4.599999999999998,0.7222222222222222,0,0,1,0.5,0,258.24,204.56,-53.68000000000001,13.666666666666666,-14.166666666666668,27.833333333333336,4.18,4.4,0.084,0.095,0.318,0.33999999999999997,0.518,0.54,-0.22000000000000064,2.0,1.0,1.0,33.971790041578934,5.2227848290809495,1000,1000,1,1,0,0,0,0.5165634090183078,0.44730772576414635,0.6132507272146462,0.5578461806113171,0,1,0.06925568325416143,0.0,0.3333333333333333,-0.3333333333333333,-0.1625,-0.125,0.2222222222222222,0.2222222222222223,-0.037500000000000006,3.25,6.050000000000001,9.733333333333334,0.030982963863767955,0
2023-12-03 21:25:00+00:00,Philadelphia Eagles,San Francisco 49ers,19,42,13,-23,61,0,32.8,26.6,1.0,6.2,25.8,16.0,1,0.6,-9.8,3,9.999999999999996,7.0,9.0,-2.0,0,-0.04761904761904767,-0.24444444444444446,-5.166666666666666,11.5,-16.666666666666664,24.4,16.6,7.799999999999997,0.7222222222222222,0,0,1,1.0,1,15.440000000000001,261.03999999999996,245.59999999999997,-3.3333333333333357,6.333333333333332,-9.666666666666668,5.4,4.82,0.14500000000000002,0.116,0.43999999999999995,0.38199999999999995,0.64,0.5820000000000001,0.5800000000000001,3.0,1.0,2.0,-11.58045002901117,-2.648240382891112,500,3000,0,1,0,-1,2500,0.6064980940325702,0.5486132478683052,0.6851984752260561,0.6388905982946442,0,0,0.057884846164264925,1.0,-1.0,2.0,0.625,0.55,0.22222222222222227,0.2222222222222223,0.07499999999999996,-3.625,13.624999999999996,-16.06666666666667,0.0783454706138271,0
2023-12-04 01:20:00+00:00,Green Bay Packers,Kansas City Chiefs,27,19,13,8,46,1,18.2,19.6,0.6,-1.4,21.4,18.0,0,0.8,-3.4,3,-0.1999999999999993,14.0,7.0,7.0,0,0.12698412698412698,-0.022222222222222254,5.333333333333333,3.0,2.333333333333333,18.4,18.6,-0.20000000000000284,0.7222222222222222,0,0,1,0.5,0,108.56000000000002,126.16,17.59999999999998,9.666666666666668,3.666666666666668,6.0,4.32,4.48,0.091,0.099,0.33199999999999996,0.348,0.532,0.548,-0.16000000000000014,3.0,3.0,0.0,4.870032975573168,9.68105256761009,0,1200,1,0,0,0,1200,0.72678133757007,0.6502232855091694,0.7814250700560561,0.7201786284073355,0,0,0.0765580520609006,0.3333333333333333,0.0,0.3333333333333333,-0.3125,0.025,0.22222222222222232,0.22222222222222224,-0.3375,-3.0,2.8000000000000007,3.7333333333333334,0.04233096030385494,0
2023-12-05 01:15:00+00:00,Jacksonville Jaguars,Cincinnati Bengals,31,34,13,-3,65,0,22.8,22.4,0.6,0.4,18.2,24.4,1,0.4,6.2,3,7.600000000000001,15.0,18.0,-3.0,0,-0.2222222222222222,-0.11111111111111116,16.166666666666668,-15.666666666666668,31.833333333333336,20.6,23.0,-2.3999999999999986,0.7222222222222222,0,0,1,0.5,0,300.56,94.24,-206.32,11.0,-12.333333333333332,23.333333333333332,4.54,4.54,0.102,0.102,0.354,0.354,0.554,0.554,0.0,1.0,3.0,-2.0,-1.6057163569260497,-1.2576466042176317,500,1000,0,0,0,0,500,0.5082318254502433,0.5077157833121195,0.6065854603601946,0.6061726266496956,0,1,0.000516042138123729,1.0,-0.3333333333333333,1.3333333333333333,0.2625,-0.125,0.22222222222222232,0.22222222222222215,0.3875,10.0,2.3999999999999986,-3.1999999999999993,0.03698150639256686,0
2023-12-08 01:15:00+00:00,Pittsburgh Steelers,New England Patriots,18,21,14,-3,39,0,16.0,17.8,0.6,-1.8,11.8,22.0,1,0.2,10.2,3,7.199999999999999,4.0,11.0,-7.0,0,-0.08333333333333337,0.02777777777777779,-5.666666666666667,2.5,-8.166666666666668,16.4,15.4,0.9999999999999982,0.7777777777777778,0,0,1,0.5,0,54.239999999999995,17.2,-37.03999999999999,-4.666666666666668,-9.833333333333334,5.166666666666666,3.88,3.24,0.069,0.05,0.288,0.22399999999999998,0.48800000000000004,0.42400000000000004,0.6399999999999997,2.0,3.0,-1.0,16.308898181365034,2.2315555359139716,0,500,1,0,0,0,500,0.7275688160287079,0.5283423513818524,0.7820550528229663,0.6226738811054819,0,1,0.19922646464685556,0.5,-1.0,1.5,-0.575,-1.0375,0.22222222222222215,0.22222222222222232,0.46250000000000013,11.125,3.9250000000000007,-11.933333333333334,0.07845647725949112,0
2023-12-10 18:00:00+00:00,Baltimore Ravens,Los Angeles Rams,37,31,14,6,68,1,17.8,11.6,0.8,6.2,26.2,19.2,0,1.0,-7.0,3,-5.399999999999999,23.0,13.0,10.0,0,0.125,-0.04166666666666663,-1.0,33.0,-34.0,18.0,22.4,-4.399999999999999,0.7777777777777778,0,0,1,0.5,0,142.23999999999998,327.36,185.12000000000003,-6.0,23.166666666666664,-29.166666666666664,5.36,4.5600000000000005,0.14300000000000002,0.10300000000000001,0.436,0.356,0.6360000000000001,0.556,0.7999999999999998,2.0,2.0,0.0,1.9464795240999082,13.391460617209008,2500,500,0,0,1,-1,-2000,0.5531796362071218,0.4662924489947702,0.6425437089656975,0.5730339591958161,0,0,0.08688718721235167,0.0,1.0,-1.0,0.6125,-0.075,0.22222222222222246,0.22222222222222227,0.6875,14.75,20.15,-28.933333333333334,0.03243394372754646,0
2023-12-10 18:00:00+00:00,New York Jets,Houston Texans,30,6,14,24,36,1,21.4,22.6,0.4,-1.2,26.8,26.0,0,0.8,-0.8,3,-2.400000000000002,7.0,28.0,-21.0,0,-0.15000000000000002,0.06944444444444442,4.0,-2.3333333333333335,6.333333333333334,24.4,24.2,0.1999999999999993,0.7777777777777778,0,0,1,0.5,0,82.64000000000001,8.64,-74.00000000000001,2.5,-8.5,11.0,3.2,4.96,0.05,0.12300000000000001,0.21999999999999997,0.396,0.42000000000000004,0.5960000000000001,-1.7599999999999998,1.0,3.0,-2.0,15.290141020701864,-2.3090230763355635,500,0,0,0,0,0,-500,0.607143871754557,0.6296644258243613,0.6857150974036456,0.7037315406594891,0,0,-0.022520554069804355,-1.0,0.6,-1.6,-0.8375,0.1125,0.22222222222222215,0.2222222222222222,-0.9500000000000001,-6.125,3.724999999999998,-16.866666666666667,0.08823703886308593,0
2023-12-10 18:00:00+00:00,New Orleans Saints,Carolina Panthers,28,6,14,22,34,1,19.4,18.6,0.6,0.8,22.0,20.6,0,0.8,-1.4,3,0.3999999999999986,7.0,6.0,1.0,1,-0.18055555555555558,-0.04285714285714287,-10.333333333333334,8.333333333333334,-18.666666666666668,25.6,22.8,2.8000000000000007,0.7777777777777778,0,0,1,0.5,2,67.36,58.4,-8.96,-5.5,2.0,-7.5,4.78,3.58,0.114,0.054000000000000006,0.378,0.258,0.5780000000000001,0.4580000000000001,1.2000000000000002,0.0,1.0,-1.0,-1.1575218236454639,-9.016659205480954,1000,1000,1,1,0,0,0,0.5900171497489194,0.7615151996457636,0.6720137197991356,0.8092121597166109,0,0,-0.17149804989684425,0.0,-1.0,1.0,0.2375,-0.65,0.22222222222222224,0.2222222222222224,0.8875,15.875,15.475000000000001,-14.733333333333334,0.07851319307138722,0
2023-12-10 18:00:00+00:00,Atlanta Falcons,Tampa Bay Buccaneers,25,29,14,-4,54,0,31.8,16.8,0.6,15.0,21.0,23.8,1,0.4,2.8,3,13.8,14.0,14.0,0.0,1,0.17142857142857137,-0.125,10.333333333333334,-1.6666666666666667,12.0,21.4,23.4,-2.0,0.7777777777777778,0,0,1,1.0,2,28.160000000000004,84.4,56.24,-6.166666666666668,-3.166666666666668,-3.0,4.52,4.54,0.101,0.102,0.352,0.354,0.552,0.554,-0.020000000000000462,1.0,3.0,-2.0,16.286872081339187,-4.071584188751833,3000,3000,1,1,0,0,0,0.764150471698585,0.5817166779561969,0.811320377358868,0.6653733423649575,0,0,0.1824337937423881,-0.5,-0.3333333333333333,-0.16666666666666669,-0.15,-0.3375,0.22222222222222232,0.2222222222222224,0.18750000000000003,6.625,7.175000000000001,9.666666666666668,0.08985511070556078,0
2023-12-10 18:00:00+00:00,Cincinnati Bengals,Indianapolis Colts,34,14,14,20,48,1,20.2,24.4,0.4,-4.2,17.2,27.6,0,0.0,10.4,3,6.0,14.0,7.0,7.0,0,0.05555555555555558,0.29166666666666674,2.1666666666666665,2.6666666666666665,-0.5,25.8,21.0,4.800000000000001,0.7777777777777778,0,0,1,0.5,0,49.36,66.64000000000001,17.280000000000015,-1.6666666666666679,7.666666666666668,-9.333333333333336,4.6,4.74,0.10500000000000001,0.112,0.36,0.37399999999999994,0.56,0.5740000000000001,-0.14000000000000057,3.0,1.0,2.0,-13.237160473602543,-2.541177403507002,2000,1000,1,1,0,0,-1000,0.5984891813412745,0.6168082236007667,0.6787913450730196,0.6934465788806135,0,0,-0.018319042259492213,0.0,1.0,-1.0,0.2625,0.3375,0.22222222222222238,0.2222222222222222,-0.07500000000000001,4.5,1.5,-18.933333333333337,0.058432708306327644,0
2023-12-10 18:00:00+00:00,Chicago Bears,Detroit Lions,28,13,14,15,41,1,13.4,22.2,0.2,-8.8,21.6,21.0,0,0.4,-0.6,3,-5.200000000000001,30.0,7.0,23.0,1,0.1527777777777778,0.20833333333333337,5.5,-7.666666666666667,13.166666666666668,21.6,27.0,-5.399999999999999,0.7777777777777778,0,0,1,0.0,2,52.15999999999999,37.440000000000005,-14.719999999999985,3.666666666666666,-5.166666666666664,8.83333333333333,3.98,5.36,0.07400000000000001,0.14300000000000002,0.298,0.436,0.49800000000000005,0.6360000000000001,-1.3800000000000003,1.0,2.0,-1.0,14.014734792700327,-2.7252905698796637,0,0,1,0,0,0,0,0.5266888576211205,0.4449451040662734,0.6213510860968964,0.5559560832530188,0,0,0.08174375355484709,0.0,0.5,-0.5,-0.1125,0.5625,0.22222222222222215,0.22222222222222257,-0.675,1.75,6.950000000000001,0.3999999999999999,0.09173317254807727,0
2023-12-10 18:00:00+00:00,Cleveland Browns,Jacksonville Jaguars,31,27,14,4,58,1,22.8,22.6,0.6,0.2,23.0,25.2,0,0.2,2.2,3,2.8000000000000007,21.0,14.0,7.0,0,0.35,0.28888888888888886,-27.666666666666664,0.3333333333333333,-27.999999999999996,21.2,22.6,-1.4000000000000021,0.7777777777777778,0,0,1,0.5,0,263.84,295.76,31.920000000000016,-8.833333333333332,8.5,-17.333333333333332,4.38,4.54,0.09400000000000001,0.102,0.33799999999999997,0.354,0.538,0.554,-0.16000000000000014,1.0,1.0,0.0,-22.223127809093143,1.993135815922067,1200,500,1,0,0,0,-700,0.5550632067360579,0.49879052532897983,0.6440505653888463,0.5990324202631838,1,0,0.056272681407078085,1.0,0.0,1.0,0.075,0.3625,0.22222222222222252,0.22222222222222232,-0.2875,-0.875,3.6750000000000007,-21.0,0.028236528270112818,0
2023-12-10 21:05:00+00:00,San Francisco 49ers,Seattle Seahawks,28,16,14,12,44,1,20.2,15.8,0.8,4.4,23.0,17.0,0,0.8,-6.0,3,0.1999999999999993,21.0,9.0,12.0,1,0.20000000000000007,-0.55,10.5,-1.333333333333334,11.833333333333334,16.0,30.4,-14.399999999999999,0.7777777777777778,0,0,1,1.0,2,234.16000000000003,179.76,-54.400000000000034,10.5,8.0,2.5,5.32,4.22,0.14100000000000001,0.08600000000000001,0.43199999999999994,0.32199999999999995,0.632,0.522,1.1000000000000005,1.0,0.0,1.0,-10.328470803159645,10.908835449683842,3000,1000,1,1,1,0,-2000,0.5000390640259982,0.5260290752588299,0.6000312512207986,0.6208232602070639,0,0,-0.025990011232831733,0.0,-0.3333333333333333,0.3333333333333333,0.6375,-0.2875,0.2222222222222225,0.22222222222222254,0.9249999999999999,20.75,20.55,13.733333333333334,0.04576234921745933,0
2023-12-10 21:05:00+00:00,Las Vegas Raiders,Minnesota Vikings,0,3,14,-3,3,0,30.2,16.6,0.8,13.6,18.2,23.0,1,0.2,4.8,3,15.0,13.0,20.0,-7.0,0,0.3055555555555556,0.33333333333333337,-15.833333333333332,-9.833333333333334,-5.999999999999998,19.0,18.0,1.0,0.7777777777777778,0,0,1,0.5,0,195.2,35.440000000000005,-159.76,-5.0,-12.333333333333332,7.333333333333332,4.1,4.54,0.08,0.102,0.31,0.354,0.51,0.554,-0.4400000000000004,1.0,2.0,-1.0,-16.844373104410625,5.501553845906464,2500,0,0,0,0,0,-2500,0.7295836543402008,0.7095934961127764,0.7836669234721606,0.7676747968902211,0,1,0.019990158227424337,0.0,-0.3333333333333333,0.3333333333333333,-0.45,-0.0375,0.2222222222222222,0.2222222222222222,-0.41250000000000003,-2.125,17.125,-3.533333333333334,0.05265343056513147,0
2023-12-10 21:25:00+00:00,Los Angeles Chargers,Denver Broncos,7,24,14,-17,31,0,25.8,14.0,0.8,11.8,26.0,23.0,1,0.2,-3.0,3,2.8000000000000007,13.0,7.0,6.0,1,-0.125,-0.41666666666666663,-7.0,0.0,-7.0,18.0,17.0,1.0,0.7777777777777778,0,0,1,0.0,1,114.16000000000004,72.8,-41.36000000000004,-20.333333333333332,0.0,-20.333333333333332,4.32,4.6,0.091,0.10500000000000001,0.33199999999999996,0.36,0.532,0.56,-0.27999999999999936,3.0,2.0,1.0,-22.68462108313703,-5.048560816162842,3000,0,1,0,1,0,-3000,0.5050647138261407,0.7106715750224324,0.6040517710609126,0.7685372600179459,1,0,-0.20560686119629168,-0.3333333333333333,0.3333333333333333,-0.6666666666666666,-0.1375,-0.1625,0.22222222222222224,0.2222222222222222,0.024999999999999994,3.0,0.1999999999999993,-10.666666666666668,0.05714685996507963,0
2023-12-10 21:25:00+00:00,Kansas City Chiefs,Buffalo Bills,17,20,14,-3,37,0,23.8,22.2,0.4,1.6,20.0,32.2,1,0.4,12.2,3,6.800000000000001,19.0,14.0,5.0,0,0.10000000000000009,-0.4415584415584416,7.0,12.166666666666666,-5.166666666666666,20.6,21.8,-1.1999999999999993,0.7777777777777778,0,0,1,0.5,0,108.55999999999999,134.56,26.000000000000014,9.333333333333334,11.666666666666668,-2.333333333333334,4.24,4.9,0.087,0.12000000000000001,0.32399999999999995,0.38999999999999996,0.524,0.5900000000000001,-0.6600000000000001,3.0,3.0,0.0,-7.526677614957241,5.541581370015379,1200,500,1,0,0,0,-700,0.6466676493724357,0.6838340032514565,0.7173341194979486,0.7470672026011652,0,0,-0.037166353879020786,0.0,-0.5,0.5,-0.025,0.1625,0.22222222222222232,0.22222222222222215,-0.1875,4.125,2.6750000000000007,-11.933333333333334,0.04173419709606922,0
2023-12-11 01:20:00+00:00,Dallas Cowboys,Philadelphia Eagles,33,13,14,20,46,1,43.2,17.0,1.0,26.2,24.2,18.6,0,0.8,-5.6,3,22.000000000000004,10.0,20.0,-10.0,1,0.475,0.09890109890109888,3.833333333333332,-15.333333333333332,19.166666666666664,20.0,29.4,-9.399999999999999,0.7777777777777778,0,0,1,0.0,1,236.56,124.96,-111.60000000000001,8.0,-1.0,9.0,6.12,5.16,0.18100000000000002,0.133,0.512,0.416,0.7120000000000001,0.6160000000000001,0.96,1.0,3.0,-2.0,15.45188290191569,11.954886648792849,1000,500,0,0,0,0,-500,0.3476005824650056,0.5969355665653443,0.4780804659720045,0.6775484532522754,0,0,-0.24933498410033872,0.0,1.0,-1.0,1.1,0.4375,0.2222222222222223,0.22222222222222224,0.6625000000000001,12.0,10.000000000000004,28.266666666666666,0.042947923906612985,0
2023-12-12 01:15:00+00:00,Miami Dolphins,Tennessee Titans,27,28,14,-1,55,0,38.8,17.4,1.0,21.4,11.0,24.8,1,0.0,13.8,3,30.799999999999997,22.0,22.0,0.0,0,0.4025974025974025,-0.6031746031746031,20.833333333333332,14.666666666666666,6.166666666666666,15.8,23.0,-7.199999999999999,0.7777777777777778,0,0,1,0.5,0,158.0,87.76,-70.24,17.833333333333332,10.5,7.333333333333332,5.18,3.92,0.134,0.07100000000000001,0.418,0.292,0.6180000000000001,0.49200000000000005,1.2599999999999998,3.0,1.0,2.0,-23.40371238331829,-2.0847653774260015,1000,1000,1,0,0,0,0,0.4674647898964801,0.6591027464176339,0.573971831917184,0.7272821971341071,0,0,-0.19163795652115378,0.0,-0.3333333333333333,0.3333333333333333,0.725,-0.4375,0.22222222222222238,0.2222222222222224,1.1625,19.375,11.424999999999997,13.266666666666666,0.04253583933573138,0
2023-12-12 01:15:00+00:00,New York Giants,Green Bay Packers,24,22,14,2,46,1,7.4,18.2,0.4,-10.8,20.4,21.2,0,0.2,0.8,3,-9.999999999999998,15.0,18.0,-3.0,0,0.2272727272727273,-0.17142857142857137,27.166666666666668,2.166666666666667,25.0,23.6,17.4,6.200000000000003,0.7777777777777778,0,0,1,0.5,0,274.96000000000004,46.96,-228.00000000000003,9.5,7.333333333333332,2.166666666666668,3.7800000000000002,4.66,0.064,0.10800000000000001,0.27799999999999997,0.366,0.47800000000000004,0.5660000000000001,-0.8799999999999999,1.0,3.0,-2.0,-19.067898904052292,-8.617147520197223,1000,0,1,0,0,0,-1000,0.6364777345196033,0.6950922270587383,0.7091821876156826,0.7560737816469907,0,0,-0.05861449253913498,0.0,0.3333333333333333,-0.3333333333333333,-0.7875,-0.225,0.22222222222222254,0.2222222222222222,-0.5625,-5.5,4.499999999999998,-5.066666666666667,0.04605518915896829,0
2023-12-15 01:15:00+00:00,Las Vegas Raiders,Los Angeles Chargers,63,21,15,42,84,1,16.8,13.8,0.6,3.0,19.6,16.8,0,0.6,-2.8,3,0.1999999999999993,4.0,11.0,-7.0,1,0.25,0.16666666666666669,-15.5,-0.16666666666666696,-15.333333333333332,14.4,21.6,-7.200000000000001,0.8333333333333334,0,0,1,0.0,1,168.56000000000003,59.44000000000001,-109.12000000000002,-11.166666666666668,-16.166666666666668,5.0,3.82,3.92,0.066,0.07100000000000001,0.282,0.292,0.48200000000000004,0.49200000000000005,-0.10000000000000009,1.0,3.0,-2.0,-3.4102657742849276,19.073806315173197,2500,2500,0,0,0,0,0,0.6031865205162505,0.456896936576491,0.6825492164130005,0.5655175492611928,1,1,0.14628958393975955,-0.3333333333333333,-0.3333333333333333,0.0,-0.6625,-0.2625,0.22222222222222218,0.22222222222222207,-0.39999999999999997,0.625,0.4250000000000007,2.1999999999999993,0.05589874263034687,0
2023-12-16 18:00:00+00:00,Cincinnati Bengals,Minnesota Vikings,27,24,15,3,51,1,22.4,18.2,0.6,4.2,19.4,14.4,0,0.8,-5.0,3,6.0,6.0,5.0,1.0,0,0.09999999999999998,0.37777777777777777,19.166666666666668,-2.8333333333333335,22.0,25.0,16.0,9.0,0.8333333333333334,0,0,1,0.5,0,130.0,12.56,-117.44,15.0,-19.5,34.5,4.8,4.12,0.115,0.081,0.38,0.31199999999999994,0.5800000000000001,0.512,0.6799999999999997,3.0,2.0,1.0,24.17720452770547,4.178849270492788,1000,1200,0,1,0,0,200,0.5984891813412745,0.575,0.6787913450730196,0.6599999999999999,0,1,0.023489181341274534,-0.3333333333333333,0.0,-0.3333333333333333,0.2625,-0.25,0.2222222222222222,0.22222222222222215,0.5125,1.5,4.5,11.466666666666669,0.07517593478003702,0
2023-12-16 21:30:00+00:00,Indianapolis Colts,Pittsburgh Steelers,30,13,15,17,43,1,27.6,28.4,0.4,-0.8,15.8,17.6,0,0.6,1.8,3,14.8,20.0,20.0,0.0,0,-0.22499999999999998,0.15000000000000002,-16.833333333333336,-10.833333333333334,-6.000000000000002,20.2,17.4,2.8000000000000007,0.8333333333333334,0,0,1,0.5,0,131.44,49.2,-82.24,1.1666666666666679,-2.333333333333332,3.5,4.48,3.84,0.099,0.067,0.348,0.284,0.548,0.48400000000000004,0.6400000000000006,1.0,2.0,-1.0,26.61523889809845,3.077183516975721,0,0,1,0,0,0,0,0.5729827286865319,0.7262100485773811,0.6583861829492255,0.7809680388619049,0,0,-0.15322731989084926,1.0,0.0,1.0,0.225,-0.5625,0.22222222222222207,0.2222222222222223,0.7875,1.5,13.3,2.933333333333333,0.05125094658749743,0
2023-12-17 01:15:00+00:00,Detroit Lions,Denver Broncos,42,17,15,25,59,1,28.2,19.8,0.8,8.4,20.8,19.6,0,0.6,-1.2,3,10.399999999999999,23.0,6.0,17.0,0,-0.11111111111111116,-0.33333333333333326,-5.333333333333333,-0.666666666666667,-4.666666666666666,29.8,16.6,13.2,0.8333333333333334,0,0,1,0.5,0,63.35999999999999,80.64000000000001,17.280000000000022,-8.333333333333332,-4.166666666666668,-4.166666666666664,5.1,4.6,0.13,0.10500000000000001,0.41,0.36,0.6100000000000001,0.56,0.5,2.0,2.0,0.0,19.980995118498253,1.7999539090068932,0,1200,1,1,0,0,1200,0.4732173123573631,0.7044602395615778,0.5785738498858904,0.7635681916492623,0,0,-0.2312429272042147,0.5,0.3333333333333333,0.16666666666666669,0.2,-0.125,0.22222222222222224,0.22222222222222204,0.325,-3.625,14.024999999999999,-13.933333333333334,0.0529522547917433,0
2023-12-17 18:00:00+00:00,Carolina Panthers,Atlanta Falcons,9,7,15,2,16,1,30.2,19.0,0.8,11.2,14.4,21.8,0,0.4,7.4,3,18.799999999999997,28.0,14.0,14.0,1,0.05194805194805191,-0.11688311688311681,-1.5,-0.8333333333333333,-0.6666666666666667,23.0,21.6,1.3999999999999986,0.8333333333333334,0,0,1,0.0,1,81.44000000000001,26.0,-55.44000000000001,1.0,-6.0,7.0,3.44,4.5600000000000005,0.05,0.10300000000000001,0.244,0.356,0.44400000000000006,0.556,-1.1200000000000006,1.0,1.0,0.0,12.396851835694614,-2.9390584485231317,1500,500,1,0,0,0,-1000,0.7767428612563532,0.7525126265847084,0.8213942890050825,0.8020101012677667,0,0,0.024230234671644757,-1.0,-0.5,-0.5,-0.875,-0.1,0.22222222222222252,0.22222222222222238,-0.775,-7.75,26.549999999999997,-5.199999999999999,0.07911517848736546,0
2023-12-17 18:00:00+00:00,New Orleans Saints,New York Giants,24,6,15,18,30,1,18.6,16.4,0.8,2.2,21.6,23.0,0,0.4,1.4,3,0.0,7.0,28.0,-21.0,0,-0.11111111111111116,-0.2828282828282829,11.833333333333334,17.166666666666664,-5.33333333333333,21.4,25.4,-4.0,0.8333333333333334,0,0,1,0.5,0,138.64000000000001,290.56,151.92,8.666666666666668,-1.0,9.666666666666668,4.58,4.0600000000000005,0.10400000000000001,0.07800000000000001,0.358,0.306,0.558,0.506,0.5199999999999996,0.0,1.0,-1.0,26.240413616537175,0.026329319218572452,1000,500,0,0,0,0,-500,0.6233888776204293,0.6012225714762682,0.6987111020963435,0.6809780571810146,0,0,0.02216630614416104,0.0,1.0,-1.0,0.1625,-0.6875,0.22222222222222207,0.22222222222222235,0.85,8.5,8.5,-13.6,0.033423786044118484,0
2023-12-17 18:00:00+00:00,New England Patriots,Kansas City Chiefs,17,27,15,-10,44,0,23.2,18.2,0.6,5.0,21.0,22.0,1,0.4,1.0,3,5.199999999999999,14.0,13.0,1.0,0,-0.11111111111111116,-0.027272727272727337,1.8333333333333335,-11.166666666666668,13.000000000000002,12.8,19.8,-7.0,0.8333333333333334,0,0,1,0.5,0,9.04,65.36,56.32,0.5,-5.0,5.5,3.32,4.4,0.05,0.095,0.23199999999999998,0.33999999999999997,0.43200000000000005,0.54,-1.0800000000000005,3.0,3.0,0.0,12.922707969057011,-2.8361274207042317,1000,1200,1,1,0,0,200,0.5635727437475977,0.6544931259728687,0.6508581949980782,0.7235945007782949,0,0,-0.09092038222527099,-0.6,-0.3333333333333333,-0.26666666666666666,-0.775,-0.15,0.2222222222222222,0.22222222222222232,-0.625,-2.375,7.574999999999999,3.8000000000000003,0.08991536186078589,0
2023-12-17 18:00:00+00:00,Green Bay Packers,Tampa Bay Buccaneers,20,34,15,-14,54,0,22.6,22.6,0.4,0.0,15.8,28.6,1,0.2,12.8,3,9.8,13.0,7.0,6.0,0,0.22499999999999998,-0.05555555555555558,1.0,5.5,-4.5,21.6,20.6,1.0,0.8333333333333334,0,0,1,0.5,0,22.64,87.75999999999999,65.11999999999999,0.8333333333333321,7.0,-6.166666666666668,4.7,4.38,0.11,0.09400000000000001,0.37,0.33799999999999997,0.5700000000000001,0.538,0.3200000000000003,3.0,3.0,0.0,5.143953625697731,1.6308712691905416,1000,1000,1,1,0,0,0,0.7222439244588879,0.6283482813170373,0.7777951395671103,0.7026786250536299,0,0,0.0938956431418505,0.0,0.3333333333333333,-0.3333333333333333,-0.1125,-0.05,0.2222222222222224,0.22222222222222224,-0.0625,5.875,3.9250000000000007,2.333333333333333,0.06752929841161733,0
2023-12-17 18:00:00+00:00,Tennessee Titans,Houston Texans,16,19,15,-3,35,0,10.4,19.0,0.2,-8.6,21.8,21.6,1,0.6,-0.2,3,-8.4,14.0,7.0,7.0,1,0.5142857142857143,-0.0,8.0,-11.166666666666666,19.166666666666664,24.4,22.8,1.5999999999999979,0.8333333333333334,0,0,1,0.5,0,97.36,120.96,23.599999999999994,15.666666666666666,-10.0,25.666666666666664,4.16,4.3,0.08300000000000002,0.09000000000000001,0.316,0.32999999999999996,0.516,0.53,-0.13999999999999968,1.0,3.0,-2.0,-8.023954463681433,-8.773605573808682,1000,1000,0,0,0,0,0,0.6213201385074723,0.5343015997450711,0.6970561108059778,0.6274412797960569,0,1,0.08701853876240118,0.3333333333333333,0.5,-0.16666666666666669,-0.2875,-0.05,0.22222222222222254,0.22222222222222215,-0.2375,-0.625,7.775,20.199999999999996,0.04384167200724189,0
2023-12-17 18:00:00+00:00,Cleveland Browns,Chicago Bears,20,17,15,3,37,1,13.6,22.8,0.2,-9.2,16.4,19.4,0,0.4,3.0,3,0.20000000000000107,7.0,19.0,-12.0,0,0.37777777777777777,-0.2222222222222222,-2.5,11.5,-14.0,26.6,18.2,8.400000000000002,0.8333333333333334,0,0,1,0.5,0,96.4,59.839999999999996,-36.56000000000001,5.666666666666668,0.33333333333333215,5.333333333333336,4.46,4.28,0.09800000000000002,0.08900000000000001,0.346,0.32799999999999996,0.546,0.528,0.17999999999999972,1.0,1.0,0.0,-11.087577835391011,-6.8253657590011985,1200,0,1,1,0,0,-1200,0.5425956384117003,0.6536462249375647,0.6340765107293602,0.7229169799500518,0,0,-0.11105058652586441,1.0,0.0,1.0,0.225,-0.2625,0.2222222222222224,0.22222222222222235,0.48750000000000004,2.5,2.299999999999999,-21.6,0.05172730625686095,0
2023-12-17 18:00:00+00:00,Miami Dolphins,New York Jets,30,0,15,30,30,1,20.0,20.0,0.6,0.0,23.6,28.4,0,0.2,4.8,3,-0.6000000000000014,5.0,27.0,-22.0,1,0.2954545454545454,0.06666666666666671,7.5,26.5,-19.0,18.0,20.2,-2.1999999999999993,0.8333333333333334,0,0,1,1.0,2,188.0,305.84000000000003,117.84000000000003,13.333333333333332,8.666666666666666,4.666666666666666,5.1,3.68,0.13,0.05900000000000001,0.41,0.268,0.6100000000000001,0.4680000000000001,1.4199999999999995,3.0,1.0,2.0,-11.132416913648775,9.902994176546134,1000,0,1,0,0,0,-1000,0.4674647898964801,0.6208562277974224,0.573971831917184,0.696684982237938,0,0,-0.15339143790094234,-0.3333333333333333,-1.0,0.6666666666666667,0.675,-0.85,0.22222222222222224,0.2222222222222222,1.525,17.375,17.975,4.733333333333335,0.04272213050290723,0
2023-12-17 21:05:00+00:00,Los Angeles Rams,Washington Commanders,28,20,15,8,48,1,22.0,18.2,0.6,3.8,17.4,24.2,0,0.4,6.8,3,7.600000000000001,13.0,23.0,-10.0,0,0.07499999999999996,0.09999999999999998,3.1666666666666665,-28.5,31.666666666666668,21.2,33.4,-12.2,0.8333333333333334,0,0,1,0.5,0,215.84,220.24,4.400000000000006,14.5,-9.166666666666668,23.666666666666668,4.78,4.1,0.114,0.08,0.378,0.31,0.5780000000000001,0.51,0.6800000000000006,2.0,3.0,-1.0,5.335450201949322,18.7556117240286,3000,500,1,0,1,1,-2500,0.4644293347278998,0.6208562277974224,0.5715434677823199,0.696684982237938,0,1,-0.15642689306952262,0.0,0.0,0.0,0.1375,-0.3,0.22222222222222207,0.22222222222222215,0.4375,14.0,6.399999999999999,41.6,0.03171454342199155,0
2023-12-17 21:05:00+00:00,Arizona Cardinals,San Francisco 49ers,29,45,15,-16,74,0,22.2,28.2,0.4,-6.0,28.2,15.2,1,0.6,-13.0,3,-3.0,21.0,13.0,8.0,1,0.17500000000000004,-0.21818181818181825,5.5,-3.166666666666668,8.666666666666668,23.6,13.0,10.600000000000001,0.8333333333333334,0,0,1,0.0,2,235.76,49.04,-186.72,5.333333333333334,4.333333333333332,1.0000000000000018,3.88,5.54,0.069,0.152,0.288,0.45399999999999996,0.48800000000000004,0.654,-1.6600000000000001,0.0,1.0,-1.0,26.652045945433816,4.136235839804709,1000,3000,1,1,0,0,2000,0.5856103886437306,0.5706563876101101,0.6684883109149844,0.656525110088088,0,0,0.014954001033620545,0.0,0.0,0.0,-0.675,0.4625,0.22222222222222232,0.2222222222222222,-1.1375000000000002,-15.625,12.625,-5.9333333333333345,0.06513525001397902,0
2023-12-17 21:25:00+00:00,Buffalo Bills,Dallas Cowboys,31,10,15,21,41,1,22.4,16.4,0.6,6.0,20.4,25.0,0,0.4,4.6,3,5.0,28.0,28.0,0.0,0,0.3522727272727273,-0.4888888888888888,-6.0,-17.0,11.0,21.6,17.0,4.600000000000001,0.8333333333333334,0,0,1,0.5,0,133.83999999999997,104.55999999999999,-29.279999999999987,3.0,-5.333333333333336,8.333333333333336,4.82,6.32,0.116,0.191,0.38199999999999995,0.532,0.5820000000000001,0.7320000000000001,-1.5,3.0,1.0,2.0,1.7003113894627873,-6.757879932261532,1000,0,1,0,0,0,-1000,0.6838340032514565,0.5104609949146034,0.7470672026011652,0.6083687959316827,0,0,0.1733730083368531,-0.5,1.0,-1.5,0.1625,1.3875,0.22222222222222227,0.2222222222222223,-1.2249999999999999,-11.0,16.0,3.7333333333333325,0.04216113189446344,0
2023-12-18 01:20:00+00:00,Jacksonville Jaguars,Baltimore Ravens,7,23,15,-16,30,0,25.6,21.8,0.6,3.8,22.6,14.0,1,0.8,-8.6,3,6.0,13.0,21.0,-8.0,0,-0.20000000000000007,-0.16666666666666663,-0.8333333333333335,-7.333333333333334,6.5,26.8,19.4,7.400000000000002,0.8333333333333334,0,0,1,0.5,0,270.0,144.64000000000001,-125.35999999999999,8.666666666666668,-5.5,14.166666666666668,4.68,5.48,0.10900000000000001,0.14900000000000002,0.368,0.44799999999999995,0.5680000000000001,0.648,-0.8000000000000007,1.0,2.0,-1.0,0.5209550830133017,5.348701319150531,1000,2500,1,0,0,0,1500,0.4984788763172582,0.6948361096066574,0.5987831010538065,0.7558688876853259,0,0,-0.19635723328939925,-0.3333333333333333,0.0,-0.3333333333333333,0.3875,0.95,0.22222222222222238,0.2222222222222222,-0.5625,-8.25,14.25,-0.13333333333333197,0.033533152800339805,0
2023-12-19 01:15:00+00:00,Seattle Seahawks,Philadelphia Eagles,20,17,15,3,37,1,24.6,22.8,0.8,1.8,21.8,23.0,0,0.6,1.2,3,5.800000000000001,24.0,7.0,17.0,0,0.5777777777777778,0.009615384615384581,-3.666666666666667,-25.5,21.833333333333332,28.6,29.8,-1.1999999999999993,0.8333333333333334,0,0,1,0.5,0,56.56,157.35999999999999,100.79999999999998,6.166666666666668,-12.666666666666668,18.833333333333336,4.48,4.66,0.099,0.10800000000000001,0.348,0.366,0.548,0.5660000000000001,-0.17999999999999972,0.0,3.0,-3.0,-6.744235103710135,-3.944019886598442,1000,500,1,0,0,1,-500,0.5356456094748323,0.5407632010607164,0.6285164875798659,0.632610560848573,0,1,-0.005117591585884096,-0.3333333333333333,1.0,-1.3333333333333333,-0.25,0.3125,0.22222222222222238,0.22222222222222243,-0.5625,-1.75,7.550000000000001,9.733333333333333,0.047798444880048904,0
2023-12-22 01:15:00+00:00,Los Angeles Rams,New Orleans Saints,30,22,16,8,52,1,24.8,17.6,0.8,7.2,23.8,19.6,0,0.4,-4.2,3,4.0,4.0,25.0,-21.0,0,0.14444444444444438,0.05555555555555558,-12.666666666666666,27.333333333333332,-40.0,21.2,19.2,2.0,0.8888888888888888,0,0,1,0.5,0,109.84,182.64,72.79999999999998,-0.5,5.333333333333332,-5.833333333333332,5.28,4.58,0.139,0.10400000000000001,0.428,0.358,0.6280000000000001,0.558,0.7000000000000002,2.0,0.0,2.0,0.4590496696143035,2.197560784330436,2500,0,0,0,0,0,-2500,0.46036036329787633,0.6808213666299074,0.5682882906383011,0.7446570933039259,0,0,-0.2204610033320311,0.0,-1.0,1.0,0.1625,0.3,0.22222222222222232,0.22222222222222238,-0.13749999999999998,-1.125,5.125,-1.9333333333333318,0.039000364948024197,0
2023-12-23 21:30:00+00:00,Pittsburgh Steelers,Cincinnati Bengals,34,11,16,23,45,1,16.2,20.0,0.4,-3.8,24.4,25.8,0,0.6,1.4,3,-5.199999999999999,15.0,18.0,-3.0,1,-0.06666666666666676,-0.13636363636363635,-6.333333333333334,17.166666666666668,-23.5,19.6,23.8,-4.199999999999999,0.8888888888888888,0,0,1,1.0,1,69.36,128.56,59.2,3.5,9.166666666666668,-5.666666666666668,3.64,4.8,0.05700000000000001,0.115,0.264,0.38,0.4640000000000001,0.5800000000000001,-1.1599999999999997,2.0,3.0,-1.0,-14.919785637319526,1.5362280222786124,0,1000,0,0,0,0,1000,0.764150471698585,0.62463559372258,0.811320377358868,0.699708474978064,0,0,0.13951487797600493,-0.3333333333333333,0.3333333333333333,-0.6666666666666666,-0.7,0.3875,0.22222222222222218,0.22222222222222238,-1.0875,-4.0,1.1999999999999993,-20.799999999999997,0.05647459708094313,0
2023-12-24 01:00:00+00:00,Los Angeles Chargers,Buffalo Bills,22,24,16,-2,46,0,20.4,23.6,0.2,-3.2,26.8,22.0,1,0.4,-4.8,3,-3.400000000000002,13.0,13.0,0.0,0,-0.12121212121212127,-0.375,-27.166666666666668,5.0,-32.16666666666667,26.0,18.8,7.199999999999999,0.8888888888888888,0,0,1,0.5,0,265.36,146.8,-118.56,2.0,-3.833333333333332,5.833333333333332,3.58,5.08,0.054000000000000006,0.129,0.258,0.408,0.4580000000000001,0.6080000000000001,-1.5,3.0,3.0,0.0,47.59866796376807,0.2163517389817602,3000,1000,1,1,0,1,-2000,0.4583373397584064,0.7230185024229958,0.5666698718067251,0.7784148019383966,1,0,-0.2646811626645894,0.0,-0.3333333333333333,0.3333333333333333,-0.2125,0.375,0.22222222222222207,0.22222222222222215,-0.5875,-6.0,2.599999999999998,-25.06666666666667,0.033519866895035784,0
2023-12-24 18:00:00+00:00,Atlanta Falcons,Indianapolis Colts,29,10,16,19,39,1,22.8,23.6,0.4,-0.8,20.4,23.6,0,0.6,3.2,3,5.400000000000002,14.0,14.0,0.0,0,0.17045454545454541,0.15555555555555556,-7.0,-6.166666666666667,-0.833333333333333,17.2,20.2,-3.0,0.8888888888888888,0,0,1,0.5,0,24.560000000000002,147.76,123.19999999999999,-4.0,-0.6666666666666679,-3.333333333333332,4.14,4.54,0.08199999999999999,0.102,0.31399999999999995,0.354,0.514,0.554,-0.40000000000000036,1.0,1.0,0.0,-12.643325842114237,-6.898283239337629,1000,0,1,1,0,0,-1000,0.6660487498151864,0.5720689307844078,0.7328389998521491,0.6576551446275263,0,0,0.09397981903077857,-0.5,1.0,-1.5,-0.2125,0.35,0.22222222222222232,0.2222222222222222,-0.5625,1.5,3.900000000000002,1.8666666666666667,0.06097908775331058,0
2023-12-24 18:00:00+00:00,Tennessee Titans,Seattle Seahawks,17,20,16,-3,37,0,21.0,21.4,0.4,-0.4,16.6,28.0,1,0.0,11.4,3,7.399999999999999,7.0,13.0,-6.0,0,0.42500000000000004,-0.595959595959596,4.333333333333333,3.833333333333334,0.4999999999999991,24.2,26.8,-2.6000000000000014,0.8888888888888888,0,0,1,0.5,0,80.64000000000001,56.55999999999999,-24.080000000000027,2.333333333333332,-3.333333333333332,5.666666666666664,4.36,4.3,0.09300000000000001,0.09000000000000001,0.33599999999999997,0.32999999999999996,0.536,0.53,0.0600000000000005,1.0,0.0,1.0,-3.804845897625919,-5.838077397167601,1000,1000,0,1,0,0,0,0.6213201385074723,0.5356456094748323,0.6970561108059778,0.6285164875798659,0,0,0.08567452903263995,0.0,-0.3333333333333333,0.3333333333333333,-0.2875,-0.25,0.22222222222222232,0.22222222222222227,-0.03749999999999998,6.75,0.6499999999999986,-0.6666666666666661,0.054390681079804847,0
2023-12-24 18:00:00+00:00,Minnesota Vikings,Detroit Lions,24,30,16,-6,54,0,20.6,20.6,0.4,0.0,22.6,27.6,1,0.6,5.0,3,1.0,26.0,14.0,12.0,1,-0.3232323232323232,0.07777777777777783,-1.6666666666666667,4.0,-5.666666666666667,15.8,25.6,-9.8,0.8888888888888888,0,0,1,0.5,0,16.4,183.04000000000002,166.64000000000001,-5.5,-1.1666666666666679,-4.333333333333332,3.98,5.12,0.07400000000000001,0.131,0.298,0.412,0.49800000000000005,0.612,-1.1400000000000001,2.0,2.0,0.0,-13.157194852319181,-4.49090454341947,1200,0,1,1,0,0,-1200,0.5688405892248205,0.40431237212780724,0.6550724713798564,0.5234498977022458,1,0,0.16452821709701326,-0.5,0.3333333333333333,-0.8333333333333333,-0.1875,0.475,0.2222222222222222,0.2222222222222223,-0.6625,6.875,5.875,-15.266666666666667,0.06671467220930817,0
2023-12-24 18:00:00+00:00,New York Jets,Washington Commanders,30,28,16,2,58,1,15.4,18.8,0.4,-3.4,16.6,26.6,0,0.2,10.0,3,1.799999999999999,14.0,6.0,8.0,0,-0.03030303030303033,0.0444444444444444,14.333333333333332,-2.333333333333332,16.666666666666664,23.0,35.6,-12.600000000000001,0.8888888888888888,0,0,1,0.5,0,389.04,158.64000000000001,-230.4,6.0,-0.8333333333333321,6.833333333333332,3.44,4.1,0.05,0.08,0.244,0.31,0.44400000000000006,0.51,-0.6599999999999997,1.0,3.0,-2.0,-22.399927402178026,3.9702962581090255,500,3000,0,1,0,0,2500,0.585421901205575,0.6317270034335941,0.66833752096446,0.7053816027468753,0,0,-0.04630510222801909,-1.0,-1.0,0.0,-1.1,-0.35,0.2222222222222223,0.2222222222222222,-0.7500000000000001,5.375,3.575000000000001,29.266666666666666,0.030452044626472326,0
2023-12-24 18:00:00+00:00,Carolina Panthers,Green Bay Packers,30,33,16,-3,63,0,12.0,20.2,0.4,-8.2,20.0,21.0,1,0.2,1.0,3,-5.0,7.0,12.0,-5.0,0,0.15909090909090906,-0.17045454545454541,1.0,-14.0,15.0,21.2,23.8,-2.6000000000000014,0.8888888888888888,0,0,1,0.5,0,102.64000000000001,64.24,-38.40000000000002,-5.166666666666666,-5.333333333333332,0.16666666666666607,3.36,4.72,0.05,0.111,0.236,0.372,0.43600000000000005,0.5720000000000001,-1.3599999999999999,1.0,3.0,-2.0,18.574697754237054,-4.235634939267205,1000,1000,1,0,0,0,0,0.8236658002541765,0.7310320651081248,0.8589326402033411,0.7848256520864999,0,0,0.09263373514605167,-0.3333333333333333,0.3333333333333333,-0.6666666666666666,-1.025,-0.075,0.22222222222222213,0.22222222222222204,-0.95,-5.625,0.625,5.8,0.050191115941324235,0
2023-12-24 18:00:00+00:00,Houston Texans,Cleveland Browns,22,36,16,-14,58,0,24.6,21.4,0.8,3.2,24.6,31.6,1,0.4,7.0,3,3.0,21.0,20.0,1.0,0,-0.0444444444444444,-0.4,-12.833333333333334,13.833333333333334,-26.666666666666668,20.6,23.8,-3.1999999999999993,0.8888888888888888,0,0,1,0.5,0,120.96,99.35999999999999,-21.60000000000001,-8.833333333333332,10.833333333333334,-19.666666666666664,4.08,4.2,0.07900000000000001,0.085,0.308,0.31999999999999995,0.508,0.52,-0.1200000000000001,3.0,1.0,2.0,-7.045515964057436,-2.5691836836263477,1000,1200,1,0,0,0,200,0.5330032789194339,0.6356191038212897,0.6264026231355471,0.7084952830570318,1,0,-0.10261582490185583,0.5,1.0,-0.5,-0.0625,-0.0125,0.22222222222222207,0.22222222222222224,-0.05,1.5,1.5,-0.7999999999999998,0.043630178711479256,0
2023-12-24 21:05:00+00:00,Tampa Bay Buccaneers,Jacksonville Jaguars,30,12,16,18,42,1,14.2,17.0,0.4,-2.8,25.4,21.2,0,0.8,-4.2,3,-8.2,21.0,14.0,7.0,0,0.0,0.25454545454545463,14.666666666666668,-16.666666666666668,31.333333333333336,23.4,24.6,-1.2000000000000028,0.8888888888888888,0,0,1,0.5,0,87.76,138.0,50.239999999999995,13.166666666666668,-12.666666666666668,25.833333333333336,4.66,4.76,0.10800000000000001,0.11300000000000002,0.366,0.376,0.5660000000000001,0.5760000000000001,-0.09999999999999964,3.0,1.0,2.0,17.603120411570096,-0.5386573825392766,1000,500,1,0,0,0,-500,0.6164006810485712,0.46239099942430273,0.6931205448388569,0.5699127995394422,0,0,0.15400968162426842,0.3333333333333333,-0.3333333333333333,0.6666666666666666,0.2125,0.0125,0.22222222222222224,0.2222222222222223,0.19999999999999998,5.625,13.825,19.266666666666666,0.043724517356735604,0
2023-12-24 21:25:00+00:00,Chicago Bears,Arizona Cardinals,27,16,16,11,43,1,23.0,17.6,0.6,5.4,11.8,20.8,0,0.2,9.0,3,14.2,14.0,21.0,-7.0,0,0.24444444444444446,-0.13333333333333336,6.0,7.666666666666666,-1.666666666666666,17.4,27.2,-9.8,0.8888888888888888,0,0,1,0.5,0,48.64,170.64,121.99999999999999,4.5,8.166666666666668,-3.666666666666668,4.28,4.46,0.08900000000000001,0.09800000000000002,0.32799999999999996,0.346,0.528,0.546,-0.17999999999999972,1.0,0.0,1.0,4.750393149095609,-4.603668638056559,0,500,1,0,0,0,500,0.6707608202233519,0.5494794677264976,0.7366086561786815,0.639583574181198,0,0,0.12128135249685434,0.0,0.0,0.0,-0.2125,-0.425,0.22222222222222232,0.22222222222222215,0.2125,12.75,1.4499999999999993,5.200000000000001,0.04912819767721307,0
2023-12-24 21:25:00+00:00,Miami Dolphins,Dallas Cowboys,22,20,16,2,42,1,30.0,15.8,0.8,14.2,19.2,25.6,0,0.4,6.4,3,13.8,7.0,7.0,0.0,0,0.3232323232323232,-0.5252525252525252,-4.833333333333332,-21.833333333333332,17.0,13.8,19.8,-6.0,0.8888888888888888,0,0,1,0.5,0,155.44,367.43999999999994,211.99999999999994,-4.5,-18.166666666666664,13.666666666666664,5.42,5.54,0.14600000000000002,0.152,0.44199999999999995,0.45399999999999996,0.642,0.654,-0.1200000000000001,3.0,1.0,2.0,-15.990662334960964,-9.743650141977623,500,1000,0,0,0,0,500,0.5271429920155566,0.3948463521550911,0.6217143936124452,0.5158770817240729,0,1,0.13229663986046547,0.0,1.0,-1.0,0.525,1.2625,0.22222222222222215,0.22222222222222235,-0.7374999999999999,-1.125,14.925,35.400000000000006,0.03095855726656236,0
2023-12-25 01:15:00+00:00,Denver Broncos,New England Patriots,23,26,16,-3,49,0,22.8,17.8,0.8,5.0,13.0,23.6,1,0.2,10.6,3,12.8,28.0,17.0,11.0,0,0.3666666666666666,0.13333333333333336,-8.333333333333332,0.833333333333333,-9.166666666666664,20.6,14.2,6.400000000000002,0.8888888888888888,0,0,1,0.5,0,244.8,18.0,-226.8,-1.8333333333333321,14.666666666666668,-16.5,4.46,3.32,0.09800000000000002,0.05,0.346,0.23199999999999998,0.546,0.43200000000000005,1.1400000000000001,2.0,3.0,-1.0,33.91157889386249,2.2638058497449904,1200,500,1,0,0,0,-700,0.8056461024316723,0.5635727437475977,0.8445168819453379,0.6508581949980782,0,0,0.24207335868407465,0.0,-0.5,0.5,-0.0125,-0.775,0.2222222222222224,0.2222222222222223,0.7625000000000001,10.125,2.6750000000000007,-11.400000000000002,0.06270443816363158,0
2023-12-25 18:00:00+00:00,Kansas City Chiefs,Las Vegas Raiders,14,20,16,-6,34,0,21.0,16.0,0.6,5.0,13.2,27.6,1,0.0,14.4,3,10.8,14.0,36.0,-22.0,1,0.0,-0.2954545454545454,2.8333333333333335,25.166666666666668,-22.333333333333336,20.4,17.4,3.0,0.8888888888888888,0,0,1,1.0,2,73.76,387.44000000000005,313.68000000000006,-0.33333333333333215,16.166666666666664,-16.499999999999996,4.52,4.48,0.101,0.099,0.352,0.348,0.552,0.548,0.03999999999999915,3.0,1.0,2.0,10.071510459840894,-0.63614232473202,1000,0,1,0,0,0,-1000,0.6403126357515461,0.11261004203337976,0.7122501086012368,0.29008803362670377,0,0,0.5277025937181663,-1.0,-0.3333333333333333,-0.6666666666666667,-0.05,-0.1375,0.22222222222222224,0.22222222222222224,0.08750000000000001,2.875,7.925000000000001,-13.666666666666668,0.053424281108533304,0
2023-12-25 21:30:00+00:00,Philadelphia Eagles,New York Giants,33,25,16,8,58,1,29.8,29.4,0.8,0.4,13.8,27.2,0,0.2,13.4,3,19.0,22.0,8.0,14.0,1,0.05982905982905984,-0.3055555555555556,-6.166666666666667,-2.333333333333333,-3.833333333333334,29.2,24.2,5.0,0.8888888888888888,0,0,1,1.0,2,131.76,257.44,125.68,-10.666666666666668,-4.333333333333332,-6.333333333333336,4.4399999999999995,4.0600000000000005,0.097,0.07800000000000001,0.344,0.306,0.544,0.506,0.379999999999999,3.0,1.0,2.0,-7.231188799558486,-8.64580294392255,3000,500,1,0,1,0,-2500,0.5612517806303938,0.5841048810096469,0.6490014245043151,0.6672839048077175,1,0,-0.022853100379253033,0.3333333333333333,1.0,-0.6666666666666667,0.35,-0.725,0.22222222222222235,0.22222222222222224,1.075,8.0,11.0,-25.6,0.04858180457360605,0
2023-12-26 01:15:00+00:00,San Francisco 49ers,Baltimore Ravens,19,33,16,-14,52,0,29.8,17.4,0.8,12.4,21.6,14.8,1,0.8,-6.8,3,11.2,15.0,7.0,8.0,0,0.18181818181818188,-0.12121212121212122,-4.0,3.666666666666667,-7.666666666666667,18.2,20.2,-2.0,0.8888888888888888,0,0,1,0.5,0,15.439999999999998,40.96,25.520000000000003,3.1666666666666643,1.6666666666666679,1.4999999999999964,5.76,5.2,0.16300000000000003,0.135,0.476,0.42,0.676,0.6200000000000001,0.5599999999999996,1.0,2.0,-1.0,14.21610924776353,-4.781447255345621,3000,3000,1,1,0,1,0,0.5201318540473852,0.6868132545908112,0.6161054832379081,0.7494506036726489,0,0,-0.16668140054342606,0.0,0.0,0.0,0.8125,0.9375,0.22222222222222227,0.2222222222222222,-0.125,0.125,11.075,14.733333333333334,0.0845001366383146,0
2023-12-29 01:15:00+00:00,Cleveland Browns,New York Jets,37,20,17,17,57,1,22.0,14.2,1.0,7.8,12.4,21.8,0,0.4,9.4,3,12.6,11.0,11.0,0.0,0,0.34545454545454546,-0.036363636363636376,18.5,-13.333333333333334,31.833333333333336,26.2,22.2,4.0,0.9444444444444444,0,0,1,1.0,1,153.04000000000002,353.2,200.15999999999997,7.333333333333332,-2.0,9.333333333333332,4.66,3.92,0.10800000000000001,0.07100000000000001,0.366,0.292,0.5660000000000001,0.49200000000000005,0.7400000000000002,1.0,1.0,0.0,20.972039736696843,-2.670870510228502,0,500,0,0,0,0,500,0.5710204696025695,0.4783215190368688,0.6568163756820555,0.5826572152294951,0,0,0.09269895056570066,1.0,0.0,1.0,0.1875,-0.8875,0.2222222222222223,0.2222222222222224,1.075,15.5,2.9000000000000004,-6.666666666666666,0.03759312984283574,0
2023-12-31 01:15:00+00:00,Dallas Cowboys,Detroit Lions,20,19,17,1,39,1,42.2,19.0,1.0,23.2,24.6,31.2,0,0.6,6.6,3,20.6,19.0,6.0,13.0,0,0.5555555555555555,0.10000000000000009,-31.833333333333332,21.166666666666668,-53.0,22.2,25.2,-3.0,0.9444444444444444,0,0,1,0.5,0,363.44,184.16,-179.28,-24.666666666666664,13.333333333333332,-38.0,5.28,5.1,0.139,0.13,0.428,0.41,0.6280000000000001,0.6100000000000001,0.1800000000000006,1.0,2.0,-1.0,12.624310216052228,-5.372782479207516,2000,0,1,1,0,0,-2000,0.37512501250250063,0.5515652221336975,0.5001000100020006,0.641252177706958,1,0,-0.1764402096311969,0.0,0.3333333333333333,-0.3333333333333333,0.975,0.775,0.22222222222222238,0.2222222222222223,0.19999999999999996,9.75,10.850000000000001,-20.933333333333334,0.029617953777382477,0
2023-12-31 18:00:00+00:00,Baltimore Ravens,Miami Dolphins,56,19,17,37,75,1,29.6,28.2,0.8,1.4,13.2,21.0,0,0.2,7.8,3,19.400000000000002,21.0,28.0,-7.0,0,0.08333333333333337,-0.34545454545454546,5.0,-0.6666666666666679,5.666666666666668,17.4,15.2,2.1999999999999993,0.9444444444444444,0,0,1,0.5,0,12.8,180.24,167.44,-2.333333333333332,-9.333333333333336,7.0000000000000036,5.24,5.46,0.137,0.14800000000000002,0.42399999999999993,0.446,0.624,0.646,-0.21999999999999975,2.0,3.0,-1.0,2.986261026498329,-3.2561088866340384,3000,0,1,0,1,0,-3000,0.7097953308439025,0.5545806049350792,0.767836264675122,0.6436644839480634,0,0,0.15521472590882324,1.0,0.0,1.0,0.875,0.5875,0.2222222222222223,0.2222222222222222,0.2875,3.375,16.025000000000002,2.0666666666666664,0.07194307685621948,0
2023-12-31 18:00:00+00:00,Jacksonville Jaguars,Carolina Panthers,26,0,17,26,26,1,22.8,14.6,0.8,8.2,16.4,16.6,0,0.4,0.2,3,9.400000000000002,13.0,21.0,-8.0,0,-0.18181818181818188,-0.13131313131313127,-15.666666666666666,10.166666666666666,-25.833333333333332,27.8,21.2,6.600000000000001,0.9444444444444444,0,0,1,0.5,0,65.03999999999999,67.44,2.4000000000000057,-17.833333333333332,8.166666666666666,-26.0,4.32,3.76,0.091,0.063,0.33199999999999996,0.27599999999999997,0.532,0.47600000000000003,0.5600000000000005,1.0,1.0,0.0,12.567987090427584,-4.72077329415909,1000,500,1,0,0,0,-500,0.46863971732919296,0.6491639449828452,0.5749117738633543,0.7193311559862763,1,0,-0.18052422765365228,-0.3333333333333333,-0.5,0.16666666666666669,-0.225,-0.8375,0.2222222222222222,0.2222222222222224,0.6125,7.25,2.150000000000002,-14.8,0.05471736276885447,0
2023-12-31 18:00:00+00:00,Houston Texans,Tennessee Titans,26,3,17,23,29,1,29.0,25.2,0.6,3.8,15.2,22.8,0,0.2,7.6,3,16.8,7.0,19.0,-12.0,1,-0.09999999999999998,-0.3555555555555556,1.833333333333333,-4.666666666666667,6.5,24.6,21.4,3.200000000000003,0.9444444444444444,0,0,1,1.0,1,119.43999999999998,15.36,-104.07999999999998,4.166666666666668,-7.833333333333332,12.0,4.1,4.42,0.08,0.096,0.31,0.34199999999999997,0.51,0.542,-0.3200000000000003,3.0,1.0,2.0,10.344211556173535,9.680768940591747,1000,1000,1,0,0,0,0,0.5605401042188263,0.6601930695232954,0.648432083375061,0.7281544556186363,0,0,-0.0996529653044691,0.3333333333333333,-0.2,0.5333333333333333,0.05,-0.425,0.22222222222222227,0.22222222222222232,0.475,5.0,11.8,-19.2,0.08613481992308251,0
2023-12-31 18:00:00+00:00,Tampa Bay Buccaneers,New Orleans Saints,13,23,17,-10,36,0,12.2,14.6,0.6,-2.4,24.0,27.4,1,0.4,3.4,3,-8.8,6.0,9.0,-3.0,1,0.045454545454545414,-0.0,16.0,2.3333333333333335,13.666666666666666,20.4,19.8,0.5999999999999979,0.9444444444444444,0,0,1,1.0,1,77.84,182.64000000000001,104.80000000000001,8.666666666666668,-0.6666666666666679,9.333333333333336,4.98,4.64,0.12400000000000001,0.107,0.39799999999999996,0.364,0.5980000000000001,0.5640000000000001,0.34000000000000075,3.0,0.0,3.0,-14.169988572449586,3.8172534441202837,1000,1200,1,0,0,0,200,0.6250520869507339,0.677170710746376,0.7000416695605871,0.7417365685971009,0,0,-0.05211862379564214,0.3333333333333333,-1.0,1.3333333333333333,0.3625,0.275,0.2222222222222224,0.2222222222222221,0.08749999999999997,3.375,12.175,1.5333333333333332,0.05121058331914599,0
2023-12-31 18:00:00+00:00,Washington Commanders,San Francisco 49ers,10,27,17,-17,37,0,24.6,13.4,0.8,11.2,17.6,20.6,1,0.4,3.0,3,10.0,28.0,13.0,15.0,0,0.0,-0.11363636363636365,20.666666666666668,-16.666666666666668,37.333333333333336,35.8,22.0,13.799999999999997,0.9444444444444444,0,0,1,0.5,0,164.64000000000001,168.8,4.159999999999997,9.333333333333334,-1.6666666666666643,10.999999999999998,4.14,5.6,0.08199999999999999,0.155,0.31399999999999995,0.45999999999999996,0.514,0.66,-1.46,3.0,1.0,2.0,-18.58770977539891,4.1781629103638265,3000,500,1,0,0,-1,-2500,0.6755413161895647,0.5363611993156742,0.7404330529516518,0.6290889594525393,0,0,0.13918011687389054,-1.0,0.0,-1.0,-0.0875,0.8375,0.2222222222222223,0.22222222222222235,-0.925,-19.375,29.375,6.999999999999998,0.03594202380288454,0
2023-12-31 18:00:00+00:00,New York Giants,Los Angeles Rams,25,26,17,-1,51,0,18.0,14.4,0.6,3.6,21.4,25.6,1,0.2,4.2,3,-0.3999999999999986,19.0,21.0,-2.0,0,0.32478632478632485,-0.19999999999999996,-18.666666666666668,-3.333333333333334,-15.333333333333334,21.0,22.4,-1.3999999999999986,0.9444444444444444,0,0,1,0.5,0,105.76000000000002,96.4,-9.360000000000014,-6.166666666666668,-5.666666666666664,-0.5000000000000036,4.22,5.54,0.08600000000000001,0.152,0.32199999999999995,0.45399999999999996,0.522,0.654,-1.3200000000000003,1.0,2.0,-1.0,3.4498390593691157,-14.289108105982372,1000,2500,1,0,0,-1,1500,0.551783046393825,0.4674647898964801,0.64142643711506,0.573971831917184,0,0,0.08431825649734492,1.0,-1.0,2.0,-0.5875,0.325,0.2222222222222224,0.2222222222222223,-0.9125000000000001,-6.875,6.475000000000001,-2.3333333333333326,0.04526421079801968,0
2023-12-31 18:00:00+00:00,Buffalo Bills,New England Patriots,27,21,17,6,48,1,35.4,18.6,0.8,16.8,26.0,25.6,0,0.4,-0.4,3,12.399999999999999,13.0,6.0,7.0,1,0.3055555555555556,0.2,2.833333333333334,-1.5,4.333333333333334,18.4,16.8,1.5999999999999979,0.9444444444444444,0,0,1,0.5,2,131.76000000000002,25.839999999999996,-105.92000000000002,-1.1666666666666679,12.166666666666666,-13.333333333333334,5.12,3.7199999999999998,0.131,0.061,0.412,0.27199999999999996,0.612,0.47200000000000003,1.4000000000000004,3.0,3.0,0.0,8.382012763772668,4.602375693916357,3000,1000,1,1,1,0,-2000,0.7216819490223461,0.5934616408012646,0.7773455592178768,0.6747693126410117,0,0,0.12822030822108144,0.3333333333333333,0.0,0.3333333333333333,0.3625,-0.8125,0.2222222222222223,0.2222222222222223,1.175,13.125,0.7250000000000014,-0.20000000000000107,0.08558235263329983,0
2023-12-31 18:00:00+00:00,Chicago Bears,Atlanta Falcons,37,17,17,20,54,1,22.4,25.0,0.4,-2.6,13.6,24.8,0,0.0,11.2,3,11.799999999999999,6.0,14.0,-8.0,0,0.30000000000000004,-0.20833333333333337,0.0,5.166666666666666,-5.166666666666666,18.0,14.2,3.8000000000000007,0.9444444444444444,0,0,1,0.5,0,60.8,68.24,7.439999999999998,0.0,-2.666666666666668,2.666666666666668,4.5,4.26,0.1,0.08800000000000001,0.35,0.326,0.55,0.526,0.2400000000000002,1.0,1.0,0.0,-7.399887802398938,-4.820960538306391,0,500,0,0,0,0,500,0.6968911086754465,0.6446832399112026,0.7575128869403571,0.7157465919289621,0,0,0.05220786876424388,-0.3333333333333333,-0.3333333333333333,0.0,-0.25,-0.05,0.22222222222222232,0.22222222222222232,-0.2,0.75,11.049999999999999,8.933333333333334,0.05541302442526297,0
2023-12-31 18:00:00+00:00,Philadelphia Eagles,Arizona Cardinals,31,35,17,-4,66,0,17.6,38.2,0.0,-20.6,33.8,17.2,1,0.8,-16.6,3,-13.199999999999996,5.0,6.0,-1.0,0,0.08730158730158732,-0.15151515151515155,15.833333333333334,-8.833333333333332,24.666666666666664,30.8,28.0,2.8000000000000007,0.9444444444444444,0,0,1,0.5,0,153.2,158.16000000000003,4.960000000000036,2.0,4.5,-2.5,4.68,4.28,0.10900000000000001,0.08900000000000001,0.368,0.32799999999999996,0.5680000000000001,0.528,0.39999999999999947,3.0,0.0,3.0,-18.518645701251845,0.5828905484792702,3000,1000,1,1,0,-1,-2000,0.5522626327856921,0.5713392950129438,0.6418101062285537,0.6570714360103551,0,0,-0.019076662227251684,0.0,-1.0,1.0,0.375,-0.35,0.22222222222222235,0.22222222222222224,0.725,9.75,22.949999999999996,-11.866666666666667,0.0371028590602617,0
2023-12-31 18:00:00+00:00,Indianapolis Colts,Las Vegas Raiders,23,20,17,3,43,1,25.0,26.0,0.6,-1.0,16.0,24.8,0,0.2,8.8,3,12.0,14.0,6.0,8.0,0,-0.101010101010101,-0.21212121212121204,2.3333333333333335,32.0,-29.666666666666668,24.8,17.8,7.0,0.9444444444444444,0,0,1,0.5,0,215.84000000000006,387.76000000000005,171.92,-4.0,31.5,-35.5,4.54,4.5600000000000005,0.102,0.10300000000000001,0.354,0.356,0.554,0.556,-0.020000000000000462,1.0,1.0,0.0,-20.635450504152963,-4.597627919988047,1000,500,1,0,0,0,-500,0.577211636867806,0.12716786407694636,0.6617693094942447,0.30173429126155715,0,0,0.4500437727908596,1.0,-0.3333333333333333,1.3333333333333333,0.0,-0.0375,0.22222222222222232,0.22222222222222215,0.0375,-2.625,14.625,-26.733333333333334,0.028014382959932492,0
2023-12-31 21:05:00+00:00,Seattle Seahawks,Pittsburgh Steelers,23,30,17,-7,53,0,21.2,20.8,0.8,0.4,13.8,20.0,1,0.4,6.2,3,10.399999999999999,12.0,14.0,-2.0,0,0.5181818181818182,0.030303030303030387,15.0,6.666666666666666,8.333333333333334,26.8,19.2,7.600000000000001,0.9444444444444444,0,0,1,0.5,0,68.4,210.8,142.4,-1.3333333333333321,8.833333333333334,-10.166666666666666,4.38,4.12,0.09400000000000001,0.081,0.33799999999999997,0.31199999999999994,0.538,0.512,0.2599999999999998,0.0,2.0,-2.0,-12.996919308703996,2.959744665175927,1000,0,1,0,0,0,-1000,0.5431083279375734,0.6283482813170373,0.6344866623500587,0.7026786250536299,0,0,-0.085239953379464,0.3333333333333333,0.0,0.3333333333333333,-0.3,-0.4,0.22222222222222215,0.22222222222222227,0.10000000000000003,-4.75,15.149999999999999,7.6,0.04307680159385385,0
2023-12-31 21:25:00+00:00,Denver Broncos,Los Angeles Chargers,16,9,17,7,25,1,23.2,16.8,0.8,6.4,18.2,24.6,0,0.4,6.4,3,8.0,6.0,16.0,-10.0,1,0.29999999999999993,0.1545454545454546,-23.666666666666664,-15.0,-8.666666666666664,21.8,26.2,-4.399999999999999,0.9444444444444444,0,0,1,1.0,2,247.35999999999999,269.6,22.240000000000038,-3.333333333333332,13.833333333333332,-17.166666666666664,4.5,3.62,0.1,0.056,0.35,0.26199999999999996,0.55,0.462,0.8799999999999999,2.0,3.0,-1.0,4.825132686198117,-2.3660292814296575,1200,500,1,0,0,0,-700,0.8130215587293551,0.48982999157143703,0.8504172469834841,0.5918639932571497,0,0,0.3231915671579181,-1.0,0.0,-1.0,0.0375,-0.3125,0.22222222222222246,0.22222222222222232,0.35,11.625,3.625,12.866666666666665,0.04101582481261566,0
2023-12-31 21:25:00+00:00,Kansas City Chiefs,Cincinnati Bengals,25,17,17,8,42,1,20.0,18.4,0.4,1.6,26.0,27.2,0,0.6,1.2,3,-3.0,6.0,7.0,-1.0,0,-0.06060606060606066,-0.18181818181818177,1.0,-15.666666666666668,16.666666666666668,20.2,23.8,-3.6000000000000014,0.9444444444444444,0,0,1,1.0,1,79.03999999999999,196.24,117.20000000000002,-1.8333333333333321,-7.0,5.166666666666668,4.46,4.62,0.09800000000000002,0.106,0.346,0.362,0.546,0.562,-0.16000000000000014,3.0,3.0,0.0,-10.024497484877712,-3.474111422461927,1000,0,0,0,0,0,-1000,0.6721876489514161,0.5684783464297534,0.7377501191611329,0.6547826771438027,0,0,0.10370930252166277,-1.0,0.3333333333333333,-1.3333333333333333,-0.2625,0.1375,0.22222222222222243,0.22222222222222227,-0.4,4.125,7.125,-1.2666666666666666,0.05032088914272758,0
2024-01-01 01:20:00+00:00,Minnesota Vikings,Green Bay Packers,10,33,17,-23,43,0,20.6,21.0,0.4,-0.4,24.0,23.6,1,0.4,-0.4,3,-0.3999999999999986,7.0,7.0,0.0,1,-0.3454545454545454,-0.101010101010101,-4.5,-9.833333333333332,5.333333333333332,18.0,25.8,-7.800000000000001,0.9444444444444444,0,0,1,0.5,2,8.559999999999999,64.24,55.67999999999999,13.0,0.5,12.5,3.92,4.92,0.07100000000000001,0.121,0.292,0.39199999999999996,0.49200000000000005,0.5920000000000001,-1.0,2.0,3.0,-1.0,-14.804725207141715,1.8166209128551432,1200,2000,1,1,0,0,800,0.5648725043162637,0.7648969640774497,0.651898003453011,0.8119175712619597,0,0,-0.200024459761186,-0.6,0.3333333333333333,-0.9333333333333333,-0.1625,0.2125,0.2222222222222222,0.22222222222222227,-0.375,2.75,3.1499999999999986,4.133333333333333,0.12797923161145364,0
2024-01-06 21:30:00+00:00,Baltimore Ravens,Pittsburgh Steelers,10,17,18,-7,27,0,39.0,21.2,0.8,17.8,18.6,18.6,1,0.6,0.0,3,23.4,6.0,6.0,0.0,1,0.1166666666666667,0.0636363636363636,14.833333333333334,26.333333333333336,-11.500000000000002,17.2,21.8,-4.600000000000001,1.0,0,0,1,0.0,2,115.84,213.76,97.91999999999999,17.833333333333332,18.333333333333336,-0.5000000000000036,5.68,4.4,0.159,0.095,0.46799999999999997,0.33999999999999997,0.668,0.54,1.2799999999999994,2.0,2.0,0.0,29.648185677959084,-5.764120575184197,3000,1200,1,1,0,0,-1800,0.491056547836599,0.5781365742328448,0.5928452382692793,0.6625092593862758,0,0,-0.08708002639624579,1.0,0.0,1.0,1.1875,-0.275,0.2222222222222223,0.2222222222222222,1.4625,18.75,4.649999999999999,3.5999999999999988,0.05216097425115257,0
2024-01-07 01:15:00+00:00,Indianapolis Colts,Houston Texans,19,23,18,-4,42,0,29.0,26.0,0.6,3.0,17.4,21.8,1,0.4,4.4,3,14.600000000000001,6.0,20.0,-14.0,1,-0.045454545454545414,0.054545454545454564,-8.0,9.833333333333332,-17.833333333333332,24.8,20.4,4.400000000000002,1.0,0,0,1,0.5,2,203.36,265.03999999999996,61.67999999999995,-8.5,8.333333333333334,-16.833333333333336,4.46,4.2,0.09800000000000002,0.085,0.346,0.31999999999999995,0.546,0.52,0.2599999999999998,1.0,3.0,-2.0,7.468888618779238,-2.766894071024411,1000,0,0,0,0,0,-1000,0.5869322089535424,0.6755413161895647,0.669545767162834,0.7404330529516518,0,0,-0.08860910723602233,1.0,1.0,0.0,-0.05,-0.1125,0.2222222222222222,0.22222222222222238,0.0625,4.375,10.225000000000001,-8.066666666666666,0.043189698397557305,0
2024-01-07 18:00:00+00:00,Cincinnati Bengals,Cleveland Browns,31,14,18,17,45,1,24.4,20.4,0.6,4.0,24.0,28.4,0,0.4,4.4,3,3.3999999999999986,22.0,14.0,8.0,1,0.21969696969696972,-0.36363636363636365,-24.166666666666664,18.833333333333332,-43.0,25.6,24.4,1.2000000000000028,1.0,0,0,1,0.0,1,201.2,142.16000000000003,-59.039999999999964,-17.666666666666668,13.166666666666668,-30.833333333333336,4.76,5.16,0.11300000000000002,0.133,0.376,0.416,0.5760000000000001,0.6160000000000001,-0.40000000000000036,3.0,1.0,2.0,9.197988345740344,-4.745209204200054,0,0,1,0,0,0,0,0.5562940162675287,0.5194810747743643,0.645035213014023,0.6155848598194915,1,0,0.036812941493164386,1.0,1.0,0.0,0.05,0.3125,0.2222222222222221,0.2222222222222223,-0.2625,-1.625,5.024999999999999,-25.66666666666667,0.04297125876550995,0
2024-01-07 18:00:00+00:00,Detroit Lions,Minnesota Vikings,30,20,18,10,50,1,32.6,22.0,0.8,10.6,20.4,17.2,0,0.6,-3.2,3,15.200000000000003,21.0,22.0,-1.0,1,-0.027272727272727337,0.3636363636363636,-2.5,-13.833333333333334,11.333333333333334,23.4,20.4,3.0,1.0,0,0,1,1.0,1,166.4,78.96000000000001,-87.44,-4.833333333333332,4.666666666666666,-9.499999999999998,5.04,3.7199999999999998,0.127,0.061,0.40399999999999997,0.27199999999999996,0.604,0.47200000000000003,1.3200000000000003,2.0,2.0,0.0,-8.395530663312206,-6.052690714168733,0,0,1,0,0,0,0,0.5194810747743643,0.5404230885912565,0.6155848598194915,0.6323384708730053,0,0,-0.020942013816892202,0.3333333333333333,-0.5,0.8333333333333333,0.6875,-0.3375,0.2222222222222225,0.22222222222222224,1.025,8.25,6.950000000000003,24.666666666666668,0.0519294514560904,0
2024-01-07 18:00:00+00:00,Tennessee Titans,Jacksonville Jaguars,28,20,18,8,48,1,21.2,20.6,0.4,0.6,22.8,23.2,0,0.6,0.4,3,1.3999999999999986,14.0,13.0,1.0,1,0.3737373737373738,0.14393939393939392,-11.333333333333334,11.666666666666668,-23.0,24.6,23.6,1.0,1.0,0,0,1,0.0,2,72.96000000000001,247.2,174.23999999999998,-14.0,-2.666666666666668,-11.333333333333332,4.14,4.36,0.08199999999999999,0.09300000000000001,0.31399999999999995,0.33599999999999997,0.514,0.536,-0.22000000000000064,1.0,1.0,0.0,22.510527746631176,3.8257209213621657,0,500,0,0,0,0,500,0.5805975232548095,0.4585898043073071,0.6644780186038477,0.5668718434458457,1,0,0.1220077189475024,-0.5,-1.0,0.5,-0.5875,-0.15,0.2222222222222224,0.22222222222222238,-0.4375,-1.375,2.7749999999999986,-4.199999999999999,0.05761100406167904,0
2024-01-07 18:00:00+00:00,New England Patriots,New York Jets,3,17,18,-14,20,0,13.8,17.6,0.2,-3.8,10.2,25.0,1,0.2,14.8,3,6.600000000000001,21.0,9.0,12.0,1,-0.16363636363636364,-0.06666666666666665,2.833333333333333,-3.8333333333333335,6.666666666666666,20.2,22.8,-2.6000000000000014,1.0,0,0,1,1.0,1,27.76,331.76,304.0,10.833333333333334,12.333333333333334,-1.5,4.0,4.0600000000000005,0.07500000000000001,0.07800000000000001,0.3,0.306,0.5,0.506,-0.0600000000000005,3.0,1.0,2.0,-6.8869749687616135,4.759157045071216,1000,1000,1,1,0,0,0,0.5787388725505284,0.48677642542455246,0.6629910980404227,0.5894211403396419,0,0,0.0919624471259759,0.0,0.0,0.0,-0.7625,-0.7125,0.2222222222222223,0.2222222222222222,-0.04999999999999993,9.375,2.7749999999999986,6.866666666666667,0.06346962006326692,0
2024-01-07 18:00:00+00:00,New Orleans Saints,Atlanta Falcons,48,17,18,31,65,1,25.6,18.6,0.6,7.0,16.6,21.4,0,0.2,4.8,3,12.0,21.0,7.0,14.0,1,-0.045454545454545414,-0.25,-10.666666666666666,-0.16666666666666669,-10.5,17.6,18.6,-1.0,1.0,0,0,1,0.0,1,144.64000000000001,161.04000000000002,16.400000000000006,-4.166666666666668,8.0,-12.166666666666668,4.8,4.12,0.115,0.081,0.38,0.31199999999999994,0.5800000000000001,0.512,0.6799999999999997,0.0,1.0,-1.0,-5.022902116802884,-2.586591255884287,2200,1000,1,1,0,0,-1200,0.7962269951637362,0.6387954180800027,0.836981596130989,0.7110363344640023,0,0,0.15743157708373345,-1.0,-0.3333333333333333,-0.6666666666666667,0.0875,-0.125,0.22222222222222224,0.2222222222222222,0.2125,6.125,5.875,7.2666666666666675,0.044943294696932354,0
2024-01-07 18:00:00+00:00,Carolina Panthers,Tampa Bay Buccaneers,0,9,18,-9,9,0,15.4,22.6,0.4,-7.2,26.8,27.6,1,0.4,0.8,3,-8.4,14.0,21.0,-7.0,1,0.13888888888888884,-0.0,-6.833333333333333,-3.0,-3.833333333333333,23.0,19.6,3.3999999999999986,1.0,0,0,1,0.0,2,128.24,95.35999999999999,-32.880000000000024,4.0,-6.5,10.5,3.56,4.84,0.053000000000000005,0.11699999999999999,0.256,0.38399999999999995,0.45600000000000007,0.5840000000000001,-1.2799999999999998,1.0,3.0,-2.0,20.274893005498914,0.22071161177264578,500,500,0,0,0,0,0,0.5824176727877484,0.642983281203807,0.6659341382301986,0.7143866249630455,0,0,-0.060565608416058625,-0.3333333333333333,1.0,-1.3333333333333333,-1.0,0.0625,0.22222222222222235,0.22222222222222224,-1.0625,-10.5,2.0999999999999996,-4.533333333333333,0.060911189975202625,0
2024-01-07 21:25:00+00:00,San Francisco 49ers,Los Angeles Rams,20,21,18,-1,41,0,20.0,20.0,0.6,0.0,17.0,23.0,1,0.2,6.0,3,6.0,12.0,7.0,5.0,1,0.08333333333333326,-0.13636363636363635,-15.5,-1.833333333333333,-13.666666666666668,21.4,24.6,-3.200000000000003,1.0,0,0,1,1.0,1,166.16,59.43999999999998,-106.72000000000001,-15.333333333333336,-3.666666666666668,-11.666666666666668,5.5200000000000005,5.32,0.15100000000000002,0.14100000000000001,0.452,0.43199999999999994,0.6520000000000001,0.632,0.20000000000000018,1.0,2.0,-1.0,-6.072124481650597,-12.592430435755414,3000,2500,1,0,1,0,-500,0.6016145867379178,0.4767887615885913,0.6812916693903343,0.581431009270873,1,0,0.1248258251493265,0.0,0.0,0.0,0.9625,0.4,0.2222222222222222,0.22222222222222215,0.5625,13.125,7.125,-15.133333333333333,0.056042015918153214,0
2024-01-07 21:25:00+00:00,Los Angeles Chargers,Kansas City Chiefs,12,13,18,-1,25,0,25.2,14.6,0.6,10.6,18.0,22.4,1,0.4,4.4,3,10.2,14.0,21.0,-7.0,1,-0.11666666666666664,0.034965034965035,13.166666666666668,1.3333333333333333,11.833333333333334,25.4,20.2,5.199999999999999,1.0,0,0,1,0.0,1,274.64000000000004,54.56,-220.08000000000004,4.166666666666666,-1.5,5.666666666666666,3.6,4.34,0.05500000000000001,0.092,0.26,0.33399999999999996,0.4600000000000001,0.534,-0.7399999999999998,3.0,3.0,0.0,-11.254117844710251,-2.620082353166426,1000,1000,1,0,0,0,0,0.4925939126301302,0.7285024171378316,0.5940751301041041,0.7828019337102653,0,0,-0.2359085045077014,-0.3333333333333333,-1.0,0.6666666666666667,-0.5375,-0.0625,0.22222222222222224,0.22222222222222224,-0.475,-9.0,19.2,-14.399999999999999,0.05284424353517794,0
2024-01-07 21:25:00+00:00,Arizona Cardinals,Seattle Seahawks,20,21,18,-1,41,0,19.0,36.2,0.0,-17.2,21.2,21.6,1,0.4,0.4,3,0.8000000000000007,21.0,14.0,7.0,1,0.08333333333333331,-0.44999999999999996,4.833333333333334,3.0,1.833333333333334,30.0,26.6,3.3999999999999986,1.0,0,0,1,0.0,1,182.64,34.96,-147.67999999999998,3.166666666666668,-2.166666666666668,5.333333333333336,4.66,4.58,0.10800000000000001,0.10400000000000001,0.366,0.358,0.5660000000000001,0.558,0.08000000000000007,0.0,0.0,0.0,9.197099490382882,12.431144797000751,3000,500,1,0,1,0,-2500,0.49537297188913876,0.656306822878312,0.596298377511311,0.7250454583026495,0,0,-0.16093385098917323,1.0,0.0,1.0,-0.2125,-0.05,0.2222222222222222,0.22222222222222224,-0.16249999999999998,-0.375,1.1750000000000007,-6.333333333333334,0.06406747028111323,0
2024-01-07 21:25:00+00:00,Washington Commanders,Dallas Cowboys,10,38,18,-28,48,0,16.6,15.0,0.6,1.6,20.6,24.2,1,0.4,3.6,3,-1.0,7.0,14.0,-7.0,1,-0.036363636363636376,-0.5666666666666667,14.833333333333332,-2.166666666666667,17.0,35.0,24.0,11.0,1.0,0,0,1,0.5,2,157.84,175.76000000000002,17.920000000000016,4.0,-8.0,12.0,3.96,4.78,0.07300000000000001,0.114,0.296,0.378,0.49600000000000005,0.5780000000000001,-0.8200000000000003,3.0,1.0,2.0,-2.642090895878208,10.126171818506622,3000,2000,1,1,0,0,-1000,0.6897581588502286,0.36020633208822705,0.7518065270801828,0.4881650656705816,0,1,0.32955182676200157,-1.0,0.3333333333333333,-1.3333333333333333,-0.35,0.9375,0.22222222222222238,0.2222222222222223,-1.2875,-21.75,20.75,36.93333333333333,0.05035323306730901,0
2024-01-07 21:25:00+00:00,Las Vegas Raiders,Denver Broncos,27,14,18,13,41,1,21.4,24.4,0.2,-3.0,22.6,21.0,0,0.6,-1.6,3,1.7999999999999972,23.0,21.0,2.0,1,0.24545454545454537,-0.3363636363636363,-6.833333333333334,6.333333333333333,-13.166666666666668,18.4,21.2,-2.8000000000000007,1.0,0,0,1,1.0,1,371.44,196.16000000000003,-175.27999999999997,-6.666666666666668,0.16666666666666785,-6.833333333333336,4.7,4.24,0.11,0.087,0.37,0.32399999999999995,0.5700000000000001,0.524,0.45999999999999996,1.0,2.0,-1.0,-8.384204912216493,6.3894528709401035,1000,0,1,0,0,0,-1000,0.13797567464717098,0.7894389934009622,0.3103805397177368,0.8315511947207699,0,0,-0.6514633187537913,-0.3333333333333333,-0.3333333333333333,0.0,0.0375,-0.0625,0.22222222222222224,0.2222222222222224,0.1,7.75,5.950000000000003,27.6,0.0347905541229553,0
2024-01-07 21:25:00+00:00,Green Bay Packers,Chicago Bears,17,9,18,8,26,1,26.6,20.8,0.6,5.8,23.4,27.8,0,0.4,4.4,3,6.200000000000003,21.0,21.0,0.0,1,0.045454545454545414,-0.34545454545454546,15.666666666666666,10.833333333333332,4.833333333333334,23.4,15.2,8.2,1.0,0,0,1,1.0,1,147.44,70.8,-76.64,10.0,13.0,-3.0,5.0,4.72,0.125,0.111,0.39999999999999997,0.372,0.6000000000000001,0.5720000000000001,0.28000000000000025,3.0,1.0,2.0,24.31132536609777,-0.9377947236634244,1000,0,1,0,0,0,-1000,0.7392918298173223,0.6102885682970026,0.7914334638538579,0.6882308546376021,0,0,0.1290032615203197,0.0,0.0,0.0,0.375,0.05,0.2222222222222221,0.22222222222222224,0.325,1.5,4.700000000000003,-6.133333333333335,0.05469323453954278,0
2024-01-07 21:25:00+00:00,New York Giants,Philadelphia Eagles,27,10,18,17,37,1,22.4,34.0,0.2,-11.6,18.0,28.0,0,0.2,10.0,3,7.399999999999999,7.0,19.0,-12.0,1,0.2692307692307693,-0.0444444444444444,-0.16666666666666696,17.333333333333336,-17.500000000000004,22.4,31.0,-8.600000000000001,1.0,0,0,1,0.0,3,61.04,133.04000000000002,72.00000000000003,11.666666666666666,15.666666666666668,-4.000000000000002,4.1,4.5600000000000005,0.08,0.10300000000000001,0.31,0.356,0.51,0.556,-0.46000000000000085,1.0,3.0,-2.0,-6.536784727591668,-5.54891389599121,1000,2500,1,0,0,0,1500,0.5472307430931291,0.5996583490317302,0.6377845944745033,0.6797266792253842,0,0,-0.052427605938601074,0.3333333333333333,-1.0,1.3333333333333333,-0.4,0.2875,0.22222222222222224,0.22222222222222243,-0.6875,-1.5,8.899999999999999,-7.733333333333333,0.07730091503722962,0
2024-01-08 01:20:00+00:00,Miami Dolphins,Buffalo Bills,14,21,18,-7,35,0,26.0,15.6,0.8,10.4,24.2,25.8,1,0.4,1.6,3,4.800000000000001,14.0,15.0,-1.0,1,0.3833333333333334,-0.32478632478632485,-37.16666666666667,-3.0,-34.16666666666667,23.8,21.4,2.400000000000002,1.0,0,0,1,0.0,2,611.7599999999999,66.16,-545.5999999999999,-13.5,-2.833333333333332,-10.666666666666668,5.16,5.02,0.133,0.126,0.416,0.40199999999999997,0.6160000000000001,0.6020000000000001,0.14000000000000057,3.0,3.0,0.0,53.57534829292304,2.433527335369,500,2500,0,0,0,0,2000,0.5370357060204318,0.7227365873397645,0.6296285648163454,0.7781892698718116,1,0,-0.1857008813193327,0.0,0.5,-0.5,0.4375,0.4,0.22222222222222215,0.22222222222222224,0.03749999999999998,2.75,2.0500000000000007,-17.733333333333334,0.05191967417616836,0
2024-01-13 21:30:00+00:00,Houston Texans,Cleveland Browns,45,14,1,31,59,1,22.4,19.2,0.6,3.2,22.8,29.8,0,0.4,7.0,3,2.599999999999998,13.0,6.0,7.0,0,-0.09090909090909094,-0.4015151515151516,25.166666666666664,-7.0,32.166666666666664,20.8,23.4,-2.599999999999998,0.05555555555555555,1,0,0,0.0,1,262.64,142.16000000000003,-120.47999999999996,8.833333333333334,-3.5,12.333333333333334,4.22,5.0600000000000005,0.08600000000000001,0.128,0.32199999999999995,0.40599999999999997,0.522,0.6060000000000001,-0.8400000000000007,3.0,1.0,2.0,6.4467727106071795,2.7347982773452535,0,0,0,1,0,0,0,0.7193756959919544,0.5141052068605798,0.7755005567935636,0.6112841654884638,0,0,0.20527048913137458,1.0,1.0,0.0,-0.2,0.075,0.22222222222222215,0.22222222222222224,-0.275,4.125,1.5250000000000021,-2.333333333333334,0.04064987214683209,0
2024-01-14 01:00:00+00:00,Kansas City Chiefs,Miami Dolphins,26,7,1,19,33,1,18.8,18.4,0.4,0.4,25.8,27.2,0,0.4,1.4,3,-4.0,13.0,13.0,0.0,0,-0.05769230769230771,-0.31060606060606066,4.166666666666667,-32.333333333333336,36.5,17.2,25.0,-7.800000000000001,0.05555555555555555,1,0,0,1.0,1,38.0,457.84000000000003,419.84000000000003,-0.33333333333333215,-9.833333333333332,9.5,4.22,4.54,0.08600000000000001,0.102,0.32199999999999995,0.354,0.522,0.554,-0.3200000000000003,3.0,3.0,0.0,-4.563436580492202,6.756851824320676,1200,500,0,0,0,0,-700,0.6949001188135269,0.5370357060204318,0.7559200950508216,0.6296285648163454,0,1,0.15786441279309504,-0.3333333333333333,-0.3333333333333333,0.0,-0.1625,0.4375,0.22222222222222224,0.22222222222222215,-0.6,-1.125,2.875,30.599999999999998,0.05526816085592721,0
2024-01-14 21:30:00+00:00,Dallas Cowboys,Green Bay Packers,32,48,1,-16,80,0,37.6,18.8,1.0,18.8,27.2,21.8,1,0.6,-5.4,3,13.400000000000002,14.0,13.0,1.0,0,0.5153846153846154,-0.08333333333333337,15.5,19.833333333333332,-4.333333333333332,19.0,21.4,-2.3999999999999986,0.05555555555555555,1,0,0,0.5,0,298.96000000000004,147.44,-151.52000000000004,8.0,0.0,8.0,4.72,4.8,0.111,0.115,0.372,0.38,0.5720000000000001,0.5800000000000001,-0.08000000000000007,1.0,3.0,-2.0,-28.11691133512248,-0.8481137735356831,2000,1000,1,1,0,0,-1000,0.4332107975622683,0.721611781858499,0.5465686380498147,0.7772894254867991,0,0,-0.2884009842962306,0.0,0.0,0.0,0.8,0.35,0.22222222222222238,0.22222222222222232,0.45000000000000007,9.75,3.650000000000002,-14.533333333333333,0.03269060208544159,0
2024-01-15 01:15:00+00:00,Detroit Lions,Los Angeles Rams,24,23,1,1,47,1,30.2,21.2,0.8,9.0,23.6,23.2,0,0.6,-0.4,3,9.599999999999998,7.0,7.0,0.0,0,0.0,-0.08333333333333337,-0.833333333333333,-2.3333333333333335,1.5000000000000004,21.8,24.8,-3.0,0.05555555555555555,1,0,0,0.5,0,172.4,27.440000000000005,-144.96,-3.833333333333332,-6.166666666666668,2.3333333333333357,4.98,5.02,0.12400000000000001,0.126,0.39799999999999996,0.40199999999999997,0.5980000000000001,0.6020000000000001,-0.03999999999999915,2.0,2.0,0.0,6.152949838213235,0.7881676778653907,0,3000,1,1,0,0,3000,0.575,0.6781401702604066,0.6599999999999999,0.7425121362083253,0,0,-0.10314017026040667,0.0,0.3333333333333333,-0.3333333333333333,0.55,0.625,0.22222222222222232,0.22222222222222207,-0.07499999999999996,-0.125,9.724999999999998,7.666666666666666,0.057767594037649125,0
2024-01-15 21:30:00+00:00,Buffalo Bills,Pittsburgh Steelers,31,17,1,14,48,1,27.2,15.8,0.8,11.4,17.2,17.2,0,0.6,0.0,3,13.0,15.0,9.0,6.0,0,0.2692307692307693,0.09090909090909094,-2.166666666666666,6.0,-8.166666666666666,16.8,19.0,-2.1999999999999993,0.05555555555555555,1,0,0,0.0,1,46.959999999999994,173.44000000000003,126.48000000000003,-1.0,1.8333333333333321,-2.833333333333332,4.76,4.54,0.11300000000000002,0.102,0.376,0.354,0.5760000000000001,0.554,0.21999999999999975,3.0,2.0,1.0,-0.7412493166610998,4.570618060016551,3000,2200,1,1,0,0,-800,0.7463547014037122,0.5831666999866734,0.7970837611229697,0.6665333599893387,0,0,0.16318800141703882,1.0,0.3333333333333333,0.6666666666666667,0.4375,-0.35,0.22222222222222232,0.2222222222222222,0.7875,9.75,3.25,-22.533333333333335,0.059375235956248044,0
2024-01-16 01:15:00+00:00,Tampa Bay Buccaneers,Philadelphia Eagles,32,9,1,23,41,1,19.4,15.0,0.6,4.4,19.8,25.6,0,0.4,5.8,3,2.599999999999998,15.0,8.0,7.0,0,-0.045454545454545414,-0.09999999999999998,-12.5,-5.5,-7.0,16.0,28.0,-12.0,0.05555555555555555,1,0,0,0.0,1,94.4,103.75999999999999,9.359999999999985,-20.0,-0.5,-19.5,4.6,4.38,0.10500000000000001,0.09400000000000001,0.36,0.33799999999999997,0.56,0.538,0.21999999999999975,3.0,3.0,0.0,11.857449958906749,17.759529286330263,500,500,0,0,0,0,0,0.5773964623905758,0.5377111968693163,0.6619171699124606,0.630168957495453,1,0,0.039685265521259505,1.0,-1.0,2.0,-0.075,0.0625,0.22222222222222232,0.22222222222222243,-0.1375,11.75,9.150000000000002,2.0,0.05481421127433956,0
2024-01-20 21:30:00+00:00,Baltimore Ravens,Houston Texans,34,10,2,24,44,1,33.6,24.0,0.6,9.6,18.2,21.4,0,0.6,3.2,3,18.400000000000002,14.0,13.0,1.0,0,0.053030303030303094,0.05303030303030298,3.0,13.5,-10.5,18.6,17.6,1.0,0.1111111111111111,1,0,0,1.0,1,206.95999999999998,253.84,46.880000000000024,2.0,11.666666666666668,-9.666666666666668,5.48,5.0,0.14900000000000002,0.125,0.44799999999999995,0.39999999999999997,0.648,0.6000000000000001,0.4800000000000004,2.0,3.0,-1.0,-29.762795705418853,0.1264586790250789,2500,0,0,0,0,0,-2500,0.36311303985715015,0.49875155860591447,0.49049043188572017,0.5990012468847316,0,0,-0.13563851874876431,0.0,1.0,-1.0,0.85,0.1,0.2222222222222222,0.22222222222222207,0.75,10.875,7.525000000000002,-20.066666666666663,0.03721566981600182,0
2024-01-21 01:15:00+00:00,San Francisco 49ers,Green Bay Packers,24,21,2,3,45,1,22.2,23.0,0.4,-0.8,33.0,23.6,0,0.8,-9.4,3,-7.800000000000001,13.0,6.0,7.0,0,0.02564102564102555,-0.037878787878787956,3.333333333333333,8.0,-4.666666666666667,21.8,23.0,-1.1999999999999993,0.1111111111111111,1,0,0,0.5,0,141.2,158.96,17.76000000000002,-7.166666666666668,3.833333333333332,-11.0,5.08,5.32,0.129,0.14100000000000001,0.408,0.43199999999999994,0.6080000000000001,0.632,-0.2400000000000002,1.0,3.0,-2.0,9.209871704351759,-5.065398620975536,2500,0,0,1,0,0,-2500,0.5623660919215696,0.5424675557952201,0.6498928735372558,0.6339740446361761,1,0,0.01989853612634951,-1.0,1.0,-2.0,0.7875,0.6625,0.22222222222222224,0.22222222222222207,0.125,7.375,15.175,-31.0,0.03777741380982047,0
2024-01-21 20:00:00+00:00,Detroit Lions,Tampa Bay Buccaneers,31,23,2,8,54,1,29.8,23.0,0.8,6.8,21.2,19.8,0,0.6,-1.4,3,11.600000000000001,6.0,14.0,-8.0,0,0.022727272727272707,0.006993006993006978,-4.5,8.666666666666668,-13.166666666666668,20.8,12.8,8.0,0.1111111111111111,1,0,0,1.0,1,85.35999999999999,129.35999999999999,44.0,-3.333333333333332,-5.166666666666668,1.8333333333333357,5.2,4.66,0.135,0.10800000000000001,0.42,0.366,0.6200000000000001,0.5660000000000001,0.54,2.0,3.0,-1.0,-8.952168567701085,1.2404345752455945,0,500,0,0,0,0,500,0.5772578356728537,0.5691578015096479,0.661806268538283,0.6553262412077183,0,0,0.008100034163205816,0.3333333333333333,0.0,0.3333333333333333,0.4625,0.15,0.22222222222222232,0.22222222222222232,0.3125,-0.75,12.350000000000001,-0.399999999999999,0.05354466195662869,0
2024-01-21 23:30:00+00:00,Buffalo Bills,Kansas City Chiefs,24,27,2,-3,51,0,28.6,15.6,0.8,13.0,19.8,19.4,1,0.6,-0.4,3,11.8,6.0,14.0,-8.0,0,0.2857142857142857,0.0357142857142857,0.8333333333333339,6.0,-5.166666666666666,16.8,14.6,2.200000000000001,0.1111111111111111,1,0,0,1.0,1,45.2,71.44000000000001,26.24000000000001,-1.3333333333333321,-2.5,1.1666666666666679,4.98,4.4,0.12400000000000001,0.095,0.39799999999999996,0.33999999999999997,0.5980000000000001,0.54,0.5800000000000001,3.0,3.0,0.0,4.6745373391423115,-3.4392878136271636,500,1200,0,0,0,0,700,0.751253140723345,0.6897581588502286,0.801002512578676,0.7518065270801828,0,0,0.06149498187311642,1.0,0.0,1.0,0.55,-0.05,0.22222222222222224,0.22222222222222224,0.6000000000000001,8.125,3.6750000000000007,-8.733333333333334,0.07058311323313815,0
2024-01-28 20:00:00+00:00,Baltimore Ravens,Kansas City Chiefs,10,17,3,-7,27,0,34.2,19.4,0.8,14.8,23.4,19.4,1,0.8,-4.0,3,13.800000000000004,7.0,6.0,1.0,0,0.08333333333333337,0.05494505494505486,-13.833333333333332,10.0,-23.833333333333332,14.4,16.0,-1.5999999999999996,0.16666666666666666,1,0,0,0.5,0,206.95999999999998,69.2,-137.76,-15.333333333333336,9.166666666666668,-24.500000000000004,5.42,4.4,0.14600000000000002,0.095,0.44199999999999995,0.33999999999999997,0.642,0.54,1.0199999999999996,2.0,3.0,-1.0,6.802749760648404,5.723861956231824,0,2200,0,1,0,0,2200,0.3604505980770524,0.7227365873397645,0.4883604784616419,0.7781892698718116,1,0,-0.36228598926271216,-1.0,0.3333333333333333,-1.3333333333333333,0.8875,-0.1,0.2222222222222222,0.22222222222222232,0.9874999999999999,14.25,0.44999999999999574,-1.4666666666666668,0.043076336966616384,0
2024-01-28 23:30:00+00:00,San Francisco 49ers,Detroit Lions,34,31,3,3,65,1,23.6,21.0,0.6,2.6,27.2,27.6,0,0.6,0.4,3,-0.5999999999999979,7.0,28.0,-21.0,0,0.04761904761904756,-0.04195804195804198,-5.333333333333333,-0.5,-4.833333333333333,22.8,22.0,0.8000000000000007,0.16666666666666666,1,0,0,0.5,0,132.56,17.360000000000003,-115.2,-8.333333333333332,1.1666666666666679,-9.5,5.0,4.98,0.125,0.12400000000000001,0.39999999999999997,0.39799999999999996,0.6000000000000001,0.5980000000000001,0.019999999999999574,1.0,2.0,-1.0,2.0942629552402785,-3.048616518079678,2500,0,0,0,0,0,-2500,0.5534857225127062,0.5818567829080568,0.642788578010165,0.6654854263264454,1,0,-0.028371060395350534,0.0,0.3333333333333333,-0.3333333333333333,0.75,0.575,0.2222222222222221,0.2222222222222222,0.17500000000000004,7.375,7.974999999999998,-7.0,0.06836681613166745,0
2024-02-04 20:00:00+00:00,AFC,NFC,59,64,4,-5,123,0,,,,,,,1,,,3,,7.0,7.0,0.0,0,0.5,-0.5,0.0,0.0,0.0,35.0,33.0,2.0,0.2222222222222222,1,0,0,0.0,1,0.0,0.0,0.0,0.0,0.0,0.0,5.6,5.8,0.155,0.165,0.45999999999999996,0.48,0.66,0.68,-0.20000000000000018,3.0,2.0,1.0,0.0,0.0,0,0,0,0,0,0,0,0.5,0.5,0.5,0.5,0,0,0.0,-1.0,1.0,-2.0,0.0,0.0,0.0,0.0,0.0,-1.0,,0.0,0.3,0
2024-02-11 23:30:00+00:00,Kansas City Chiefs,San Francisco 49ers,25,22,5,3,47,1,19.8,17.0,0.4,2.8,35.8,14.8,0,1.0,-21.0,3,-12.999999999999996,28.0,42.0,-14.0,0,-0.0714285714285714,-0.06666666666666654,-4.333333333333334,2.3333333333333335,-6.666666666666668,14.0,23.2,-9.2,0.2777777777777778,1,0,0,0.5,0,39.040000000000006,98.23999999999998,59.199999999999974,0.6666666666666679,7.0,-6.333333333333332,4.46,4.78,0.09800000000000002,0.114,0.346,0.378,0.546,0.5780000000000001,-0.3200000000000003,3.0,1.0,2.0,1.1078789153129627,6.0243343457186205,2000,0,1,0,0,0,-2000,0.7163298570522446,0.5476191455200607,0.7730638856417957,0.6380953164160486,0,0,0.16871071153218387,1.0,0.3333333333333333,0.6666666666666667,-0.125,0.7875,0.22222222222222227,0.22222222222222224,-0.9125,0.5,13.499999999999996,16.8,0.05740270062022681,0
2024-08-02 00:00:00+00:00,Chicago Bears,Houston Texans,21,17,1,4,38,1,27.6,14.2,1.0,13.4,17.6,25.2,0,0.6,7.6,3,13.0,214.0,194.0,20.0,0,0.36363636363636365,-1.1102230246251565e-16,-1.666666666666667,-0.833333333333333,-0.8333333333333339,16.6,21.2,-4.599999999999998,0.05555555555555555,1,0,0,0.5,0,114.8,439.6,324.8,-1.0,3.833333333333332,-4.833333333333332,4.66,4.82,0.10800000000000001,0.116,0.366,0.38199999999999995,0.5660000000000001,0.5820000000000001,-0.16000000000000014,1.0,3.0,-2.0,20.886439039464573,1.44106358316697,0,1000,0,1,0,0,1000,0.5562940162675287,0.4540275304559762,0.645035213014023,0.563222024364781,0,0,0.10226648581155251,-1.0,1.0,-2.0,-0.05,-0.0375,0.22222222222222224,0.22222222222222232,-0.012500000000000004,6.875,6.125,0.20000000000000107,0.03272201025719676,0
2024-08-08 23:00:00+00:00,New England Patriots,Carolina Panthers,17,3,2,14,20,1,8.6,16.0,0.0,-7.4,9.4,21.6,0,0.0,12.2,3,2.1999999999999993,214.0,221.0,-7.0,0,-0.18181818181818182,-0.11666666666666664,-8.666666666666666,-9.833333333333332,1.166666666666666,22.4,20.6,1.7999999999999972,0.1111111111111111,1,0,0,0.5,0,46.959999999999994,116.24000000000001,69.28000000000002,-9.333333333333332,-15.0,5.666666666666668,4.0600000000000005,3.2,0.07800000000000001,0.05,0.306,0.21999999999999997,0.506,0.42000000000000004,0.8600000000000003,3.0,1.0,2.0,17.697215494269848,3.710601534707688,1000,500,1,0,0,0,-500,0.5438356244729319,0.5390651483126927,0.6350684995783455,0.6312521186501542,0,1,0.004770476160239179,0.3333333333333333,0.0,0.3333333333333333,-0.9375,-1.1625,0.22222222222222227,0.22222222222222235,0.2250000000000001,9.75,7.550000000000001,0.39999999999999947,0.05305580589249645,0
2024-08-08 23:00:00+00:00,New York Giants,Detroit Lions,14,3,2,11,17,1,19.2,15.6,0.6,3.6,25.2,26.8,0,0.4,1.6,3,-3.0,214.0,192.0,22.0,0,0.3146853146853147,-0.10256410256410253,16.0,-0.8333333333333335,16.833333333333332,23.0,24.0,-1.0,0.1111111111111111,1,0,0,0.0,1,133.84,26.0,-107.84,7.666666666666668,6.666666666666668,1.0,4.4399999999999995,5.0,0.097,0.125,0.344,0.39999999999999997,0.544,0.6000000000000001,-0.5600000000000005,1.0,2.0,-1.0,22.646806753401062,-5.782918283540576,500,1200,0,0,0,0,700,0.5900171497489194,0.5884480591711417,0.6720137197991356,0.6707584473369135,0,0,0.0015690905777776543,0.0,-0.3333333333333333,0.3333333333333333,-0.1375,0.55,0.2222222222222224,0.22222222222222224,-0.6875,-4.0,1.0,12.266666666666666,0.07305662596795455,0
2024-08-09 23:00:00+00:00,Miami Dolphins,Atlanta Falcons,20,13,2,7,33,1,22.6,16.4,0.6,6.2,15.4,25.4,0,0.2,10.0,3,10.200000000000001,214.0,215.0,-1.0,0,0.3426573426573427,-0.2833333333333333,-11.333333333333334,-29.833333333333332,18.5,24.6,26.6,-2.0,0.1111111111111111,1,0,0,0.0,1,498.16000000000014,290.64,-207.52000000000015,-13.166666666666668,-3.333333333333332,-9.833333333333336,4.14,4.2,0.08199999999999999,0.085,0.31399999999999995,0.31999999999999995,0.514,0.52,-0.0600000000000005,3.0,1.0,2.0,-12.623103260269776,11.679780138365913,1000,1000,1,1,0,0,0,0.4411227773472961,0.6627894759945947,0.5528982218778369,0.7302315807956758,1,0,-0.2216666986472986,0.0,-1.0,1.0,0.275,-0.2625,0.22222222222222215,0.22222222222222238,0.5375000000000001,8.625,1.575000000000001,-25.53333333333333,0.02948695738592671,0
2024-08-09 23:00:00+00:00,Pittsburgh Steelers,Houston Texans,12,20,2,-8,32,0,21.0,18.2,0.6,2.8,15.0,24.0,1,0.4,9.0,3,9.0,230.0,7.0,223.0,0,-0.030303030303030387,-0.044871794871794934,-7.833333333333333,-33.33333333333333,25.499999999999996,21.0,18.2,2.8000000000000007,0.1111111111111111,1,0,0,0.0,1,220.95999999999998,383.6,162.64000000000004,-8.666666666666668,-17.833333333333332,9.166666666666664,4.52,4.72,0.101,0.111,0.352,0.372,0.552,0.5720000000000001,-0.20000000000000018,2.0,3.0,-1.0,-18.73602381830144,-2.653565804731682,3200,1000,1,1,0,0,-2200,0.6127520981335083,0.4488648078737849,0.6902016785068066,0.559091846299028,0,1,0.16388729025972337,1.0,0.0,1.0,-0.2625,-0.1,0.2222222222222222,0.22222222222222215,-0.1625,3.0,6.0,-1.6,0.0334830958139499,0
2024-08-09 23:30:00+00:00,Baltimore Ravens,Philadelphia Eagles,13,16,2,-3,29,0,29.4,18.8,0.6,10.6,14.0,25.8,1,0.2,11.8,3,18.4,194.0,206.0,-12.0,0,0.03205128205128216,-0.1454545454545454,-6.166666666666666,-20.333333333333332,14.166666666666666,16.4,27.8,-11.400000000000002,0.1111111111111111,1,0,0,1.0,1,298.96000000000004,120.55999999999999,-178.40000000000003,-11.0,-17.5,6.5,5.16,4.3,0.133,0.09000000000000001,0.416,0.32999999999999996,0.6160000000000001,0.53,0.8600000000000003,2.0,3.0,-1.0,-26.729417330551502,-0.7058676711770329,0,1000,0,1,0,0,1000,0.27913355085702596,0.4849529754478723,0.42330684068562074,0.5879623803582978,1,1,-0.20581942459084634,-1.0,-1.0,0.0,0.5875,-0.0875,0.2222222222222223,0.2222222222222223,0.675,24.5,6.100000000000001,-5.600000000000001,0.041443767653762564,0
2024-08-10 16:00:00+00:00,New York Jets,Washington Commanders,20,17,2,3,37,1,17.4,21.6,0.4,-4.2,20.8,29.8,0,0.2,9.0,3,-0.40000000000000213,229.0,229.0,0.0,0,0.015384615384615441,0.06666666666666671,-0.16666666666666674,-9.166666666666666,9.0,20.8,33.6,-12.8,0.1111111111111111,1,0,0,1.0,1,391.03999999999996,119.2,-271.84,-1.5,-11.0,9.5,4.24,3.96,0.087,0.07300000000000001,0.32399999999999995,0.296,0.524,0.49600000000000005,0.28000000000000025,1.0,3.0,-2.0,-20.40636066217666,-11.972486981624524,1000,500,1,0,0,0,-500,0.4888737924934782,0.6620373541351057,0.5910990339947826,0.7296298833080845,0,1,-0.1731635616416275,1.0,-1.0,2.0,-0.65,-0.475,0.22222222222222213,0.22222222222222235,-0.17500000000000004,12.5,12.900000000000002,9.33333333333333,0.03961289216100155,0
2024-08-10 17:00:00+00:00,Buffalo Bills,Chicago Bears,6,33,2,-27,39,0,29.0,16.2,0.8,12.8,16.2,20.4,1,0.2,4.2,3,15.8,201.0,215.0,-14.0,0,0.23333333333333328,-0.4015151515151516,0.5,-11.333333333333334,11.833333333333334,20.2,17.4,2.8000000000000007,0.1111111111111111,1,0,0,1.0,1,31.76,98.96000000000001,67.2,3.5,-12.0,15.5,4.84,4.52,0.11699999999999999,0.101,0.38399999999999995,0.352,0.5840000000000001,0.552,0.3200000000000003,3.0,1.0,2.0,10.617774752479155,-1.6440375012803625,500,0,0,0,0,0,-500,0.7615151996457636,0.5681164074660858,0.8092121597166109,0.6544931259728687,0,1,0.19339879217967781,0.5,0.0,0.5,0.45,0.0125,0.22222222222222232,0.22222222222222227,0.4375,4.375,11.425,-1.1333333333333329,0.07261327956409903,0
2024-08-10 20:00:00+00:00,Minnesota Vikings,Las Vegas Raiders,24,23,2,1,47,1,18.6,22.2,0.4,-3.6,15.8,22.6,0,0.2,6.8,3,5.800000000000001,222.0,223.0,-1.0,0,-0.3181818181818182,-0.2833333333333333,-14.5,-10.0,-4.5,24.0,15.0,9.0,0.1111111111111111,1,0,0,1.0,1,75.76,276.4,200.64,-2.0,-4.166666666666668,2.166666666666668,3.92,4.9,0.07100000000000001,0.12000000000000001,0.292,0.38999999999999996,0.49200000000000005,0.5900000000000001,-0.9800000000000004,2.0,1.0,1.0,-7.3048510485178255,-1.3853343130696094,0,1000,0,1,0,0,1000,0.6009777575121908,0.1448684311756464,0.6807822060097526,0.31589474494051717,0,0,0.45610932633654444,-0.3333333333333333,-0.3333333333333333,0.0,-0.475,0.0,0.2222222222222222,0.22222222222222224,-0.475,-6.0,11.8,-14.933333333333334,0.04793602059285323,0
2024-08-10 20:25:00+00:00,Cleveland Browns,Green Bay Packers,10,23,2,-13,33,0,25.6,14.8,1.0,10.8,31.4,24.0,1,0.6,-7.4,3,-2.799999999999997,225.0,202.0,23.0,0,0.43356643356643365,-0.08333333333333337,-35.333333333333336,-4.833333333333334,-30.5,27.0,21.0,6.0,0.1111111111111111,1,0,0,0.5,0,340.96000000000004,85.04,-255.92000000000002,-17.0,6.833333333333332,-23.833333333333332,4.72,5.34,0.111,0.14200000000000002,0.372,0.43399999999999994,0.5720000000000001,0.634,-0.6200000000000001,1.0,3.0,-2.0,34.507431997651366,-5.7023799353837115,0,1200,1,1,0,0,1200,0.5201318540473852,0.5256995282523957,0.6161054832379081,0.6205596226019165,1,0,-0.0055676742050105865,1.0,0.0,1.0,0.0875,0.5625,0.2222222222222222,0.22222222222222227,-0.475,-7.375,4.575000000000003,-11.133333333333335,0.03730123682065767,0
2024-08-10 23:00:00+00:00,Cincinnati Bengals,Tampa Bay Buccaneers,14,17,2,-3,31,0,25.8,19.6,0.6,6.2,23.0,20.6,1,0.6,-2.4,3,5.800000000000001,216.0,202.0,14.0,0,0.25,-0.038461538461538436,4.5,1.833333333333333,2.666666666666667,22.2,15.0,7.199999999999999,0.1111111111111111,1,0,0,0.5,0,254.95999999999998,178.64000000000001,-76.31999999999996,0.0,10.166666666666668,-10.166666666666668,4.7,4.4399999999999995,0.11,0.097,0.37,0.344,0.5700000000000001,0.544,0.2600000000000007,3.0,3.0,0.0,-18.564535071453292,-1.624203675891904,0,1000,1,1,0,0,1000,0.5390227771353556,0.5739443258211434,0.6312182217082845,0.6591554606569148,0,0,-0.034921548685787784,1.0,0.0,1.0,0.1,0.1875,0.22222222222222238,0.22222222222222224,-0.0875,-4.625,10.425,-8.066666666666666,0.03213672991864249,0
2024-08-10 23:00:00+00:00,Tennessee Titans,San Francisco 49ers,17,13,2,4,30,1,21.2,20.0,0.4,1.2,33.4,19.2,0,0.8,-14.2,3,-9.2,216.0,180.0,36.0,0,0.4181818181818182,-0.11794871794871786,-5.833333333333333,-6.333333333333333,0.5,22.4,21.6,0.7999999999999972,0.1111111111111111,1,0,0,0.5,0,106.4,48.959999999999994,-57.44000000000001,-4.833333333333332,4.333333333333332,-9.166666666666664,4.14,4.84,0.08199999999999999,0.11699999999999999,0.31399999999999995,0.38399999999999995,0.514,0.5840000000000001,-0.7000000000000002,1.0,1.0,0.0,-15.49562365558783,-1.3437438462694395,0,500,0,0,0,0,500,0.588875399057658,0.5969355665653443,0.6711003192461263,0.6775484532522754,0,0,-0.008060167507686344,-0.3333333333333333,0.0,-0.3333333333333333,-0.3125,0.5375,0.22222222222222207,0.2222222222222222,-0.85,-5.625,3.5749999999999993,2.6,0.05335565836377085,0
2024-08-10 23:00:00+00:00,Jacksonville Jaguars,Kansas City Chiefs,26,13,2,13,39,1,20.2,21.0,0.4,-0.8,20.6,18.0,0,0.8,-2.6,3,2.599999999999998,223.0,195.0,28.0,0,-0.08333333333333337,0.05238095238095242,21.666666666666664,-2.666666666666667,24.333333333333332,22.4,15.0,7.399999999999999,0.1111111111111111,1,0,0,0.0,2,251.2,42.24,-208.95999999999998,7.666666666666666,-1.0,8.666666666666666,4.14,4.46,0.08199999999999999,0.09800000000000002,0.31399999999999995,0.346,0.514,0.546,-0.3200000000000003,1.0,3.0,-2.0,-5.781195316085874,4.061746018311188,1000,2000,1,1,0,0,1000,0.5684783464297534,0.7185417437700574,0.6547826771438027,0.774833395016046,0,0,-0.15006339734030405,-1.0,1.0,-2.0,0.0625,-0.025,0.2222222222222221,0.22222222222222232,0.0875,-2.625,5.224999999999998,2.0666666666666673,0.06744384214191164,0
2024-08-10 23:05:00+00:00,Los Angeles Chargers,Seattle Seahawks,3,16,2,-13,19,0,17.8,24.4,0.0,-6.6,21.6,24.6,1,0.4,3.0,3,-0.8000000000000007,216.0,216.0,0.0,0,-0.14393939393939392,-0.38636363636363635,16.333333333333332,-1.0,17.333333333333332,28.0,22.4,5.600000000000001,0.1111111111111111,1,0,0,0.5,0,230.96000000000004,36.64,-194.32000000000005,-6.166666666666668,3.333333333333332,-9.5,3.7199999999999998,4.3,0.061,0.09000000000000001,0.27199999999999996,0.32999999999999996,0.47200000000000003,0.53,-0.5800000000000001,3.0,0.0,3.0,-19.83374466109285,0.5500661038192448,500,1000,0,1,0,0,500,0.6918426741094738,0.6867508978464583,0.753474139287579,0.7494007182771667,0,0,0.005091776263015491,-1.0,0.5,-1.5,-0.8625,-0.15,0.2222222222222222,0.2222222222222222,-0.7125,-1.875,1.0749999999999993,4.0666666666666655,0.05088002135312532,0
2024-08-11 00:00:00+00:00,Arizona Cardinals,New Orleans Saints,14,16,2,-2,30,0,22.4,31.4,0.2,-9.0,23.4,24.2,1,0.4,0.8,3,2.0,216.0,223.0,-7.0,0,0.04999999999999999,-0.0,5.833333333333333,9.833333333333334,-4.000000000000001,26.8,14.4,12.4,0.1111111111111111,1,0,0,0.5,0,114.0,173.44,59.44,4.5,10.833333333333332,-6.333333333333332,4.78,5.2,0.114,0.135,0.378,0.42,0.5780000000000001,0.6200000000000001,-0.41999999999999993,0.0,0.0,0.0,-5.384958392037764,-5.3555786910493675,3000,2200,1,1,0,0,-800,0.6600206807760214,0.535351275155091,0.7280165446208171,0.6282810201240727,0,0,0.12466940562093043,0.0,0.0,0.0,0.0375,0.3875,0.22222222222222224,0.2222222222222221,-0.35000000000000003,-7.875,9.875,-4.466666666666667,0.039052793427923504,0
2024-08-11 17:00:00+00:00,Indianapolis Colts,Denver Broncos,30,34,2,-4,64,0,25.2,22.8,0.6,2.4,19.2,24.0,1,0.4,4.8,3,9.0,217.0,216.0,1.0,0,-0.09090909090909088,-0.36363636363636365,6.833333333333333,0.6666666666666665,6.166666666666666,23.8,22.2,1.6000000000000014,0.1111111111111111,1,0,0,0.5,0,193.84,216.64000000000001,22.80000000000001,3.0,-6.333333333333332,9.333333333333332,4.22,4.18,0.08600000000000001,0.084,0.32199999999999995,0.318,0.522,0.518,0.040000000000000036,1.0,2.0,-1.0,0.7433392907667017,-0.6981738313646951,1000,1200,0,0,0,0,200,0.599219511452965,0.7648969640774497,0.679375609162372,0.8119175712619597,0,0,-0.16567745262448463,0.0,0.0,0.0,-0.15,-0.1875,0.22222222222222232,0.2222222222222224,0.037500000000000006,2.375,6.625,-4.866666666666667,0.03265769158782598,0
2024-08-11 20:30:00+00:00,Los Angeles Rams,Dallas Cowboys,13,12,2,1,25,1,25.6,20.2,0.8,5.4,24.8,20.2,0,0.4,-4.6,3,3.8000000000000007,233.0,216.0,17.0,0,0.11538461538461542,-0.43356643356643365,-5.666666666666667,13.333333333333332,-19.0,22.2,26.0,-3.8000000000000007,0.1111111111111111,1,0,0,0.0,1,14.639999999999997,293.2,278.56,-6.0,18.333333333333332,-24.333333333333332,4.86,4.7,0.11800000000000002,0.11,0.386,0.37,0.5860000000000001,0.5700000000000001,0.16000000000000014,2.0,1.0,1.0,-5.2817860488498765,-1.209436287769972,3500,1000,1,0,0,0,-2500,0.7330730436992172,0.4346254007297462,0.7864584349593737,0.5477003205837969,1,0,0.298447642969471,0.3333333333333333,0.0,0.3333333333333333,0.7,0.7875,0.22222222222222227,0.2222222222222223,-0.08750000000000002,3.0,0.8000000000000007,-6.3999999999999995,0.07871385452792043,0
2024-08-15 23:00:00+00:00,New England Patriots,Philadelphia Eagles,13,14,3,-1,27,0,8.6,12.6,0.2,-4.0,13.0,25.0,1,0.2,12.0,3,-1.4000000000000004,7.0,5.0,2.0,0,-0.11363636363636365,-0.09999999999999998,4.333333333333333,-5.666666666666667,10.0,19.4,26.4,-7.0,0.16666666666666666,1,0,0,0.0,1,100.64000000000001,137.83999999999997,37.19999999999996,-11.333333333333332,-12.166666666666668,0.8333333333333357,3.98,4.28,0.07400000000000001,0.08900000000000001,0.298,0.32799999999999996,0.49800000000000005,0.528,-0.30000000000000027,3.0,3.0,0.0,22.6832926288373,5.479802506891569,500,1500,0,1,0,0,1000,0.5577048496761468,0.578692511341182,0.6461638797409174,0.6629540090729457,0,1,-0.020987661665035295,0.0,0.0,0.0,-0.8,-0.35,0.22222222222222243,0.2222222222222222,-0.45000000000000007,10.5,11.9,4.533333333333333,0.05074064899619509,0
2024-08-17 16:00:00+00:00,Baltimore Ravens,Atlanta Falcons,13,12,3,1,25,1,24.6,15.8,0.4,8.8,13.4,24.4,0,0.2,11.0,3,14.200000000000001,7.0,7.0,0.0,0,-0.011904761904761862,-0.31060606060606066,-23.0,-18.0,-5.0,15.8,24.8,-9.0,0.16666666666666666,1,0,0,0.5,0,332.96000000000004,287.76,-45.200000000000045,-21.833333333333336,-2.666666666666668,-19.166666666666668,4.76,3.96,0.11300000000000002,0.07300000000000001,0.376,0.296,0.5760000000000001,0.49600000000000005,0.7999999999999998,2.0,1.0,1.0,-16.547728103434576,-0.112670381208037,0,1500,0,1,0,0,1500,0.2466740413340318,0.6559092597874799,0.3973392330672254,0.7247274078299839,1,0,-0.4092352184534481,-1.0,-1.0,0.0,0.5,-0.3875,0.22222222222222232,0.2222222222222224,0.8875,16.875,2.674999999999999,16.200000000000003,0.02690602525619963,0
2024-08-17 17:00:00+00:00,Chicago Bears,Cincinnati Bengals,27,3,3,24,30,1,25.8,15.2,1.0,10.6,22.6,28.2,0,0.4,5.6,3,6.199999999999999,15.0,229.0,-214.0,0,0.33333333333333337,-0.1987179487179488,7.833333333333333,16.333333333333336,-8.500000000000004,14.6,22.8,-8.200000000000001,0.16666666666666666,1,0,0,0.5,0,149.36,172.16,22.799999999999983,2.666666666666668,4.166666666666668,-1.5,4.84,4.3,0.11699999999999999,0.09000000000000001,0.38399999999999995,0.32999999999999996,0.5840000000000001,0.53,0.54,1.0,3.0,-2.0,-18.629157541415132,6.863999511737722,1000,0,1,0,0,0,-1000,0.5343015997450711,0.5166846267704699,0.6274412797960569,0.613347701416376,0,0,0.017616972974601186,1.0,0.0,1.0,0.1,0.025,0.2222222222222222,0.22222222222222207,0.07500000000000001,11.125,4.925000000000001,-3.933333333333333,0.03661305127039491,0
2024-08-17 17:00:00+00:00,Houston Texans,New York Giants,28,10,3,18,38,1,27.2,18.8,0.6,8.4,17.0,31.0,0,0.2,14.0,3,13.2,216.0,235.0,-19.0,0,0.011904761904761973,-0.35256410256410264,-1.6666666666666665,23.0,-24.666666666666668,20.0,19.2,0.8000000000000007,0.16666666666666666,1,0,0,0.5,0,317.6,159.76,-157.84000000000003,-7.5,1.8333333333333321,-9.333333333333332,4.6,4.24,0.10500000000000001,0.087,0.36,0.32399999999999995,0.56,0.524,0.35999999999999943,3.0,1.0,2.0,4.859381240421979,8.62475587829795,1000,0,1,0,0,0,-1000,0.5245068349597442,0.5788779868019246,0.6196054679677954,0.6631023894415397,0,0,-0.05437115184218044,0.0,-1.0,1.0,0.075,-0.175,0.22222222222222232,0.2222222222222224,0.25,4.125,9.075,-26.866666666666667,0.03161175415715965,0
2024-08-17 20:00:00+00:00,Kansas City Chiefs,Detroit Lions,23,24,3,-1,47,0,21.4,17.2,0.6,4.2,19.2,24.0,1,0.2,4.8,3,5.199999999999999,187.0,8.0,179.0,0,-1.1102230246251565e-16,-0.15384615384615385,-14.666666666666666,-13.333333333333332,-1.333333333333334,17.8,22.8,-5.0,0.16666666666666666,1,0,0,0.0,1,104.96,58.0,-46.959999999999994,-4.333333333333332,-11.333333333333332,7.0,4.46,4.68,0.09800000000000002,0.10900000000000001,0.346,0.368,0.546,0.5680000000000001,-0.21999999999999975,3.0,2.0,1.0,20.105577921235767,-4.3824349913166785,2000,2200,1,1,0,0,200,0.7052543469362101,0.46395545894021084,0.7642034775489681,0.5711643671521687,0,1,0.2412988879959993,1.0,0.0,1.0,-0.2,0.425,0.22222222222222227,0.2222222222222222,-0.625,1.375,3.8249999999999993,4.199999999999999,0.061498385134945,0
2024-08-17 20:25:00+00:00,Cleveland Browns,Minnesota Vikings,12,27,3,-15,39,0,22.2,19.4,0.8,2.8,19.6,21.2,1,0.4,1.6,3,5.599999999999998,7.0,223.0,-216.0,0,0.3653846153846154,0.25,-26.666666666666668,6.166666666666666,-32.833333333333336,28.2,28.6,-0.40000000000000213,0.16666666666666666,1,0,0,0.5,0,344.8,67.76,-277.04,-17.0,2.666666666666668,-19.666666666666668,4.52,4.34,0.101,0.092,0.352,0.33399999999999996,0.552,0.534,0.17999999999999972,1.0,2.0,-1.0,9.746621473899145,11.396638532678317,0,0,1,0,0,0,0,0.5050647138261407,0.6213201385074723,0.6040517710609126,0.6970561108059778,1,0,-0.11625542468133154,0.0,-0.3333333333333333,0.3333333333333333,0.0625,-0.5125,0.22222222222222232,0.22222222222222215,0.575,3.125,2.474999999999998,-15.666666666666666,0.03985620469100054,0
2024-08-17 23:00:00+00:00,Carolina Panthers,New York Jets,12,15,3,-3,27,0,21.2,20.6,0.4,0.6,21.6,21.8,1,0.6,0.2,3,2.599999999999998,223.0,223.0,0.0,0,0.12307692307692314,-0.06993006993006995,-2.5,23.5,-26.0,18.4,23.0,-4.600000000000001,0.16666666666666666,1,0,0,0.0,1,93.2,248.24,155.04000000000002,-11.5,1.8333333333333321,-13.333333333333332,3.1399999999999997,4.04,0.05,0.077,0.21399999999999997,0.30399999999999994,0.41400000000000003,0.504,-0.9000000000000004,1.0,1.0,0.0,-6.472567079883174,2.2860173657285827,1000,1000,1,1,0,0,0,0.5230303992915272,0.5186282621507574,0.6184243194332217,0.6149026097206058,1,0,0.004402137140769757,0.0,1.0,-1.0,-1.25,-0.475,0.22222222222222227,0.2222222222222224,-0.775,-3.5,6.099999999999998,-15.733333333333333,0.046062824823492075,0
2024-08-17 23:00:00+00:00,Pittsburgh Steelers,Buffalo Bills,3,9,3,-6,12,0,25.8,22.0,0.6,3.8,18.2,23.2,1,0.4,5.0,3,10.600000000000001,8.0,222.0,-214.0,0,-0.08333333333333337,-0.1875,-23.333333333333336,-24.0,0.6666666666666643,19.0,22.4,-3.3999999999999986,0.16666666666666666,1,0,0,0.5,2,168.4,203.44,35.03999999999999,-12.5,-11.333333333333332,-1.1666666666666679,4.5,4.48,0.1,0.099,0.35,0.348,0.55,0.548,0.019999999999999574,2.0,3.0,-1.0,-13.739286674612304,5.76472043318848,2000,0,1,0,0,0,-2000,0.5965480976621873,0.6258342613226059,0.6772384781297498,0.7006674090580847,0,1,-0.029286163660418585,1.0,0.3333333333333333,0.6666666666666667,-0.3125,0.1,0.2222222222222224,0.2222222222222222,-0.4125,-2.25,12.850000000000001,8.933333333333334,0.04797222552793645,0
2024-08-17 23:00:00+00:00,Miami Dolphins,Washington Commanders,13,6,3,7,19,1,22.6,16.4,0.6,6.2,20.2,30.4,0,0.0,10.2,3,5.400000000000002,8.0,7.0,1.0,0,0.3653846153846154,0.03030303030303033,8.0,-6.5,14.5,27.2,28.6,-1.4000000000000021,0.16666666666666666,1,0,0,1.0,1,249.76000000000005,95.44,-154.32000000000005,-4.833333333333332,-5.833333333333332,1.0,3.94,4.0,0.072,0.07500000000000001,0.294,0.3,0.49400000000000005,0.5,-0.06000000000000005,3.0,3.0,0.0,-22.826774338478796,-3.2215482768640906,500,500,0,0,0,0,0,0.46614608739843444,0.7047908580345115,0.5729168699187476,0.7638326864276092,1,0,-0.23864477063607703,0.3333333333333333,-1.0,1.3333333333333333,0.1,-0.5875,0.2222222222222221,0.2222222222222223,0.6875,20.5,15.099999999999998,-12.533333333333331,0.04570996867261892,0
2024-08-17 23:00:00+00:00,Indianapolis Colts,Arizona Cardinals,21,13,3,8,34,1,19.4,19.0,0.4,0.4,23.4,22.8,0,0.6,-0.6,3,-1.0,6.0,230.0,-224.0,0,-0.12878787878787873,-0.022727272727272707,-4.333333333333333,6.166666666666667,-10.5,23.8,28.0,-4.199999999999999,0.16666666666666666,1,0,0,0.5,0,136.23999999999998,52.56,-83.67999999999998,3.5,-9.666666666666668,13.166666666666668,4.54,4.58,0.102,0.10400000000000001,0.354,0.358,0.554,0.558,-0.040000000000000036,1.0,0.0,1.0,-2.9388042172439937,12.646083574479063,0,2500,0,0,0,0,2500,0.6275083893562166,0.638579192629976,0.7020067114849733,0.7108633541039808,0,0,-0.011070803273759422,-0.3333333333333333,-0.3333333333333333,0.0,0.1,-0.1,0.2222222222222222,0.22222222222222215,0.2,5.875,6.875,-7.8,0.05003190446396155,0
2024-08-17 23:00:00+00:00,Tennessee Titans,Seattle Seahawks,16,15,3,1,31,1,12.4,21.8,0.2,-9.4,11.0,23.6,0,0.2,12.6,3,4.4,7.0,6.0,1.0,0,0.4545454545454546,-0.33333333333333337,15.666666666666666,7.333333333333333,8.333333333333332,19.6,17.4,2.200000000000003,0.16666666666666666,1,0,0,0.0,1,113.84,40.64,-73.2,10.5,-2.5,13.0,3.92,4.3,0.07100000000000001,0.09000000000000001,0.292,0.32999999999999996,0.49200000000000005,0.53,-0.3799999999999999,1.0,0.0,1.0,-7.7852420602556816,6.192738171699651,0,1000,0,1,0,0,1000,0.597080963467845,0.6867508978464583,0.677664770774276,0.7494007182771667,0,0,-0.08966993437861326,-0.3333333333333333,0.5,-0.8333333333333333,-0.275,-0.15,0.22222222222222243,0.22222222222222238,-0.12500000000000003,4.375,0.025000000000000355,-11.8,0.06638609610767147,0
2024-08-17 23:05:00+00:00,Los Angeles Chargers,Los Angeles Rams,9,13,3,-4,22,0,10.8,19.4,0.0,-8.6,27.6,24.0,1,0.6,-3.6,3,-13.8,7.0,215.0,-208.0,0,-0.16666666666666663,-0.16083916083916083,10.0,-3.3333333333333335,13.333333333333334,26.4,20.6,5.799999999999997,0.16666666666666666,1,0,0,1.0,2,228.4,9.6,-218.8,-9.833333333333332,-7.666666666666668,-2.1666666666666643,3.64,4.5600000000000005,0.05700000000000001,0.10300000000000001,0.264,0.356,0.4640000000000001,0.556,-0.9200000000000004,3.0,2.0,1.0,-9.815772652443204,-10.953109477931282,500,1000,0,1,0,0,500,0.6781401702604066,0.670227351043177,0.7425121362083253,0.7361818808345416,0,1,0.007912819217229639,-1.0,0.5,-1.5,-1.075,0.4,0.2222222222222223,0.22222222222222232,-1.475,-11.375,2.4250000000000007,11.266666666666666,0.1071211725436007,0
2024-08-17 23:30:00+00:00,Jacksonville Jaguars,Tampa Bay Buccaneers,20,7,3,13,27,1,24.8,16.8,0.6,8.0,22.4,18.0,0,0.8,-4.4,3,5.400000000000002,7.0,7.0,0.0,0,-0.05128205128205132,-0.0,5.166666666666666,-9.833333333333332,14.999999999999998,18.8,15.4,3.4000000000000004,0.16666666666666666,1,0,0,0.0,1,297.44,145.04000000000002,-152.39999999999998,8.0,2.0,6.0,4.12,4.18,0.081,0.084,0.31199999999999994,0.318,0.512,0.518,-0.05999999999999961,1.0,3.0,-2.0,16.321530506593724,-3.612151979406469,500,1000,0,1,0,0,500,0.6168082236007667,0.5605845502260987,0.6934465788806135,0.6484676401808789,0,0,0.05622367337466805,0.0,1.0,-1.0,-0.0375,0.1375,0.2222222222222225,0.2222222222222224,-0.17500000000000002,-4.5,9.900000000000002,18.933333333333334,0.03944194839767846,0
2024-08-18 02:00:00+00:00,Las Vegas Raiders,Dallas Cowboys,12,27,3,-15,39,0,24.6,16.2,0.6,8.4,22.6,17.2,1,0.4,-5.4,3,5.0,223.0,6.0,217.0,0,0.31060606060606066,-0.46103896103896114,-9.0,-17.5,8.5,19.2,22.4,-3.1999999999999993,0.16666666666666666,1,0,0,0.0,1,265.84000000000003,205.2,-60.64000000000004,-9.333333333333336,-4.0,-5.333333333333336,5.36,4.74,0.14300000000000002,0.112,0.436,0.37399999999999994,0.6360000000000001,0.5740000000000001,0.6200000000000001,1.0,1.0,0.0,-14.109134482755593,-5.957543465852108,1000,2200,1,1,0,0,1200,0.15241611772049368,0.44730772576414635,0.3219328941763949,0.5578461806113171,0,0,-0.29489160804365266,-0.3333333333333333,-0.3333333333333333,0.0,0.0875,0.375,0.22222222222222227,0.22222222222222232,-0.2875,5.25,0.25,-4.666666666666666,0.036912537440073744,0
2024-08-19 00:00:00+00:00,Denver Broncos,Green Bay Packers,27,2,3,25,29,1,22.6,15.2,0.8,7.4,31.6,21.2,0,0.8,-10.4,3,-6.0,231.0,8.0,223.0,0,0.303030303030303,-0.044871794871794934,2.5,-10.666666666666666,13.166666666666666,26.8,17.0,9.8,0.16666666666666666,1,0,0,1.0,1,137.6,75.44,-62.16,5.333333333333332,-10.666666666666664,15.999999999999996,4.38,5.14,0.09400000000000001,0.132,0.33799999999999997,0.414,0.538,0.614,-0.7599999999999998,2.0,3.0,-1.0,-7.176885330763031,15.263430707055289,1200,1200,1,1,0,0,0,0.6704643418383983,0.5194810747743643,0.7363714734707186,0.6155848598194915,0,0,0.15098326706403398,0.3333333333333333,-1.0,1.3333333333333333,-0.025,0.5125,0.22222222222222207,0.2222222222222222,-0.5375,-2.625,3.375,-5.933333333333334,0.054539570268715365,0
2024-08-19 00:00:00+00:00,San Francisco 49ers,New Orleans Saints,16,10,3,6,26,1,25.0,24.4,0.6,0.6,19.0,21.6,0,0.4,2.6,3,9.0,203.0,8.0,195.0,0,0.16190476190476188,0.037878787878787845,-5.166666666666667,9.833333333333332,-15.0,23.0,16.0,7.0,0.16666666666666666,1,0,0,0.5,0,8.64,178.24,169.60000000000002,-8.5,9.0,-17.5,4.5600000000000005,4.96,0.10300000000000001,0.12300000000000001,0.356,0.396,0.556,0.5960000000000001,-0.39999999999999947,1.0,0.0,1.0,-11.869081012466468,-0.49488980541936084,1000,2200,1,1,0,0,1200,0.5329614576932649,0.5191153984582164,0.6263691661546119,0.6152923187665731,1,0,0.013846059235048447,-0.2,1.0,-1.2,0.35,0.35,0.22222222222222218,0.22222222222222254,0.0,-2.5,11.5,-16.266666666666666,0.08088244623286917,0
2024-08-23 00:00:00+00:00,Cincinnati Bengals,Indianapolis Colts,14,27,4,-13,41,0,23.2,17.0,0.6,6.2,18.4,22.0,1,0.6,3.6,3,7.800000000000001,12.0,242.0,-230.0,0,0.23076923076923084,0.08391608391608385,-8.833333333333332,8.666666666666668,-17.5,23.4,23.8,-0.40000000000000213,0.2222222222222222,1,0,0,1.0,1,226.16,82.96000000000001,-143.2,-11.166666666666668,8.166666666666668,-19.333333333333336,3.82,4.36,0.066,0.09300000000000001,0.282,0.33599999999999997,0.48200000000000004,0.536,-0.5400000000000005,3.0,1.0,2.0,-19.812849988319353,-4.346374965457301,0,0,0,0,0,0,0,0.4517428181044958,0.6344952120696639,0.5613942544835966,0.7075961696557311,1,0,-0.18275239396516807,-1.0,-0.3333333333333333,-0.6666666666666667,-0.0625,0.025,0.2222222222222221,0.22222222222222232,-0.0875,3.125,4.675000000000001,-5.533333333333333,0.04838361763226174,0
2024-08-23 00:20:00+00:00,Kansas City Chiefs,Chicago Bears,21,34,4,-13,55,0,22.6,18.0,0.6,4.6,19.4,16.8,1,0.4,-2.6,3,6.200000000000003,5.0,12.0,-7.0,0,-0.04583333333333339,-0.3653846153846154,-11.333333333333332,20.166666666666668,-31.5,21.2,12.0,9.2,0.2222222222222222,1,0,0,1.0,1,47.36,177.44,130.07999999999998,-5.0,7.666666666666668,-12.666666666666668,4.4,4.84,0.095,0.11699999999999999,0.33999999999999997,0.38399999999999995,0.54,0.5840000000000001,-0.4399999999999995,3.0,1.0,2.0,1.4455027683723543,-3.223433223540991,1000,1000,0,0,0,0,0,0.7256399491544003,0.5813432939746457,0.7805119593235204,0.6650746351797165,0,0,0.14429665517975465,0.5,1.0,-0.5,-0.0875,0.2875,0.2222222222222224,0.22222222222222227,-0.375,-4.875,11.075000000000003,-22.599999999999998,0.059010834973889925,0
2024-08-23 23:00:00+00:00,Atlanta Falcons,Jacksonville Jaguars,0,31,4,-31,31,0,24.4,21.8,0.4,2.6,20.6,24.0,1,0.4,3.4,3,6.799999999999997,243.0,229.0,14.0,0,0.33333333333333337,0.023809523809523836,6.666666666666666,13.0,-6.333333333333334,25.6,15.6,10.000000000000002,0.2222222222222222,1,0,0,0.0,1,290.4,253.35999999999999,-37.03999999999999,-8.5,3.666666666666668,-12.166666666666668,4.0600000000000005,4.38,0.07800000000000001,0.09400000000000001,0.306,0.33799999999999997,0.506,0.538,-0.3199999999999994,1.0,1.0,0.0,12.670025866819103,-8.865125184346534,1500,500,1,0,0,0,-1000,0.6627894759945947,0.6188524727877669,0.7302315807956758,0.6950819782302136,0,0,0.04393700320682781,-1.0,0.0,-1.0,-0.5375,-0.0875,0.22222222222222235,0.2222222222222222,-0.44999999999999996,-2.5,9.299999999999997,-21.6,0.03436201388028973,0
2024-08-23 23:30:00+00:00,Tampa Bay Buccaneers,Miami Dolphins,24,14,4,10,38,1,23.2,13.6,0.8,9.6,23.8,26.2,0,0.4,2.4,3,2.3999999999999986,220.0,222.0,-2.0,0,0.038461538461538436,-0.3846153846153847,-13.0,28.0,-41.0,14.8,24.4,-9.599999999999998,0.2222222222222222,1,0,0,0.5,0,162.56,279.36,116.80000000000001,-9.333333333333332,3.166666666666666,-12.499999999999998,4.0600000000000005,3.76,0.07800000000000001,0.063,0.306,0.27599999999999997,0.506,0.47600000000000003,0.3000000000000007,3.0,3.0,0.0,-18.548674816342654,6.707209744564126,1500,500,1,0,0,0,-1000,0.5019177402275805,0.6464466094067263,0.6015341921820644,0.717157287525381,1,0,-0.14452886917914576,1.0,0.3333333333333333,0.6666666666666667,-0.1375,-0.3,0.22222222222222224,0.22222222222222213,0.16249999999999998,9.75,7.350000000000001,-17.733333333333334,0.03229502614905834,0
2024-08-24 02:00:00+00:00,Las Vegas Raiders,San Francisco 49ers,24,24,4,0,48,0,23.8,19.2,0.4,4.6,29.8,20.0,1,0.6,-9.8,3,-3.0,6.0,13.0,-7.0,0,0.26573426573426573,-0.1785714285714286,-13.333333333333332,0.0,-13.333333333333332,20.4,20.8,-0.40000000000000213,0.2222222222222222,1,0,0,0.5,2,88.0,14.8,-73.2,-4.833333333333332,-12.166666666666668,7.333333333333336,4.34,4.48,0.092,0.099,0.33399999999999996,0.348,0.534,0.548,-0.14000000000000057,1.0,1.0,0.0,18.31762711795804,1.8932872913132341,500,1000,0,1,0,0,500,0.14862243980710887,0.6923501381440258,0.31889795184568714,0.7538801105152206,0,1,-0.5437276983369169,-0.3333333333333333,0.2,-0.5333333333333333,0.075,-0.0125,0.22222222222222204,0.22222222222222207,0.0875,5.25,8.25,-4.666666666666666,0.1059244587501856,0
2024-08-24 17:00:00+00:00,Buffalo Bills,Carolina Panthers,26,31,4,-5,57,0,23.8,21.6,0.6,2.2,7.4,21.8,1,0.0,14.4,3,19.4,14.0,15.0,-1.0,0,0.14204545454545459,-0.10489510489510495,-16.5,4.166666666666666,-20.666666666666664,18.8,20.0,-1.1999999999999993,0.2222222222222222,1,0,0,0.5,0,203.43999999999997,73.2,-130.23999999999995,-17.833333333333332,-2.5,-15.333333333333332,4.12,3.2,0.081,0.05,0.31199999999999994,0.21999999999999997,0.512,0.42000000000000004,0.9199999999999999,3.0,1.0,2.0,-9.580099034302314,16.9133586993524,500,500,0,0,0,0,0,0.5598739527135437,0.521232049944861,0.647899162170835,0.6169856399558888,1,0,0.03864190276868262,0.3333333333333333,-1.0,1.3333333333333333,-0.0375,-1.225,0.2222222222222222,0.22222222222222227,1.1875,16.0,3.3999999999999986,-19.733333333333334,0.04254161842939248,0
2024-08-24 17:00:00+00:00,Detroit Lions,Pittsburgh Steelers,24,17,4,7,41,1,29.8,22.4,0.8,7.4,18.6,20.8,0,0.6,2.2,3,14.2,215.0,221.0,-6.0,0,0.12637362637362648,0.1282051282051283,-7.0,-7.0,0.0,23.4,18.6,4.799999999999997,0.2222222222222222,1,0,0,0.5,0,38.56,70.96000000000001,32.400000000000006,-15.166666666666668,-13.833333333333332,-1.3333333333333357,4.5600000000000005,3.88,0.10300000000000001,0.069,0.356,0.288,0.556,0.48800000000000004,0.6800000000000006,2.0,2.0,0.0,-1.6975102611568704,-1.5743122032389656,2200,1000,1,0,0,0,-1200,0.5541861374968249,0.5363190752252148,0.6433489099974599,0.6290552601801718,1,1,0.017867062271610057,0.3333333333333333,0.3333333333333333,0.0,0.2,-0.4,0.22222222222222246,0.22222222222222224,0.6000000000000001,5.75,8.45,3.6000000000000014,0.06120429597591999,0
2024-08-24 17:00:00+00:00,Green Bay Packers,Baltimore Ravens,30,7,4,23,37,1,21.4,17.0,0.8,4.4,26.2,15.2,0,1.0,-11.0,3,-1.8000000000000007,229.0,242.0,-13.0,0,0.08333333333333337,-0.01666666666666672,-13.0,-4.333333333333334,-8.666666666666666,20.4,14.4,5.999999999999998,0.2222222222222222,1,0,0,0.5,0,221.35999999999999,134.23999999999998,-87.12,-16.166666666666668,-5.0,-11.166666666666668,4.52,3.9,0.101,0.07,0.352,0.29,0.552,0.49000000000000005,0.6199999999999997,3.0,2.0,1.0,33.254632673412154,7.998087631204625,1200,0,1,0,0,0,-1200,0.36412584774972967,0.2417124555948449,0.49130067819978374,0.3933699644758759,1,1,0.12241339215488478,-1.0,-0.5,-0.5,0.2625,0.2,0.2222222222222221,0.22222222222222204,0.0625,-3.75,1.9499999999999993,7.600000000000001,0.03560791221867542,0
2024-08-24 17:00:00+00:00,Philadelphia Eagles,Minnesota Vikings,3,26,4,-23,29,0,29.6,31.8,0.6,-2.2,18.8,18.0,1,0.4,-0.8,3,13.8,236.0,6.0,230.0,0,0.06153846153846154,0.28846153846153844,16.666666666666664,21.0,-4.333333333333336,24.0,25.6,-1.6000000000000014,0.2222222222222222,1,0,0,1.0,1,104.8,157.04000000000002,52.24000000000002,-1.6666666666666679,7.5,-9.166666666666668,3.9,4.4,0.07,0.095,0.29,0.33999999999999997,0.49000000000000005,0.54,-0.5000000000000004,3.0,2.0,1.0,-13.292874641995285,-5.412899754493769,1500,0,1,1,0,0,-1500,0.5724798981334328,0.5871213858771565,0.6579839185067462,0.6696971087017252,0,0,-0.014641487743723647,0.3333333333333333,0.0,0.3333333333333333,-0.4125,-0.425,0.22222222222222215,0.22222222222222224,0.012500000000000011,-0.75,14.55,-7.333333333333332,0.04886746509420783,0
2024-08-24 17:00:00+00:00,Houston Texans,Los Angeles Rams,17,15,4,2,32,1,28.6,16.0,0.8,12.6,22.8,23.0,0,0.6,0.2,3,8.8,7.0,6.0,1.0,0,0.04395604395604402,-0.11688311688311681,12.0,2.1666666666666665,9.833333333333334,18.2,18.0,0.1999999999999993,0.2222222222222222,1,0,0,0.5,0,354.55999999999995,2.56,-351.99999999999994,0.0,-10.333333333333332,10.333333333333332,4.7,4.22,0.11,0.08600000000000001,0.37,0.32199999999999995,0.5700000000000001,0.522,0.4800000000000004,3.0,2.0,1.0,-14.492317096255569,-4.696035049015142,0,1000,1,1,0,0,1000,0.5233990794175907,0.6688679455262598,0.6187192635340726,0.735094356421008,0,1,-0.14546886610866916,-1.0,0.6,-1.6,0.1875,0.1125,0.2222222222222222,0.22222222222222224,0.075,6.25,2.5500000000000007,4.3999999999999995,0.10876115727042021,0
2024-08-24 20:00:00+00:00,Dallas Cowboys,Los Angeles Chargers,19,26,4,-7,45,0,34.2,25.0,0.8,9.2,16.6,21.6,1,0.4,5.0,3,20.6,222.0,236.0,-14.0,0,0.4181818181818182,0.18589743589743585,2.666666666666667,-5.166666666666666,7.833333333333333,20.4,16.4,4.0,0.2222222222222222,1,0,0,1.0,1,224.24,18.640000000000004,-205.6,-10.5,-8.333333333333334,-2.166666666666666,4.88,3.4,0.11900000000000001,0.05,0.388,0.24,0.5880000000000001,0.44000000000000006,1.48,1.0,3.0,-2.0,-12.80566649973819,-0.4182170459018017,2400,0,1,0,0,0,-2400,0.525,0.6765058926348116,0.62,0.7412047141078493,0,0,-0.15150589263481162,0.0,-1.0,1.0,0.2,-1.0875,0.2222222222222222,0.22222222222222218,1.2874999999999999,16.0,4.600000000000001,-12.266666666666667,0.07519823985614058,0
2024-08-24 23:30:00+00:00,New York Jets,New York Giants,10,6,4,4,16,1,20.2,19.6,0.6,0.6,17.8,30.6,0,0.2,12.8,3,5.399999999999999,14.0,7.0,7.0,0,0.025974025974025927,-0.36904761904761907,3.3333333333333335,-6.166666666666666,9.5,19.4,20.0,-0.6000000000000014,0.2222222222222222,1,0,0,1.0,2,100.4,159.76,59.359999999999985,-4.833333333333332,-13.666666666666668,8.833333333333336,4.34,4.32,0.092,0.091,0.33399999999999996,0.33199999999999996,0.534,0.532,0.019999999999999574,1.0,1.0,0.0,-7.744621174573079,-5.285909842435288,1000,500,1,0,0,0,-500,0.5230303992915272,0.6039748271889778,0.6184243194332217,0.6831798617511822,0,1,-0.0809444278974506,1.0,-1.0,2.0,-0.45,-0.4375,0.22222222222222215,0.22222222222222224,-0.012500000000000011,3.75,1.6499999999999986,4.133333333333333,0.05742103156265834,0
2024-08-25 02:00:00+00:00,Seattle Seahawks,Cleveland Browns,37,33,4,4,70,1,21.8,24.8,0.6,-3.0,19.0,32.6,0,0.2,13.6,3,5.800000000000001,237.0,224.0,13.0,0,0.3653846153846154,-0.3076923076923077,7.0,-3.666666666666666,10.666666666666666,17.2,29.2,-12.0,0.2222222222222222,1,0,0,1.0,1,42.559999999999995,247.35999999999999,204.79999999999998,-5.833333333333332,-10.666666666666668,4.833333333333336,4.2,4.04,0.085,0.077,0.31999999999999995,0.30399999999999994,0.52,0.504,0.16000000000000014,0.0,1.0,-1.0,0.1539518879397091,5.025564527115315,1500,0,1,0,0,0,-1500,0.700260529792955,0.4763409983586647,0.760208423834364,0.5810727986869317,0,1,0.22391953143429033,0.0,0.0,0.0,-0.125,-0.025,0.22222222222222207,0.22222222222222238,-0.1,7.0,1.1999999999999993,32.0,0.05780779772060492,0
2024-08-25 18:00:00+00:00,New Orleans Saints,Tennessee Titans,27,30,4,-3,57,0,30.4,15.8,0.8,14.6,13.4,25.4,1,0.2,12.0,3,20.0,231.0,238.0,-7.0,0,0.006993006993006978,-0.48484848484848486,-13.0,8.5,-21.5,18.0,18.8,-0.8000000000000007,0.2222222222222222,1,0,0,1.0,1,199.36,117.03999999999999,-82.32000000000002,-18.0,0.5,-18.5,4.68,3.92,0.10900000000000001,0.07100000000000001,0.368,0.292,0.5680000000000001,0.49200000000000005,0.7599999999999998,0.0,1.0,-1.0,-17.8017948464193,-4.0958637972959195,2400,0,1,0,0,0,-2400,0.47952095383195303,0.5950019290169396,0.5836167630655624,0.6760015432135518,1,0,-0.11548097518498657,0.0,0.3333333333333333,-0.3333333333333333,0.2875,-0.2875,0.22222222222222204,0.22222222222222224,0.575,13.25,6.75,-8.933333333333334,0.045225865252045125,0
2024-08-25 20:30:00+00:00,Denver Broncos,Arizona Cardinals,38,12,4,26,50,1,23.2,13.8,0.8,9.4,20.8,22.0,0,0.4,1.2,3,5.399999999999999,6.0,7.0,-1.0,0,0.33333333333333326,-0.04195804195804198,17.5,-2.3333333333333335,19.833333333333332,18.8,23.2,-4.399999999999999,0.2222222222222222,1,0,0,0.0,1,157.6,28.240000000000002,-129.35999999999999,12.833333333333332,-10.166666666666668,23.0,4.58,4.26,0.10400000000000001,0.08800000000000001,0.358,0.326,0.558,0.526,0.3200000000000003,2.0,0.0,2.0,27.204762559608895,0.8836821121319425,1200,500,1,0,0,0,-700,0.682785561488762,0.6225600213278938,0.7462284491910096,0.698048017062315,0,1,0.06022554016086823,0.3333333333333333,-0.3333333333333333,0.6666666666666666,-0.05,-0.1375,0.22222222222222254,0.22222222222222227,0.08750000000000001,9.25,3.8500000000000014,4.399999999999999,0.06964634521498145,0
2024-08-26 00:00:00+00:00,Washington Commanders,New England Patriots,20,10,4,10,30,1,17.0,35.8,0.0,-18.8,18.4,21.8,0,0.4,3.4,3,1.6000000000000014,231.0,238.0,-7.0,0,-5.551115123125783e-17,0.13286713286713286,10.666666666666666,12.166666666666668,-1.5000000000000018,25.6,16.8,8.8,0.2222222222222222,1,0,0,1.0,1,97.04000000000002,86.96000000000001,-10.080000000000013,-4.5,-1.6666666666666679,-2.833333333333332,3.7199999999999998,3.9,0.061,0.07,0.27199999999999996,0.29,0.47200000000000003,0.49000000000000005,-0.18000000000000016,3.0,3.0,0.0,-7.875746808063781,-13.540037378651254,1000,0,1,0,0,0,-1000,0.66833752096446,0.5766576444530975,0.7346700167715681,0.661326115562478,0,0,0.09167987651136245,-1.0,-0.3333333333333333,-0.6666666666666667,-0.75,-0.725,0.22222222222222232,0.22222222222222232,-0.025000000000000022,-11.125,12.725000000000001,2.866666666666666,0.056702536045249684,0
2024-09-06 00:40:00+00:00,Kansas City Chiefs,Baltimore Ravens,27,20,1,7,47,1,24.0,20.8,0.6,3.2,22.8,18.0,0,0.8,-4.8,3,4.199999999999999,14.0,12.0,2.0,0,-0.0862745098039216,-0.06153846153846154,-6.0,-15.666666666666668,9.666666666666668,23.2,17.0,6.199999999999999,0.05555555555555555,1,0,0,1.0,1,67.84,230.24,162.4,3.666666666666668,-9.0,12.666666666666668,4.28,3.84,0.08900000000000001,0.067,0.32799999999999996,0.284,0.528,0.48400000000000004,0.4400000000000004,3.0,2.0,1.0,-14.280199752740295,-2.5131444490590145,1000,500,0,0,0,0,-500,0.7354987003812646,0.19067929718806764,0.7883989603050117,0.35254343775045416,0,1,0.544819403193197,0.3333333333333333,-0.3333333333333333,0.6666666666666666,-0.1375,0.0,0.22222222222222224,0.22222222222222215,-0.1375,-0.75,4.949999999999999,4.933333333333332,0.051028496671914274,0
2024-09-07 00:15:00+00:00,Philadelphia Eagles,Green Bay Packers,34,29,1,5,63,1,24.6,32.4,0.4,-7.8,25.4,20.6,0,0.6,-4.8,3,2.200000000000003,13.0,19.0,-6.0,0,0.024038461538461564,-0.11538461538461542,1.333333333333334,-9.666666666666666,11.0,22.2,20.0,2.1999999999999993,0.05555555555555555,1,0,0,0.5,0,132.16,294.56,162.4,-3.166666666666666,-14.666666666666668,11.500000000000002,3.34,4.78,0.05,0.114,0.23399999999999999,0.378,0.43400000000000005,0.5780000000000001,-1.4400000000000004,3.0,3.0,0.0,-13.030797834147394,4.983804551302089,1000,0,1,1,0,0,-1000,0.5095043960441643,0.36535566062557523,0.6076035168353314,0.49228452850046023,1,1,0.14414873541858908,1.0,-1.0,2.0,-0.5375,0.3875,0.22222222222222224,0.22222222222222215,-0.925,-11.5,13.700000000000003,7.200000000000001,0.033770699073394424,0
2024-09-08 17:00:00+00:00,Atlanta Falcons,Pittsburgh Steelers,10,18,1,-8,28,0,21.2,23.2,0.4,-2.0,18.8,23.6,1,0.4,4.8,3,5.399999999999999,15.0,15.0,0.0,0,0.28846153846153844,0.07692307692307698,3.333333333333332,-1.5,4.833333333333332,29.8,18.8,11.0,0.05555555555555555,1,0,0,0.0,1,150.4,47.44,-102.96000000000001,-9.666666666666666,-5.333333333333334,-4.333333333333332,3.48,3.62,0.05,0.056,0.248,0.26199999999999996,0.44800000000000006,0.462,-0.14000000000000012,1.0,2.0,-1.0,-9.920451688709544,14.534945417578287,1000,0,1,0,0,0,-1000,0.5648276203617697,0.5360243136758134,0.6518620962894157,0.6288194509406507,1,1,0.02880330668595632,-1.0,-0.3333333333333333,-0.6666666666666667,-0.7,-0.4125,0.22222222222222232,0.2222222222222224,-0.2875,-4.75,10.149999999999999,2.799999999999999,0.060652052429114194,0
2024-09-08 17:00:00+00:00,Buffalo Bills,Arizona Cardinals,34,28,1,6,62,1,22.8,25.8,0.4,-3.0,20.0,25.4,0,0.4,5.4,3,5.800000000000001,15.0,13.0,2.0,0,0.10160427807486638,-0.058441558441558406,5.833333333333333,-17.333333333333332,23.166666666666664,22.2,25.4,-3.1999999999999993,0.05555555555555555,1,0,0,0.5,0,190.0,108.63999999999999,-81.36000000000001,-2.833333333333332,-10.5,7.666666666666668,4.22,4.18,0.08600000000000001,0.084,0.32199999999999995,0.318,0.522,0.518,0.040000000000000036,3.0,0.0,3.0,3.891653894558036,-10.608252917656674,500,1000,0,1,0,-1,500,0.5861763660688288,0.6103386887308415,0.668941092855063,0.6882709509846732,0,1,-0.02416232266201268,-0.3333333333333333,-0.3333333333333333,0.0,-0.1,-0.1625,0.22222222222222215,0.22222222222222232,0.0625,8.75,2.9499999999999993,-3.866666666666667,0.03879568822711082,0
2024-09-08 17:00:00+00:00,Chicago Bears,Tennessee Titans,24,17,1,7,41,1,28.0,13.2,1.0,14.8,16.2,26.8,0,0.4,10.6,3,14.8,22.0,13.0,9.0,0,0.3076923076923077,-0.41666666666666663,10.833333333333332,5.666666666666666,5.166666666666666,12.8,20.2,-7.399999999999999,0.05555555555555555,1,0,0,1.0,1,166.8,121.84,-44.96000000000001,9.5,7.0,2.5,4.78,4.18,0.114,0.084,0.378,0.318,0.5780000000000001,0.518,0.6000000000000005,1.0,1.0,0.0,-3.0210060115683013,11.989725713212463,1000,0,1,0,0,0,-1000,0.5563380369019675,0.5802251347448254,0.645070429521574,0.6641801077958603,0,0,-0.02388709784285792,1.0,1.0,0.0,0.3625,-0.2625,0.22222222222222232,0.22222222222222232,0.625,15.5,0.6999999999999993,9.866666666666665,0.0464801452963321,0
2024-09-08 17:00:00+00:00,Cincinnati Bengals,New England Patriots,10,16,1,-6,26,0,24.0,19.2,0.6,4.8,17.0,19.6,1,0.4,2.6,3,10.0,16.0,13.0,3.0,0,0.18681318681318682,0.10256410256410259,-20.5,-3.5,-17.0,22.0,16.2,5.800000000000001,0.05555555555555555,1,0,0,0.5,0,182.96,94.23999999999998,-88.72000000000003,-12.166666666666668,-2.166666666666666,-10.000000000000002,3.88,3.58,0.069,0.054000000000000006,0.288,0.258,0.48800000000000004,0.4580000000000001,0.2999999999999998,3.0,3.0,0.0,-7.839326640581647,-3.6090106431357065,0,500,0,0,0,0,500,0.4978561585561364,0.661806268538283,0.5982849268449091,0.7294450148306264,1,0,-0.16395010998214654,-1.0,-1.0,0.0,-0.3125,-0.6,0.22222222222222207,0.22222222222222235,0.2875,1.75,8.25,-20.933333333333334,0.04055781971219701,0
2024-09-08 17:00:00+00:00,Indianapolis Colts,Houston Texans,27,29,1,-2,56,0,24.6,20.6,0.6,4.0,17.8,20.4,1,0.6,2.6,3,9.8,21.0,29.0,-8.0,1,-0.1217948717948717,-0.07142857142857151,12.166666666666666,16.666666666666668,-4.500000000000002,20.8,18.4,2.400000000000002,0.05555555555555555,1,0,0,0.3333333333333333,3,44.56,196.8,152.24,0.0,6.833333333333334,-6.833333333333334,4.7,4.14,0.11,0.08199999999999999,0.37,0.31399999999999995,0.5700000000000001,0.514,0.5600000000000005,1.0,3.0,-2.0,-11.038033078334832,-5.426032230054118,0,0,0,0,0,0,0,0.6592746707390247,0.5102615493960067,0.7274197365912198,0.6082092395168053,0,0,0.14901312134301803,-0.3333333333333333,0.0,-0.3333333333333333,-0.025,0.125,0.22222222222222224,0.22222222222222224,-0.15,-5.0,14.8,6.933333333333332,0.07873105974474492,0
2024-09-08 17:00:00+00:00,Miami Dolphins,Jacksonville Jaguars,20,17,1,3,37,1,19.8,12.0,0.8,7.8,22.8,22.0,0,0.4,-0.8,3,0.0,21.0,15.0,6.0,0,0.4120879120879122,0.049450549450549386,4.833333333333333,11.666666666666666,-6.833333333333333,18.0,9.6,8.4,0.05555555555555555,1,0,0,0.0,1,102.24000000000001,182.8,80.56,-0.16666666666666607,1.5,-1.666666666666666,3.66,4.76,0.058,0.11300000000000002,0.26599999999999996,0.376,0.466,0.5760000000000001,-1.0999999999999996,3.0,1.0,2.0,7.722242540313287,-2.8083750014155573,500,500,0,0,0,0,0,0.6740998043879077,0.6188524727877669,0.7392798435103263,0.6950819782302136,0,0,0.05524733160014084,0.3333333333333333,0.0,0.3333333333333333,-0.4625,-0.0875,0.2222222222222222,0.2222222222222224,-0.375,-5.0,5.0,-15.466666666666667,0.047659999133508615,0
2024-09-08 17:00:00+00:00,New Orleans Saints,Carolina Panthers,47,10,1,37,57,1,31.0,18.4,0.6,12.6,11.6,23.6,0,0.2,12.0,3,22.4,13.0,15.0,-2.0,1,-0.038461538461538436,-0.03896103896103892,-18.833333333333336,17.333333333333332,-36.16666666666667,18.0,18.6,-0.6000000000000014,0.05555555555555555,1,0,0,0.6666666666666666,3,175.76,109.04000000000003,-66.71999999999996,-10.5,20.5,-31.0,4.78,3.2199999999999998,0.114,0.05,0.378,0.22199999999999998,0.5780000000000001,0.42200000000000004,1.5600000000000005,0.0,1.0,-1.0,-5.713822711225414,14.568192407594179,2400,1000,1,1,0,0,-1400,0.4811370604870685,0.41479837876164427,0.5849096483896548,0.5318387030093155,1,0,0.06633868172542423,-0.3333333333333333,0.0,-0.3333333333333333,0.275,-1.0625,0.2222222222222222,0.22222222222222235,1.3375,20.0,2.3999999999999986,-24.53333333333333,0.0630137514169453,0
2024-09-08 17:00:00+00:00,New York Giants,Minnesota Vikings,6,28,1,-22,34,0,20.0,13.6,0.8,6.4,20.0,14.4,1,0.6,-5.6,3,3.0,30.0,15.0,15.0,0,0.3833333333333334,0.3214285714285714,-20.0,29.666666666666664,-49.666666666666664,15.4,20.2,-4.799999999999999,0.05555555555555555,1,0,0,1.0,1,149.2,275.36,126.16000000000003,-14.0,8.5,-22.5,3.94,4.4399999999999995,0.072,0.097,0.294,0.344,0.49400000000000005,0.544,-0.49999999999999956,1.0,2.0,-1.0,4.0670126541033484,-12.073914364089354,1000,1000,1,1,0,0,0,0.5754138043930302,0.5963061184511214,0.6603310435144242,0.6770448947608971,1,0,-0.02089231405809111,-1.0,1.0,-2.0,-0.4875,-0.225,0.22222222222222204,0.2222222222222224,-0.26249999999999996,0.625,2.375,-22.866666666666667,0.03975320522577341,0
2024-09-08 20:05:00+00:00,Seattle Seahawks,Denver Broncos,26,20,1,6,46,1,10.6,18.0,0.0,-7.4,18.0,21.4,0,0.2,3.4,3,-4.4,14.0,28.0,-14.0,0,0.3846153846153847,-0.3589743589743589,-0.8333333333333335,26.166666666666668,-27.0,20.4,16.0,4.399999999999999,0.05555555555555555,1,0,0,0.5,0,43.2,210.95999999999998,167.76,6.0,11.166666666666668,-5.166666666666668,4.54,4.88,0.102,0.11900000000000001,0.354,0.388,0.554,0.5880000000000001,-0.33999999999999986,0.0,2.0,-2.0,-16.824452856755343,9.636274491255291,1000,0,1,0,0,0,-1000,0.670227351043177,0.5973234083038846,0.7361818808345416,0.6778587266431078,0,0,0.07290394273929235,0.0,1.0,-1.0,-0.1,0.2125,0.22222222222222232,0.2222222222222223,-0.3125,-1.25,3.1500000000000004,-13.999999999999998,0.04911706945902551,0
2024-09-08 20:05:00+00:00,Los Angeles Chargers,Las Vegas Raiders,22,10,1,12,32,1,24.4,27.4,0.6,-3.0,21.2,25.6,0,0.4,4.4,3,6.199999999999999,21.0,29.0,-8.0,1,-0.23076923076923078,-0.2272727272727273,8.5,-10.5,19.0,15.4,22.4,-6.999999999999998,0.05555555555555555,1,0,0,0.5,2,43.839999999999996,79.36,35.52,9.5,-5.333333333333332,14.833333333333332,3.48,4.42,0.05,0.096,0.248,0.34199999999999997,0.44800000000000006,0.542,-0.94,3.0,1.0,2.0,17.97534943114083,-1.961329352348855,500,500,0,0,0,0,0,0.6127520981335083,0.1555558411001945,0.6902016785068066,0.32444467288015555,0,1,0.4571962570333138,-0.5,-1.0,0.5,-0.8375,0.1625,0.22222222222222235,0.22222222222222243,-1.0,-11.75,17.95,26.799999999999997,0.08124813994937123,0
2024-09-08 20:25:00+00:00,Cleveland Browns,Dallas Cowboys,17,33,1,-16,50,0,22.0,22.8,0.6,-0.8,21.4,17.6,1,0.4,-3.8,3,3.6000000000000014,22.0,21.0,1.0,0,0.3351648351648352,-0.35,10.833333333333332,0.3333333333333335,10.499999999999998,32.6,21.8,10.8,0.05555555555555555,1,0,0,0.5,0,76.0,248.56000000000003,172.56000000000003,9.833333333333334,-4.333333333333332,14.166666666666666,3.96,4.86,0.07300000000000001,0.11800000000000002,0.296,0.386,0.49600000000000005,0.5860000000000001,-0.9000000000000004,1.0,1.0,0.0,18.538931410776872,9.414245702471897,1200,2400,0,1,0,0,1200,0.46439286785928624,0.5522626327856921,0.571514294287429,0.6418101062285537,0,0,-0.08786976492640586,-1.0,-1.0,0.0,0.0,0.025,0.22222222222222246,0.22222222222222224,-0.025,-2.375,5.975000000000001,-12.2,0.04063731318235094,0
2024-09-08 20:25:00+00:00,Tampa Bay Buccaneers,Washington Commanders,37,20,1,17,57,1,24.0,15.2,0.8,8.8,16.2,27.2,0,0.0,11.0,3,10.8,15.0,21.0,-6.0,0,0.0714285714285714,-0.051282051282051266,-7.5,17.5,-25.0,17.6,21.6,-4.0,0.05555555555555555,1,0,0,0.5,0,165.2,165.2,0.0,-8.5,0.6666666666666661,-9.166666666666666,4.36,3.56,0.09300000000000001,0.053000000000000005,0.33599999999999997,0.256,0.536,0.45600000000000007,0.8000000000000003,3.0,3.0,0.0,8.555037395413864,-0.5756172018541021,1000,1000,1,1,0,0,0,0.5620092038638255,0.6695173983399428,0.6496073630910604,0.7356139186719544,0,0,-0.10750819447611737,1.0,-1.0,2.0,-0.2625,-0.625,0.22222222222222232,0.22222222222222254,0.3625,17.625,6.824999999999999,-23.4,0.03609322536677132,0
2024-09-09 00:20:00+00:00,Detroit Lions,Los Angeles Rams,26,20,1,6,46,1,30.2,20.0,1.0,10.2,19.6,19.0,0,0.6,-0.6,3,13.599999999999998,15.0,15.0,0.0,0,0.1428571428571429,-0.1454545454545454,6.0,0.6666666666666667,5.333333333333333,22.2,16.4,5.800000000000001,0.05555555555555555,1,0,0,1.0,1,48.64,4.24,-44.4,2.333333333333332,-5.0,7.333333333333332,4.5600000000000005,4.0,0.10300000000000001,0.07500000000000001,0.356,0.3,0.556,0.5,0.5600000000000005,2.0,2.0,0.0,-1.8190637760190038,-8.321718991817464,1000,1000,1,1,0,0,0,0.568614151831565,0.6823548560106735,0.6548913214652521,0.7458838848085387,0,1,-0.11374070417910842,0.3333333333333333,0.2,0.1333333333333333,0.125,-0.0875,0.2222222222222222,0.22222222222222207,0.2125,2.0,11.599999999999998,-1.6,0.13568837287884247,0
2024-09-10 00:15:00+00:00,San Francisco 49ers,New York Jets,32,19,1,13,51,1,22.6,23.2,0.6,-0.6,11.6,22.8,0,0.4,11.2,3,14.000000000000002,22.0,23.0,-1.0,0,0.15000000000000002,-0.0714285714285714,4.333333333333333,3.5,0.833333333333333,21.4,15.0,6.399999999999999,0.05555555555555555,1,0,0,0.5,0,13.84,101.83999999999999,87.99999999999999,-3.0,-6.5,3.5,4.48,3.94,0.099,0.072,0.348,0.294,0.548,0.49400000000000005,0.5400000000000005,1.0,1.0,0.0,3.3900626203038717,-0.5171802687829976,1000,500,1,0,0,1,-500,0.695861873485089,0.5344693887615982,0.7566894987880712,0.6275755110092786,0,0,0.16139248472349077,-0.2,1.0,-1.2,0.05,-0.425,0.22222222222222224,0.2222222222222223,0.475,5.25,8.750000000000002,-7.866666666666667,0.07550330744543225,0
2024-09-13 00:15:00+00:00,Miami Dolphins,Buffalo Bills,10,31,2,-21,41,0,17.8,15.4,0.8,2.4,21.6,18.6,1,0.8,-3.0,3,-0.8000000000000007,4.0,26.0,-22.0,1,0.4285714285714286,-0.12121212121212122,-1.8333333333333333,8.5,-10.333333333333334,17.2,24.4,-7.199999999999999,0.1111111111111111,1,0,0,0.0,3,107.84,145.83999999999997,37.99999999999997,3.666666666666666,17.0,-13.333333333333334,3.7800000000000002,4.28,0.064,0.08900000000000001,0.27799999999999997,0.32799999999999996,0.47800000000000004,0.528,-0.5,3.0,3.0,0.0,-5.8868617436409725,-4.645950797334858,500,500,0,0,0,0,0,0.7662299473841869,0.533798595025712,0.8129839579073496,0.6270388760205696,0,0,0.2324313523584749,1.0,0.0,1.0,-0.5875,0.025,0.22222222222222213,0.22222222222222232,-0.6125,-4.25,3.4499999999999993,7.866666666666667,0.0657245746456233,0
2024-09-15 17:00:00+00:00,Baltimore Ravens,Las Vegas Raiders,23,26,2,-3,49,0,29.0,28.2,0.6,0.8,17.2,19.4,1,0.4,2.2,3,14.8,29.0,6.0,23.0,0,0.09999999999999998,-0.25,-12.0,-5.0,-7.0,20.4,22.2,-1.8000000000000007,0.1111111111111111,1,0,0,0.5,0,66.55999999999999,98.8,32.24000000000001,1.5,-3.666666666666668,5.166666666666668,3.56,4.22,0.053000000000000005,0.08600000000000001,0.256,0.32199999999999995,0.45600000000000007,0.522,-0.6599999999999997,2.0,1.0,1.0,2.1825419397699806,9.705488688424976,1000,500,1,0,0,-1,-500,0.21780057689870413,0.23008218782781753,0.3742404615189634,0.3840657502622541,1,1,-0.012281610929113396,-0.5,-1.0,0.5,-0.1625,0.2875,0.2222222222222224,0.22222222222222227,-0.44999999999999996,1.125,13.675,1.93333333333333,0.0501495492876014,0
2024-09-15 17:00:00+00:00,Jacksonville Jaguars,Cleveland Browns,13,18,2,-5,31,0,27.0,20.6,1.0,6.4,18.0,17.0,1,0.6,-1.0,3,12.0,28.0,21.0,7.0,0,1.1102230246251565e-16,-0.2857142857142858,8.0,9.666666666666668,-1.6666666666666679,13.6,33.0,-19.4,0.1111111111111111,1,0,0,0.0,1,189.76,75.76,-113.99999999999999,2.0,13.0,-11.0,4.58,4.02,0.10400000000000001,0.076,0.358,0.302,0.558,0.502,0.5600000000000005,1.0,1.0,0.0,-14.676218193172714,2.8370089084079955,1000,1200,1,0,0,0,200,0.6313559474235343,0.4586258802824058,0.7050847579388275,0.5669007042259246,0,0,0.17273006714112848,-1.0,-1.0,0.0,-0.2125,-0.0375,0.22222222222222218,0.22222222222222235,-0.175,15.875,3.875,19.93333333333333,0.05121911718713964,0
2024-09-15 17:00:00+00:00,Carolina Panthers,Los Angeles Chargers,3,26,2,-23,29,0,19.0,23.4,0.4,-4.4,26.2,21.0,1,0.6,-5.2,3,-4.199999999999999,28.0,21.0,7.0,0,0.04848484848484852,0.17582417582417587,-7.333333333333334,15.5,-22.833333333333336,22.8,14.2,8.600000000000001,0.1111111111111111,1,0,0,0.5,0,201.44,75.76,-125.67999999999999,15.5,16.0,-0.5,3.42,3.74,0.05,0.062000000000000006,0.24199999999999997,0.27399999999999997,0.44200000000000006,0.47400000000000003,-0.3200000000000003,1.0,3.0,-2.0,34.903253178604224,3.74204724051603,1000,500,1,0,0,-1,-500,0.4225933517009005,0.6135093791564923,0.5380746813607205,0.6908075033251939,0,0,-0.19091602745559177,0.0,-0.3333333333333333,0.3333333333333333,-1.0125,-0.65,0.2222222222222222,0.22222222222222232,-0.36249999999999993,-1.375,2.8249999999999993,-19.666666666666664,0.04221750758513432,0
2024-09-15 17:00:00+00:00,Washington Commanders,New York Giants,21,18,2,3,39,1,18.8,17.4,0.6,1.4,14.2,22.8,0,0.4,8.6,3,7.600000000000001,20.0,21.0,-1.0,1,0.07692307692307693,-0.3384615384615385,9.166666666666666,-16.333333333333332,25.5,23.6,15.8,7.800000000000001,0.1111111111111111,1,0,0,0.0,2,165.2,236.56000000000003,71.36000000000004,9.0,-11.0,20.0,3.76,3.56,0.063,0.053000000000000005,0.27599999999999997,0.256,0.47600000000000003,0.45600000000000007,0.19999999999999973,3.0,1.0,2.0,14.464114001443651,-7.969278897945652,1000,1000,1,1,0,0,0,0.6627894759945947,0.5623660919215696,0.7302315807956758,0.6498928735372558,0,1,0.10042338407302509,-1.0,-1.0,0.0,-0.5625,-0.7125,0.22222222222222224,0.2222222222222223,0.15000000000000002,-0.625,8.225000000000001,21.799999999999997,0.04663211758151708,0
2024-09-15 17:00:00+00:00,New England Patriots,Seattle Seahawks,20,23,2,-3,43,0,23.4,17.8,0.8,5.6,18.4,22.2,1,0.6,3.8,3,8.0,30.0,28.0,2.0,0,-0.1538461538461538,-0.4010989010989011,-1.6666666666666667,0.666666666666667,-2.333333333333334,12.8,18.4,-5.599999999999998,0.1111111111111111,1,0,0,0.5,0,104.8,23.44,-81.36,2.0,14.166666666666668,-12.166666666666668,3.48,4.6,0.05,0.10500000000000001,0.248,0.36,0.44800000000000006,0.56,-1.1199999999999997,3.0,0.0,3.0,8.505151891095844,-1.4636909883540306,1000,500,1,0,0,-1,-500,0.6750601017111011,0.6762041538252845,0.7400480813688808,0.7409633230602276,0,0,-0.001144052114183447,0.0,0.5,-0.5,-0.6625,0.025,0.22222222222222224,0.22222222222222204,-0.6875,-2.0,10.0,0.5333333333333334,0.06504487972325124,0
2024-09-15 17:00:00+00:00,Green Bay Packers,Indianapolis Colts,16,10,2,6,26,1,12.2,19.4,0.2,-7.2,16.4,24.2,0,0.4,7.8,3,-1.1999999999999993,22.0,23.0,-1.0,0,0.14871794871794874,0.1547619047619047,14.0,5.5,8.5,20.4,22.6,-2.200000000000003,0.1111111111111111,1,0,0,0.5,0,271.04,48.96,-222.08,14.166666666666666,3.666666666666668,10.499999999999998,4.4,4.78,0.095,0.114,0.33999999999999997,0.378,0.54,0.5780000000000001,-0.3799999999999999,3.0,1.0,2.0,7.010173849996559,15.204521123429846,1000,0,1,0,0,0,-1000,0.37603210218794103,0.6848239579219257,0.5008256817503529,0.7478591663375407,0,0,-0.3087918557339847,-1.0,-1.0,0.0,0.3375,0.1375,0.22222222222222215,0.22222222222222232,0.2,7.75,8.95,-21.46666666666667,0.04557690955878016,0
2024-09-15 17:00:00+00:00,Tennessee Titans,New York Jets,17,24,2,-7,41,0,14.8,30.2,0.2,-15.4,15.6,22.8,1,0.2,7.2,3,2.200000000000001,28.0,5.0,23.0,0,0.4358974358974359,-0.09999999999999998,-6.333333333333333,-11.166666666666668,4.833333333333335,19.8,14.0,5.800000000000001,0.1111111111111111,1,0,0,0.5,0,24.560000000000002,74.96,50.39999999999999,3.166666666666668,-2.833333333333332,6.0,4.46,3.92,0.09800000000000002,0.07100000000000001,0.346,0.292,0.546,0.49200000000000005,0.54,1.0,1.0,0.0,-4.446709382318196,9.821750132700558,0,3000,1,1,0,0,3000,0.6127016653792583,0.5930774797335493,0.6901613323034066,0.6744619837868395,0,0,0.019624185645709002,0.5,1.0,-0.5,-0.4,-0.5625,0.22222222222222207,0.2222222222222224,0.16249999999999998,4.75,2.549999999999999,-1.1999999999999997,0.0678612817489947,0
2024-09-15 17:00:00+00:00,Minnesota Vikings,San Francisco 49ers,23,17,2,6,40,1,10.0,13.4,0.2,-3.4,17.6,16.8,0,0.6,-0.8,3,-4.600000000000001,35.0,22.0,13.0,0,-0.35,-0.16470588235294115,20.5,6.833333333333333,13.666666666666668,14.8,19.0,-4.199999999999999,0.1111111111111111,1,0,0,1.0,1,163.76,40.24,-123.51999999999998,3.333333333333332,11.0,-7.666666666666668,4.8,4.4399999999999995,0.115,0.097,0.38,0.344,0.5800000000000001,0.544,0.3600000000000003,2.0,1.0,1.0,-15.000679061877154,-0.8121746625944114,2000,500,1,0,0,0,-1500,0.7313953881631963,0.6632531551743952,0.785116310530557,0.7306025241395162,0,0,0.06814223298880107,1.0,-0.5,1.5,0.0875,0.1125,0.22222222222222232,0.22222222222222207,-0.02500000000000001,3.25,7.850000000000001,21.466666666666665,0.06259650611485923,0
2024-09-15 17:00:00+00:00,Detroit Lions,Tampa Bay Buccaneers,16,20,2,-4,36,0,22.0,15.4,0.6,6.6,23.2,34.2,1,0.2,11.0,3,1.8000000000000007,6.0,28.0,-22.0,0,0.15714285714285725,-0.09999999999999998,10.833333333333332,19.5,-8.666666666666668,21.6,19.8,1.8000000000000007,0.1111111111111111,1,0,0,1.0,2,43.2,122.96000000000001,79.76,5.666666666666668,14.833333333333334,-9.166666666666666,4.46,4.46,0.09800000000000002,0.09800000000000002,0.346,0.346,0.546,0.546,0.0,2.0,3.0,-1.0,-5.178603401708709,-5.576922700541132,0,500,0,0,0,0,500,0.5746784304787729,0.49828419399026314,0.6597427443830184,0.5986273551922106,0,0,0.07639423648850974,0.5,1.0,-0.5,0.2125,-0.175,0.22222222222222232,0.22222222222222232,0.38749999999999996,1.5,0.3000000000000007,2.4,0.07517141192062424,0
2024-09-15 17:00:00+00:00,Dallas Cowboys,New Orleans Saints,19,44,2,-25,63,0,16.0,14.4,0.4,1.6,17.2,20.6,1,0.2,3.4,3,1.8000000000000007,21.0,27.0,-6.0,0,0.3125,-0.0,5.166666666666667,8.0,-2.833333333333333,23.2,17.4,5.800000000000001,0.1111111111111111,1,0,0,0.5,0,155.44,326.96000000000004,171.52000000000004,2.333333333333332,12.333333333333332,-10.0,4.76,5.26,0.11300000000000002,0.138,0.376,0.426,0.5760000000000001,0.6260000000000001,-0.5,1.0,0.0,1.0,-13.668263085160897,-11.633511259926129,1200,1200,1,0,0,0,0,0.588875399057658,0.362408094860043,0.6711003192461263,0.4899264758880344,0,0,0.22646730419761496,-1.0,-0.3333333333333333,-0.6666666666666667,0.3125,0.5125,0.22222222222222227,0.22222222222222207,-0.19999999999999996,-2.875,4.675000000000001,7.266666666666666,0.031664455748864624,0
2024-09-15 20:05:00+00:00,Arizona Cardinals,Los Angeles Rams,41,10,2,31,51,1,20.4,28.4,0.2,-8.0,18.4,19.2,0,0.4,0.8,3,5.0,35.0,6.0,29.0,1,0.07272727272727275,-0.17045454545454541,-12.333333333333334,-5.333333333333333,-7.000000000000001,26.0,17.6,8.399999999999999,0.1111111111111111,1,0,0,0.0,2,82.23999999999998,10.96,-71.27999999999997,4.333333333333334,1.1666666666666679,3.166666666666666,4.04,3.98,0.077,0.07400000000000001,0.30399999999999994,0.298,0.504,0.49800000000000005,0.06000000000000005,0.0,2.0,-2.0,2.365765990580029,13.323781418119065,3500,1500,1,1,1,0,-2000,0.5934616408012646,0.7101320343673693,0.6747693126410117,0.7681056274938954,0,0,-0.11667039356610465,-1.0,-0.2,-0.8,-0.1125,-0.1875,0.22222222222222238,0.2222222222222224,0.075,-6.0,11.0,-4.8,0.11595684091951053,0
2024-09-15 20:25:00+00:00,Denver Broncos,Pittsburgh Steelers,6,13,2,-7,19,0,26.6,12.2,0.8,14.4,19.8,19.6,1,0.6,-0.2,3,9.8,20.0,7.0,13.0,0,0.3846153846153846,0.10439560439560436,4.666666666666667,9.833333333333334,-5.166666666666667,19.4,18.8,0.5999999999999979,0.1111111111111111,1,0,0,0.5,0,252.56,52.64,-199.92000000000002,4.0,6.833333333333334,-2.833333333333334,4.96,3.64,0.12300000000000001,0.05700000000000001,0.396,0.264,0.5960000000000001,0.4640000000000001,1.3199999999999998,2.0,2.0,0.0,16.085366138231787,-1.618949103284678,1200,1000,0,1,0,0,-200,0.5915444485626373,0.5451648650334937,0.6732355588501099,0.6361318920267949,0,0,0.04637958352914362,0.0,-1.0,1.0,0.1625,-0.35,0.22222222222222227,0.22222222222222243,0.5125,3.625,6.175000000000001,25.666666666666668,0.04508320393532014,0
2024-09-15 20:25:00+00:00,Kansas City Chiefs,Cincinnati Bengals,26,25,2,1,51,1,24.4,21.4,0.6,3.0,17.0,30.2,0,0.2,13.2,3,10.399999999999999,9.0,29.0,-20.0,0,-0.06666666666666676,-0.14871794871794874,0.6666666666666665,-6.166666666666666,6.833333333333332,25.2,20.2,5.0,0.1111111111111111,1,0,0,1.0,2,67.84,182.16000000000003,114.32000000000002,3.666666666666668,-4.0,7.666666666666668,4.48,3.74,0.099,0.062000000000000006,0.348,0.27399999999999997,0.548,0.47400000000000003,0.7400000000000002,3.0,3.0,0.0,12.737346662472525,-1.988084851799295e-16,0,0,0,0,0,0,0,0.7615971109654919,0.5724798981334328,0.8092776887723935,0.6579839185067462,0,0,0.18911721283205907,0.3333333333333333,-1.0,1.3333333333333333,0.0375,-0.6125,0.22222222222222238,0.22222222222222215,0.65,11.625,1.2250000000000014,5.400000000000002,0.0620366064141269,0
2024-09-16 00:20:00+00:00,Houston Texans,Chicago Bears,19,13,2,6,32,1,27.6,15.6,0.8,12.0,21.0,14.8,0,0.6,-6.2,3,9.600000000000001,22.0,24.0,-2.0,0,0.04285714285714293,-0.3351648351648352,-5.333333333333333,-8.333333333333332,2.999999999999999,17.0,12.8,4.199999999999999,0.1111111111111111,1,0,0,0.0,1,55.360000000000014,82.8,27.439999999999984,1.3333333333333321,2.0,-0.6666666666666679,4.52,5.08,0.101,0.129,0.352,0.408,0.552,0.6080000000000001,-0.5600000000000005,3.0,1.0,2.0,-6.247994830039342,10.837091888684975,0,0,0,0,0,0,0,0.5025455422855274,0.5846688068540963,0.6020364338284219,0.667735045483277,0,0,-0.08212326456856889,0.3333333333333333,1.0,-0.6666666666666667,0.1625,0.45,0.22222222222222238,0.22222222222222215,-0.2875,-4.625,14.225000000000001,0.4666666666666677,0.06524779875167769,0
2024-09-17 00:15:00+00:00,Philadelphia Eagles,Atlanta Falcons,21,22,2,-1,43,0,24.0,31.4,0.4,-7.4,13.2,25.4,1,0.0,12.2,3,13.8,10.0,30.0,-20.0,0,0.04977375565610864,-0.25,-2.666666666666667,-6.5,3.833333333333333,22.6,26.0,-3.3999999999999986,0.1111111111111111,1,0,0,0.5,0,163.83999999999997,163.84,2.842170943040401e-14,5.5,-9.0,14.5,3.82,3.34,0.066,0.05,0.282,0.23399999999999999,0.48200000000000004,0.43400000000000005,0.48,3.0,1.0,2.0,-18.814386329522428,13.93480775050305,500,500,0,0,0,0,0,0.4311469873508623,0.603580477902513,0.54491758988069,0.6828643823220104,0,1,-0.1724334905516507,1.0,-1.0,2.0,-0.325,-0.8875,0.2222222222222222,0.2222222222222224,0.5625,6.875,6.925000000000001,6.066666666666667,0.036231884057971016,0
2024-09-20 00:15:00+00:00,New York Jets,New England Patriots,24,3,3,21,27,1,19.6,14.0,0.8,5.6,18.8,19.6,0,0.6,0.8,3,3.8000000000000007,26.0,11.0,15.0,1,0.0625,0.1703296703296703,-6.333333333333334,0.5,-6.833333333333334,16.8,14.0,2.8000000000000007,0.16666666666666666,1,0,0,0.5,2,49.760000000000005,66.96000000000001,17.200000000000003,6.5,4.666666666666666,1.833333333333334,4.0600000000000005,3.82,0.07800000000000001,0.066,0.306,0.282,0.506,0.48200000000000004,0.24000000000000066,1.0,3.0,-2.0,-2.201197638461979,8.636824008652102,3000,1000,1,1,0,0,-2000,0.7216819490223461,0.6666927093506654,0.7773455592178768,0.7333541674805324,0,0,0.05498923967168068,1.0,-0.3333333333333333,1.3333333333333333,-0.2625,-0.625,0.22222222222222213,0.22222222222222243,0.3625,4.75,0.9499999999999993,-0.13333333333333308,0.08157053667365077,0
2024-09-22 17:00:00+00:00,Cleveland Browns,New York Giants,15,21,3,-6,36,0,19.2,24.0,0.4,-4.8,13.0,23.2,1,0.0,10.2,3,9.2,13.0,7.0,6.0,0,0.24285714285714288,-0.35096153846153844,5.166666666666666,-8.833333333333334,14.0,26.6,18.0,8.600000000000001,0.16666666666666666,1,0,0,0.5,0,64.24,138.96,74.72000000000001,-0.8333333333333321,2.0,-2.833333333333332,4.1,3.38,0.08,0.05,0.31,0.238,0.51,0.43800000000000006,0.7199999999999998,1.0,1.0,0.0,15.755996823223818,11.030347415496989,2200,1000,1,1,0,0,-1200,0.5310000666311347,0.5946163082954619,0.6248000533049078,0.6756930466363695,0,0,-0.06361624166432711,0.0,-1.0,1.0,-0.2625,-0.5625,0.22222222222222224,0.2222222222222222,0.3,-2.75,11.95,16.666666666666664,0.04728098126251094,0
2024-09-22 17:00:00+00:00,Tennessee Titans,Green Bay Packers,14,30,3,-16,44,0,19.0,18.4,0.6,0.6,24.6,25.4,1,0.4,0.8,3,-2.6000000000000014,7.0,15.0,-8.0,0,0.3846153846153847,-0.17619047619047623,-9.666666666666666,-3.1666666666666665,-6.5,20.6,17.6,3.0,0.16666666666666666,1,0,0,0.5,0,23.36,271.04,247.68,-4.0,4.166666666666668,-8.166666666666668,4.24,4.3,0.087,0.09000000000000001,0.32399999999999995,0.32999999999999996,0.524,0.53,-0.05999999999999961,1.0,3.0,-2.0,1.8621978690534127,-6.891459866856437,0,1000,1,0,0,0,1000,0.6139644608329435,0.3776305357747699,0.6911715686663549,0.502104428619816,0,0,0.23633392505817363,0.2,0.0,0.2,-0.3875,0.125,0.22222222222222224,0.22222222222222204,-0.5125,-4.125,1.5249999999999986,-7.266666666666667,0.057173729936391804,0
2024-09-22 17:00:00+00:00,Indianapolis Colts,Chicago Bears,21,16,3,5,37,1,24.0,23.8,0.4,0.2,21.2,16.6,0,0.4,-4.6,3,5.800000000000001,14.0,6.0,8.0,0,-0.10989010989010989,-0.3571428571428572,-9.666666666666668,-20.833333333333332,11.166666666666664,21.2,13.2,8.0,0.16666666666666666,1,0,0,1.0,1,54.55999999999999,142.8,88.24000000000002,-7.5,-12.833333333333332,5.333333333333332,4.6,4.92,0.10500000000000001,0.121,0.36,0.39199999999999996,0.56,0.5920000000000001,-0.3200000000000003,1.0,1.0,0.0,-5.245315307424457,15.144856134202751,0,0,1,1,0,0,0,0.6451783018190685,0.529129794954066,0.7161426414552549,0.6233038359632528,0,1,0.11604850686500257,-1.0,0.0,-1.0,-0.1125,0.275,0.2222222222222222,0.2222222222222222,-0.3875,-8.5,14.3,13.600000000000001,0.05893809672595242,0
2024-09-22 17:00:00+00:00,Minnesota Vikings,Houston Texans,34,7,3,27,41,1,18.2,23.0,0.4,-4.8,19.8,22.6,0,0.6,2.8,3,1.3999999999999986,7.0,14.0,-7.0,0,-0.29230769230769227,-0.06666666666666665,1.0,-5.333333333333334,6.333333333333334,12.2,15.4,-3.200000000000001,0.16666666666666666,1,0,0,0.5,0,75.44,34.56,-40.879999999999995,-0.16666666666666785,2.333333333333332,-2.5,4.86,4.5600000000000005,0.11800000000000002,0.10300000000000001,0.386,0.356,0.5860000000000001,0.556,0.2999999999999998,2.0,3.0,-1.0,9.020471851383997,1.7863615475006633,2000,0,1,0,0,0,-2000,0.7321964339296432,0.4966130340384248,0.7857571471437145,0.5972904272307399,0,0,0.23558339989121835,1.0,1.0,0.0,0.075,0.1125,0.22222222222222215,0.2222222222222224,-0.037500000000000006,1.625,0.22500000000000142,24.066666666666666,0.062155138258676246,0
2024-09-22 17:00:00+00:00,New Orleans Saints,Philadelphia Eagles,12,15,3,-3,27,0,34.8,13.8,0.8,21.0,13.2,21.0,1,0.4,7.8,3,24.599999999999998,14.0,37.0,-23.0,0,-0.03296703296703296,-0.017094017094017144,33.333333333333336,8.333333333333332,25.000000000000004,17.8,20.6,-2.8000000000000007,0.16666666666666666,1,0,0,1.0,1,287.6,104.0,-183.60000000000002,27.833333333333332,16.5,11.333333333333332,5.18,4.0600000000000005,0.134,0.07800000000000001,0.418,0.306,0.6180000000000001,0.506,1.1199999999999992,0.0,3.0,-3.0,20.21893635392499,4.435607367196764,0,0,0,0,0,0,0,0.30946691788155434,0.49394293800007094,0.4475735343052435,0.5951543504000567,0,0,-0.1844760201185166,-0.3333333333333333,0.5,-0.8333333333333333,0.7625,-0.475,0.22222222222222238,0.2222222222222224,1.2374999999999998,21.375,3.224999999999998,12.2,0.04349533187761168,0
2024-09-22 17:00:00+00:00,Pittsburgh Steelers,Los Angeles Chargers,20,10,3,10,30,1,15.4,17.0,0.2,-1.6,17.6,20.2,0,0.6,2.6,3,0.7999999999999989,35.0,7.0,28.0,0,-0.1282051282051283,0.2142857142857143,14.5,20.833333333333332,-6.333333333333332,13.8,12.2,1.6000000000000014,0.16666666666666666,1,0,0,0.5,0,50.96,156.4,105.44,4.833333333333334,11.333333333333334,-6.5,3.56,4.02,0.053000000000000005,0.076,0.256,0.302,0.45600000000000007,0.502,-0.4599999999999995,2.0,3.0,-1.0,11.323300890511451,0.15118512804666162,1000,3000,1,1,0,0,2000,0.6478303853254799,0.583588619872127,0.7182643082603839,0.6668708958977015,0,0,0.06424176545335292,-0.3333333333333333,0.0,-0.3333333333333333,-0.6125,-0.5875,0.2222222222222222,0.22222222222222235,-0.025000000000000022,0.375,0.42499999999999893,-13.933333333333332,0.0492280044585655,0
2024-09-22 17:00:00+00:00,Tampa Bay Buccaneers,Denver Broncos,7,26,3,-19,33,0,27.2,15.6,0.8,11.6,21.8,26.4,1,0.4,4.6,3,8.399999999999999,13.0,13.0,0.0,0,0.06666666666666665,-0.3351648351648352,10.5,-24.833333333333332,35.33333333333333,16.8,16.6,0.1999999999999993,0.16666666666666666,1,0,0,0.5,0,98.96000000000001,209.84,110.88,12.5,-20.0,32.5,4.4,4.8,0.095,0.115,0.33999999999999997,0.38,0.54,0.5800000000000001,-0.39999999999999947,3.0,2.0,1.0,0.8325700832440569,-0.9933916933853357,500,1200,0,0,0,0,700,0.5168867239456154,0.5045519704348396,0.6135093791564923,0.6036415763478717,0,1,0.012334753510775842,1.0,-0.3333333333333333,1.3333333333333333,-0.0875,0.025,0.22222222222222232,0.22222222222222232,-0.11249999999999999,4.5,3.8999999999999986,7.200000000000001,0.03897926909147674,0
2024-09-22 20:05:00+00:00,Seattle Seahawks,Miami Dolphins,24,3,3,21,27,1,25.2,17.8,0.4,7.4,10.0,28.8,0,0.2,18.8,3,18.2,14.0,29.0,-15.0,0,0.3571428571428571,-0.3761904761904762,-0.833333333333333,-10.333333333333334,9.5,18.4,18.2,0.1999999999999993,0.16666666666666666,1,0,0,0.5,0,21.2,121.75999999999999,100.55999999999999,1.8333333333333321,-0.6666666666666661,2.4999999999999982,4.64,3.84,0.107,0.067,0.364,0.284,0.5640000000000001,0.48400000000000004,0.7999999999999998,0.0,3.0,-3.0,1.334735594965993,2.2222693112066287,2500,500,0,0,1,1,-2000,0.6789300115239669,0.7764805657219042,0.7431440092191736,0.8211844525775234,0,0,-0.09755055419793723,0.5,1.0,-0.5,0.0625,-0.7375,0.2222222222222222,0.2222222222222224,0.8,15.375,2.8249999999999993,2.0666666666666664,0.06538186385609011,0
2024-09-22 20:05:00+00:00,Las Vegas Raiders,Carolina Panthers,22,36,3,-14,58,0,23.8,26.2,0.6,-2.4,23.8,26.8,1,0.4,3.0,3,3.0,29.0,14.0,15.0,0,0.1923076923076923,-0.033333333333333354,0.833333333333333,-26.0,26.833333333333332,24.0,26.2,-2.1999999999999993,0.16666666666666666,1,0,0,0.5,0,50.8,218.24,167.44,-1.6666666666666679,-8.833333333333334,7.166666666666666,4.2,3.48,0.085,0.05,0.31999999999999995,0.248,0.52,0.44800000000000006,0.7200000000000002,1.0,1.0,0.0,-10.664094690008614,0.5263881101716021,3000,1000,1,1,1,1,-2000,0.7076496109118375,0.40500131302665887,0.76611968872947,0.524001050421327,0,0,0.30264829788517866,-0.3333333333333333,0.0,-0.3333333333333333,-0.175,-1.0875,0.22222222222222227,0.22222222222222204,0.9124999999999999,15.625,12.625,4.333333333333332,0.046610021794801795,0
2024-09-22 20:25:00+00:00,Dallas Cowboys,Baltimore Ravens,25,28,3,-3,53,0,24.6,30.0,0.4,-5.4,20.6,18.6,1,0.6,-2.0,3,7.0,7.0,16.0,-9.0,0,0.2548076923076923,-0.0625,-6.833333333333334,3.333333333333334,-10.166666666666668,22.4,22.2,0.1999999999999993,0.16666666666666666,1,0,0,0.5,0,231.04000000000002,70.4,-160.64000000000001,6.666666666666668,10.5,-3.833333333333332,4.5,3.82,0.1,0.066,0.35,0.282,0.55,0.48200000000000004,0.6800000000000002,1.0,2.0,-1.0,32.49203199323092,-4.998785547596472,0,1000,0,1,0,0,1000,0.5846688068540963,0.5818567829080568,0.667735045483277,0.6654854263264454,0,0,0.0028120239460395213,-1.0,-0.5,-0.5,0.3,-0.575,0.22222222222222224,0.2222222222222222,0.875,7.5,0.5,1.8666666666666654,0.042054832142093525,0
2024-09-22 20:25:00+00:00,Los Angeles Rams,San Francisco 49ers,27,24,3,3,51,1,24.8,17.8,1.0,7.0,20.6,19.8,0,0.4,-0.8,3,7.199999999999999,41.0,7.0,34.0,1,0.1925133689839572,-0.20220588235294112,-19.5,2.8333333333333335,-22.333333333333332,21.0,18.6,2.3999999999999986,0.16666666666666666,1,0,0,0.5,2,157.35999999999999,48.16,-109.19999999999999,1.333333333333334,6.833333333333332,-5.499999999999998,3.7199999999999998,4.34,0.061,0.092,0.27199999999999996,0.33399999999999996,0.47200000000000003,0.534,-0.6200000000000001,2.0,1.0,1.0,31.557923693460747,-2.716146564106749,1500,1000,1,1,0,0,-500,0.7354987003812646,0.6511178565761784,0.7883989603050117,0.7208942852609428,0,0,0.08438084380508626,0.0,-0.5,0.5,-0.4375,0.075,0.2222222222222222,0.22222222222222215,-0.5125,-2.625,9.825,-15.533333333333333,0.06992313239854135,0
2024-09-22 20:25:00+00:00,Arizona Cardinals,Detroit Lions,13,20,3,-7,33,0,23.6,25.8,0.2,-2.2,21.4,23.0,1,0.4,1.6,3,5.200000000000003,7.0,36.0,-29.0,0,0.13333333333333336,-0.1071428571428572,24.5,2.0,22.5,23.8,18.8,5.0,0.16666666666666666,1,0,0,0.5,0,343.36,44.56,-298.8,21.5,4.0,17.5,4.46,4.16,0.09800000000000002,0.08300000000000002,0.346,0.316,0.546,0.516,0.2999999999999998,0.0,2.0,-2.0,40.76109598149391,2.7519183104591995,3000,0,1,0,0,0,-3000,0.4846496943825491,0.5721145743309315,0.5877197555060394,0.6576916594647452,0,0,-0.08746487994838237,-1.0,0.5,-1.5,0.0375,0.0375,0.22222222222222232,0.2222222222222223,0.0,0.0,5.200000000000003,-0.5333333333333332,0.04537273431652537,0
2024-09-23 00:20:00+00:00,Atlanta Falcons,Kansas City Chiefs,17,22,3,-5,39,0,17.6,20.6,0.4,-3.0,19.4,17.8,1,0.8,-1.6,3,1.2000000000000028,14.0,43.0,-29.0,0,0.1923076923076923,0.0491228070175439,9.5,13.0,-3.5,20.6,25.8,-5.199999999999999,0.16666666666666666,1,0,0,0.5,0,130.56,63.36,-67.2,7.666666666666666,7.5,0.16666666666666607,3.44,4.5,0.05,0.1,0.244,0.35,0.44400000000000006,0.55,-1.06,1.0,3.0,-2.0,-13.018872306463596,6.860682463719997,500,0,0,0,0,0,-500,0.5984405398947747,0.7615971109654919,0.6787524319158198,0.8092776887723935,0,0,-0.16315657107071713,-0.3333333333333333,0.3333333333333333,-0.6666666666666666,-0.7,0.0375,0.22222222222222227,0.2222222222222224,-0.7374999999999999,-6.0,7.200000000000003,-3.1999999999999993,0.04802074156758131,0
2024-09-23 23:30:00+00:00,Buffalo Bills,Jacksonville Jaguars,47,10,3,37,57,1,24.2,27.2,0.4,-3.0,21.4,21.8,0,0.2,0.4,3,5.800000000000001,15.0,15.0,0.0,0,0.08333333333333337,0.042857142857142816,22.166666666666664,-23.0,45.166666666666664,21.0,11.6,9.4,0.16666666666666666,1,0,0,0.0,1,253.35999999999999,170.56,-82.79999999999998,18.833333333333336,-10.666666666666668,29.500000000000004,4.42,4.4399999999999995,0.096,0.097,0.34199999999999997,0.344,0.542,0.544,-0.019999999999999574,3.0,1.0,2.0,-25.481515678384234,-0.610212038769037,500,1000,0,1,0,0,500,0.5166846267704699,0.6878126564064456,0.613347701416376,0.7502501251251565,0,1,-0.17112802963597573,0.3333333333333333,-1.0,1.3333333333333333,0.075,-0.1375,0.2222222222222222,0.2222222222222223,0.21250000000000002,-0.75,6.550000000000001,5.466666666666666,0.03907067646884425,0
2024-09-24 00:15:00+00:00,Cincinnati Bengals,Washington Commanders,33,38,3,-5,71,0,19.2,19.6,0.4,-0.4,18.2,25.6,1,0.0,7.4,3,4.0,15.0,15.0,0.0,0,0.17619047619047623,-0.12087912087912084,9.833333333333334,-7.0,16.833333333333336,22.6,19.6,3.0,0.16666666666666666,1,0,0,0.0,1,69.84,83.36,13.519999999999996,7.166666666666666,6.166666666666666,1.0,3.62,3.98,0.056,0.07400000000000001,0.26199999999999996,0.298,0.462,0.49800000000000005,-0.3599999999999999,3.0,3.0,0.0,-13.055174708770029,-7.13599420708084,0,500,0,0,0,0,500,0.587736810398988,0.6590454575753536,0.6701894483191904,0.727236366060283,0,0,-0.07130864717636565,-1.0,-0.3333333333333333,-0.6666666666666667,-0.6375,-0.55,0.2222222222222224,0.2222222222222222,-0.08749999999999991,3.0,1.0,-8.533333333333335,0.06167595386081826,0
2024-09-27 00:15:00+00:00,New York Giants,Dallas Cowboys,15,20,4,-5,35,0,19.2,17.8,0.6,1.4,26.0,14.8,1,0.6,-11.2,3,-3.8000000000000007,18.0,18.0,0.0,1,0.30316742081447956,-0.2053571428571429,16.166666666666664,-22.0,38.166666666666664,20.4,25.4,-5.0,0.2222222222222222,1,0,0,0.0,2,106.55999999999999,232.16,125.60000000000001,12.166666666666668,-4.333333333333332,16.5,3.52,4.76,0.051000000000000004,0.11300000000000002,0.252,0.376,0.45200000000000007,0.5760000000000001,-1.2399999999999998,1.0,1.0,0.0,17.12975657479967,-3.8485633278026663,1000,0,1,0,0,0,-1000,0.6164006810485712,0.5953879172590122,0.6931205448388569,0.6763103338072097,0,0,0.021012763789558964,-0.3333333333333333,-1.0,0.6666666666666667,-0.6125,0.3625,0.22222222222222232,0.22222222222222227,-0.9750000000000001,0.375,4.175000000000001,0.4666666666666668,0.05246708334389182,0
2024-09-29 17:00:00+00:00,Houston Texans,Jacksonville Jaguars,24,20,4,4,44,1,23.6,23.0,0.4,0.6,16.4,16.2,0,0.6,-0.2,3,10.200000000000003,13.0,5.0,8.0,1,0.10416666666666663,-0.0,-17.833333333333332,-34.666666666666664,16.833333333333332,19.8,18.4,1.4000000000000021,0.2222222222222222,1,0,0,0.3333333333333333,3,219.35999999999999,506.55999999999983,287.1999999999998,-11.666666666666668,-11.166666666666668,-0.5,4.3,4.12,0.09000000000000001,0.081,0.32999999999999996,0.31199999999999994,0.53,0.512,0.17999999999999972,3.0,1.0,2.0,33.30797478302929,-1.0289877808239156,0,1000,1,1,0,0,1000,0.6412369340358459,0.6693401483397176,0.7129895472286767,0.7354721186717741,1,1,-0.028103214303871638,1.0,-1.0,2.0,-0.3625,-0.1625,0.22222222222222227,0.22222222222222215,-0.19999999999999998,-3.125,13.325000000000003,23.666666666666668,0.042315440745030325,0
2024-09-29 17:00:00+00:00,Carolina Panthers,Cincinnati Bengals,24,34,4,-10,58,0,16.2,22.0,0.2,-5.8,23.0,18.4,1,0.6,-4.6,3,-3.8000000000000007,14.0,13.0,1.0,0,-0.020833333333333343,-0.1428571428571429,7.166666666666666,11.333333333333334,-4.166666666666668,27.2,26.8,0.3999999999999986,0.2222222222222222,1,0,0,0.5,0,348.16,65.36,-282.8,1.8333333333333321,20.0,-18.166666666666668,4.14,4.0,0.08199999999999999,0.07500000000000001,0.31399999999999995,0.3,0.514,0.5,0.13999999999999968,1.0,3.0,-2.0,-28.663271280775685,-5.920885025455208,3000,0,1,0,1,0,-3000,0.340721274801014,0.5114194667201731,0.47257701984081124,0.6091355733761386,0,0,-0.17069819191915914,0.0,-1.0,1.0,-1.0125,-0.3625,0.22222222222222204,0.22222222222222232,-0.6499999999999999,-3.25,0.5500000000000007,-8.133333333333333,0.04023603211958809,0
2024-09-29 17:00:00+00:00,Tampa Bay Buccaneers,Philadelphia Eagles,33,16,4,17,49,1,27.2,14.0,1.0,13.2,16.2,23.4,0,0.2,7.2,3,14.0,7.0,7.0,0.0,0,0.029166666666666674,0.015873015873015817,-12.166666666666668,6.666666666666667,-18.833333333333336,19.2,20.4,-1.1999999999999993,0.2222222222222222,1,0,0,0.5,2,186.96,104.0,-82.96000000000001,-9.166666666666668,1.0,-10.166666666666668,4.2,4.04,0.085,0.077,0.31999999999999995,0.30399999999999994,0.52,0.504,0.16000000000000014,3.0,3.0,0.0,-22.898848728657402,4.395762380073053,500,500,0,0,0,0,0,0.5003516861831715,0.5657261808489948,0.6002813489465372,0.6525809446791959,1,0,-0.06537449466582335,1.0,0.5,0.5,-0.1125,-0.675,0.22222222222222257,0.22222222222222215,0.5625,11.625,2.375,-16.46666666666667,0.055108269248881014,0
2024-09-29 17:00:00+00:00,New York Jets,Denver Broncos,9,10,4,-1,19,0,22.0,15.8,0.8,6.2,25.0,15.6,1,0.6,-9.4,3,0.0,9.0,7.0,2.0,0,0.10096153846153844,-0.2857142857142858,16.0,-9.0,25.0,14.0,12.0,2.0,0.2222222222222222,1,0,0,1.0,1,117.44000000000001,219.43999999999997,101.99999999999996,9.333333333333334,-12.333333333333332,21.666666666666664,4.14,4.64,0.08199999999999999,0.107,0.31399999999999995,0.364,0.514,0.5640000000000001,-0.5,1.0,2.0,-1.0,-19.9399776198778,-5.506114103319365,3000,2200,1,1,0,0,-800,0.7821446867758328,0.5006645040656533,0.8257157494206663,0.6005316032525226,0,1,0.2814801827101795,1.0,-1.0,2.0,-0.3375,0.0625,0.22222222222222215,0.2222222222222226,-0.4,-1.125,1.125,11.4,0.044315439178210285,0
2024-09-29 17:00:00+00:00,Green Bay Packers,Minnesota Vikings,29,31,4,-2,60,0,22.6,18.4,0.6,4.2,12.8,19.4,1,0.6,6.6,3,12.8,14.0,21.0,-7.0,1,0.1428571428571429,0.24285714285714283,13.333333333333334,-3.5,16.833333333333336,18.4,9.0,9.399999999999999,0.2222222222222222,1,0,0,0.6666666666666666,3,285.2,54.64000000000001,-230.55999999999997,2.666666666666668,1.5,1.1666666666666679,4.4399999999999995,5.0600000000000005,0.097,0.128,0.344,0.40599999999999997,0.544,0.6060000000000001,-0.620000000000001,3.0,2.0,1.0,-16.021944755583057,2.3700814857393424,1000,1000,1,0,0,0,0,0.38131313453411664,0.6730825792344495,0.5050505076272933,0.7384660633875596,0,0,-0.29176944470033284,0.0,1.0,-1.0,0.2875,0.2,0.22222222222222215,0.22222222222222227,0.08749999999999997,0.5,12.3,-16.266666666666666,0.07002660936799046,0
2024-09-29 17:00:00+00:00,Chicago Bears,Los Angeles Rams,24,18,4,6,42,1,10.8,18.0,0.2,-7.2,18.0,28.6,0,0.2,10.6,3,-4.199999999999999,21.0,13.0,8.0,0,0.3761904761904762,-0.23039215686274517,-20.166666666666664,-12.666666666666666,-7.499999999999998,16.2,23.4,-7.199999999999999,0.2222222222222222,1,0,0,0.5,0,127.43999999999998,164.24000000000004,36.800000000000054,-13.833333333333332,2.5,-16.333333333333332,4.58,4.0,0.10400000000000001,0.07500000000000001,0.358,0.3,0.558,0.5,0.5800000000000001,1.0,2.0,-1.0,-14.269290329429422,-0.47681599643040506,0,1000,1,1,0,0,1000,0.5739443258211434,0.7252842378020511,0.6591554606569148,0.7802273902416409,1,0,-0.15133991198090768,-0.3333333333333333,0.0,-0.3333333333333333,0.0125,-0.425,0.22222222222222207,0.2222222222222222,0.4375,13.875,18.075,-1.4000000000000004,0.03843897404703121,0
2024-09-29 17:00:00+00:00,Atlanta Falcons,New Orleans Saints,26,24,4,2,50,1,27.0,11.0,1.0,16.0,18.0,25.0,0,0.2,7.0,3,12.0,6.0,14.0,-8.0,1,0.15897435897435896,0.0714285714285714,11.333333333333334,1.666666666666666,9.666666666666668,21.0,18.0,3.0,0.2222222222222222,1,0,0,0.5,2,132.95999999999998,309.6,176.64000000000004,12.166666666666668,0.0,12.166666666666668,3.52,5.1,0.051000000000000004,0.13,0.252,0.41,0.45200000000000007,0.6100000000000001,-1.5799999999999996,1.0,0.0,1.0,-5.024751144476182,-3.637564561088277,500,0,0,0,0,0,-500,0.6907670780786754,0.25714339371585315,0.7526136624629404,0.4057147149726825,0,0,0.4336236843628223,-0.3333333333333333,-1.0,0.6666666666666667,-0.85,0.6375,0.22222222222222227,0.22222222222222215,-1.4874999999999998,-21.375,33.375,1.1333333333333329,0.046752919176120046,0
2024-09-29 17:00:00+00:00,Indianapolis Colts,Pittsburgh Steelers,27,24,4,3,51,1,22.8,12.0,1.0,10.8,22.2,26.4,0,0.4,4.2,3,3.6000000000000014,7.0,13.0,-6.0,0,-0.07179487179487176,0.09523809523809534,-6.833333333333333,10.166666666666666,-17.0,17.6,11.8,5.800000000000001,0.2222222222222222,1,0,0,1.0,1,46.64,53.839999999999996,7.199999999999996,-9.5,3.833333333333334,-13.333333333333334,4.42,3.7199999999999998,0.096,0.061,0.34199999999999997,0.27199999999999996,0.542,0.47200000000000003,0.7000000000000002,1.0,2.0,-1.0,-1.4487593308811657,-1.5687881951317582,0,1000,0,1,0,0,1000,0.7097953308439025,0.7488308587823735,0.767836264675122,0.7990646870258988,1,0,-0.03903552793847109,-0.3333333333333333,-0.3333333333333333,0.0,0.025,-0.7375,0.2222222222222225,0.22222222222222254,0.7625000000000001,5.0,1.3999999999999986,-18.133333333333333,0.07429905214567638,0
2024-09-29 20:05:00+00:00,Arizona Cardinals,Washington Commanders,14,42,4,-28,56,0,23.4,22.4,0.2,1.0,21.8,26.6,1,0.2,4.8,3,4.599999999999998,6.0,5.0,1.0,0,0.10769230769230775,-0.07142857142857145,25.333333333333336,8.666666666666668,16.666666666666668,24.6,22.2,2.400000000000002,0.2222222222222222,1,0,0,0.0,1,346.96000000000004,92.96000000000001,-254.00000000000003,9.333333333333332,14.166666666666666,-4.833333333333334,4.4399999999999995,4.4,0.097,0.095,0.344,0.33999999999999997,0.544,0.54,0.03999999999999915,0.0,3.0,-3.0,-5.137408622964245,-8.931239143629101,2500,1000,0,1,0,1,-1500,0.47084973778708183,0.5358138843093214,0.5766797902296654,0.6286511074474571,0,0,-0.06496414652223959,-1.0,0.3333333333333333,-1.3333333333333333,0.0,-0.425,0.22222222222222232,0.22222222222222227,0.425,7.875,3.275000000000002,6.6,0.04347648504554407,0
2024-09-29 20:05:00+00:00,San Francisco 49ers,New England Patriots,30,13,4,17,43,1,25.2,20.4,0.8,4.8,15.2,20.8,0,0.4,5.6,3,13.0,19.0,9.0,10.0,0,0.23529411764705876,0.14285714285714282,-10.833333333333332,-10.333333333333334,-0.4999999999999982,20.6,18.2,2.400000000000002,0.2222222222222222,1,0,0,0.5,0,46.0,83.76,37.760000000000005,-3.5,-1.5,-2.0,4.5600000000000005,3.54,0.10300000000000001,0.052000000000000005,0.356,0.254,0.556,0.45400000000000007,1.0200000000000005,1.0,3.0,-2.0,-6.356923551528337,-5.244952140870723,1000,1000,1,1,0,1,0,0.6511178565761784,0.6707608202233519,0.7208942852609428,0.7366086561786815,0,0,-0.01964296364717355,-0.5,-0.3333333333333333,-0.16666666666666669,0.075,-0.9125,0.2222222222222221,0.2222222222222223,0.9874999999999999,8.125,4.875,3.533333333333333,0.05674962624152563,0
2024-09-29 20:25:00+00:00,Las Vegas Raiders,Cleveland Browns,20,16,4,4,36,1,29.6,24.4,0.4,5.2,23.0,29.6,0,0.4,6.6,3,9.600000000000001,7.0,14.0,-7.0,0,0.15897435897435896,-0.19999999999999996,3.5,11.166666666666666,-7.666666666666666,26.4,26.2,0.1999999999999993,0.2222222222222222,1,0,0,0.5,0,57.040000000000006,59.760000000000005,2.719999999999999,8.666666666666666,-4.166666666666668,12.833333333333334,4.18,4.2,0.084,0.085,0.318,0.31999999999999995,0.518,0.52,-0.020000000000000462,1.0,1.0,0.0,-5.004501680295953,10.877268174128787,3000,1000,1,0,0,0,-2000,0.7063164968882317,0.6683964151279422,0.7650531975105854,0.7347171321023538,0,0,0.03792008176028949,0.0,-0.3333333333333333,0.3333333333333333,-0.15,-0.5375,0.22222222222222232,0.2222222222222223,0.38749999999999996,11.5,1.8999999999999986,-16.799999999999997,0.05786665488586411,0
2024-09-29 20:25:00+00:00,Los Angeles Chargers,Kansas City Chiefs,10,17,4,-7,27,0,13.6,15.2,0.2,-1.6,18.4,17.8,1,0.8,-0.6,3,-1.799999999999999,21.0,6.0,15.0,1,-0.18095238095238098,0.06578947368421051,1.5,5.333333333333334,-3.833333333333334,13.0,24.0,-11.0,0.2222222222222222,1,0,0,0.0,2,136.23999999999998,48.96,-87.27999999999997,-1.0,0.33333333333333215,-1.3333333333333321,4.16,4.68,0.08300000000000002,0.10900000000000001,0.316,0.368,0.516,0.5680000000000001,-0.5199999999999996,3.0,3.0,0.0,-19.130026751379063,0.6017279215073639,3000,1000,1,0,0,0,-2000,0.5892556299838061,0.7781470081337644,0.6714045039870449,0.8225176065070114,0,0,-0.18889137814995827,0.0,0.5,-0.5,-0.7375,-0.025,0.22222222222222238,0.22222222222222232,-0.7125,4.375,6.174999999999999,4.200000000000001,0.07138517096190299,0
2024-09-30 00:20:00+00:00,Baltimore Ravens,Buffalo Bills,35,10,4,25,45,1,18.6,16.2,0.4,2.4,21.0,13.2,0,1.0,-7.8,3,0.6000000000000014,14.0,17.0,-3.0,0,0.029166666666666674,-0.10087719298245623,9.666666666666666,26.666666666666668,-17.0,24.0,16.4,7.600000000000001,0.2222222222222222,1,0,0,0.5,0,85.75999999999999,212.4,126.64000000000001,12.166666666666666,16.0,-3.833333333333334,4.12,5.24,0.081,0.137,0.31199999999999994,0.42399999999999993,0.512,0.624,-1.12,2.0,3.0,-1.0,-11.93007324830852,-5.670392604572755,1000,500,1,0,0,0,-500,0.5605401042188263,0.37550020016016017,0.648432083375061,0.5004001601281282,0,0,0.1850399040586661,0.0,0.3333333333333333,-0.3333333333333333,-0.35,0.4,0.22222222222222215,0.22222222222222232,-0.75,-5.0,5.600000000000001,-25.066666666666666,0.04041732900164251,0
2024-09-30 23:30:00+00:00,Miami Dolphins,Tennessee Titans,12,31,4,-19,43,0,15.4,17.6,0.6,-2.2,18.4,27.6,1,0.4,9.2,3,1.7763568394002505e-15,17.0,22.0,-5.0,0,0.3999999999999999,-0.34065934065934067,-21.0,-10.5,-10.5,20.4,24.0,-3.6000000000000014,0.2222222222222222,1,0,0,0.0,1,137.44,45.760000000000005,-91.67999999999999,-9.166666666666666,-5.5,-3.666666666666666,3.5,4.18,0.05,0.084,0.24999999999999997,0.318,0.45000000000000007,0.518,-0.6799999999999997,3.0,1.0,2.0,-14.409019358252456,6.715665353001585,2500,0,0,0,1,0,-2500,0.7239367146830278,0.6080896148352279,0.7791493717464222,0.6864716918681824,1,0,0.11584709984779984,1.0,0.0,1.0,-0.9375,-0.425,0.22222222222222232,0.2222222222222224,-0.5125,0.0,1.7763568394002505e-15,0.0,0.062215275415544426,0
2024-10-01 00:15:00+00:00,Detroit Lions,Seattle Seahawks,42,29,4,13,71,1,24.2,20.6,0.8,3.6,19.0,15.2,0,0.8,-3.8,3,8.2,15.0,15.0,0.0,0,0.08333333333333326,-0.37142857142857144,-3.166666666666667,9.0,-12.166666666666668,18.6,18.4,0.20000000000000284,0.2222222222222222,1,0,0,0.0,1,18.640000000000004,57.04,38.39999999999999,-6.666666666666668,-2.5,-4.166666666666668,4.5,4.8,0.1,0.115,0.35,0.38,0.55,0.5800000000000001,-0.2999999999999998,2.0,0.0,2.0,-3.9119181651868997,5.7460330897829675,1200,2500,0,0,0,0,1300,0.5717495621718525,0.6823548560106735,0.657399649737482,0.7458838848085387,0,0,-0.110605293838821,0.6,0.5,0.09999999999999998,-0.0125,0.1125,0.22222222222222246,0.2222222222222222,-0.125,-0.625,8.825,-5.4,0.0914960123941919,0
2024-10-04 00:15:00+00:00,Atlanta Falcons,Tampa Bay Buccaneers,36,30,5,6,66,1,16.4,21.0,0.4,-4.6,15.2,16.2,0,0.6,1.0,3,4.199999999999999,4.0,18.0,-14.0,1,0.1923076923076923,-0.05490196078431375,11.166666666666666,-11.333333333333334,22.5,23.2,18.4,4.800000000000001,0.2777777777777778,1,0,0,0.6666666666666666,3,143.76,177.36,33.60000000000002,10.833333333333334,-7.0,17.833333333333336,3.8,4.72,0.065,0.111,0.27999999999999997,0.372,0.48000000000000004,0.5720000000000001,-0.9199999999999999,1.0,3.0,-2.0,-14.301256159875509,-4.599355634175598,500,500,0,0,0,0,0,0.6292427512509027,0.49317162668216763,0.7033942010007221,0.5945373013457341,0,0,0.13607112456873505,0.3333333333333333,1.0,-0.6666666666666667,-0.7375,-0.1,0.22222222222222224,0.2222222222222222,-0.6375000000000001,-8.375,12.575,16.066666666666666,0.0587304585909022,0
2024-10-06 13:30:00+00:00,Minnesota Vikings,New York Jets,23,17,5,6,40,1,23.0,22.0,0.6,1.0,19.0,20.2,0,0.6,1.2,3,7.0,13.0,20.0,-7.0,0,-0.26785714285714285,-0.0625,-2.5,10.666666666666666,-13.166666666666666,12.4,13.6,-1.1999999999999993,0.2777777777777778,1,0,0,0.5,0,100.4,122.23999999999998,21.839999999999975,6.833333333333332,-1.1666666666666679,8.0,5.14,4.02,0.132,0.076,0.414,0.302,0.614,0.502,1.12,2.0,1.0,1.0,21.452033628726628,4.257963502894572,0,500,0,0,0,0,500,0.7909283914540284,0.7333658874037308,0.8327427131632227,0.7866927099229846,0,0,0.057562504050297614,1.0,0.3333333333333333,0.6666666666666667,0.4625,-0.475,0.2222222222222222,0.22222222222222235,0.9375,9.0,2.0,-5.333333333333333,0.043422250862130245,0
2024-10-06 17:00:00+00:00,Jacksonville Jaguars,Indianapolis Colts,37,34,5,3,71,1,26.6,14.4,1.0,12.2,16.0,27.6,0,0.4,11.6,3,13.600000000000001,21.0,21.0,0.0,1,0.03749999999999998,0.038461538461538436,-28.166666666666668,2.333333333333333,-30.5,21.8,19.8,2.0,0.2777777777777778,1,0,0,1.0,2,463.03999999999996,41.83999999999999,-421.2,-5.333333333333332,2.666666666666668,-8.0,4.12,4.54,0.081,0.102,0.31199999999999994,0.354,0.512,0.554,-0.41999999999999993,1.0,1.0,0.0,-1.0899539039003259,-2.6555602963164735,1000,0,1,0,0,0,-1000,0.6868132545908112,0.6992197646121009,0.7494506036726489,0.7593758116896807,0,0,-0.012406510021289674,-1.0,0.0,-1.0,-0.2375,0.075,0.22222222222222243,0.22222222222222238,-0.3125,1.375,12.225000000000001,-22.999999999999996,0.062407086778815596,0
2024-10-06 17:00:00+00:00,Washington Commanders,Cleveland Browns,34,13,5,21,47,1,20.4,22.4,0.2,-2.0,22.2,21.6,0,0.6,-0.6,3,1.1999999999999993,21.0,6.0,15.0,0,0.028571428571428525,-0.22499999999999998,17.833333333333332,0.0,17.833333333333332,22.4,24.8,-2.400000000000002,0.2777777777777778,1,0,0,0.5,2,207.76,44.8,-162.95999999999998,19.666666666666668,-7.166666666666668,26.833333333333336,5.12,4.28,0.131,0.08900000000000001,0.412,0.32799999999999996,0.612,0.528,0.8399999999999999,3.0,1.0,2.0,-26.79766792740051,5.977038869939663,3000,2200,1,1,1,0,-800,0.4165029991508097,0.6717113503332776,0.5332023993206477,0.7373690802666221,0,0,-0.2552083511824679,1.0,-0.5,1.5,-0.025,-0.5125,0.22222222222222254,0.22222222222222246,0.48749999999999993,12.375,11.175,6.866666666666665,0.06820105214604609,0
2024-10-06 17:00:00+00:00,Houston Texans,Buffalo Bills,23,20,5,3,43,1,14.0,16.8,0.2,-2.8,17.6,29.0,0,0.2,11.4,3,-0.6000000000000014,7.0,6.0,1.0,0,0.125,-0.14574898785425106,-14.833333333333334,-1.333333333333333,-13.5,21.8,22.8,-1.0,0.2777777777777778,1,0,0,0.5,0,151.03999999999996,452.96000000000004,301.9200000000001,-6.166666666666668,-1.8333333333333321,-4.333333333333336,4.22,5.26,0.08600000000000001,0.138,0.32199999999999995,0.426,0.522,0.6260000000000001,-1.04,3.0,3.0,0.0,-8.021311441358678,2.3449014394486505,0,1000,0,1,0,0,1000,0.6698130264531927,0.332946076017838,0.7358504211625542,0.4663568608142704,0,0,0.33686695043535475,1.0,0.0,1.0,-0.1875,0.1375,0.22222222222222232,0.22222222222222224,-0.325,2.875,3.4750000000000014,-26.46666666666667,0.030030759492509093,0
2024-10-06 17:00:00+00:00,Cincinnati Bengals,Baltimore Ravens,38,41,5,-3,79,0,15.2,27.6,0.4,-12.4,19.0,29.2,1,0.2,10.2,3,-0.8000000000000007,12.0,13.0,-1.0,1,0.09999999999999998,-0.05490196078431375,9.166666666666668,25.0,-15.833333333333332,26.2,23.6,2.599999999999998,0.2777777777777778,1,0,0,0.5,4,57.2,243.2,186.0,17.166666666666668,14.833333333333332,2.3333333333333357,4.62,4.5600000000000005,0.106,0.10300000000000001,0.362,0.356,0.562,0.556,0.05999999999999961,3.0,2.0,1.0,-14.015325924277636,-9.697970882420261,1000,500,1,0,0,0,-500,0.44943211136136907,0.549349428603491,0.5595456890890953,0.6394795428827929,0,0,-0.09991731724212194,-1.0,-0.3333333333333333,-0.6666666666666667,-0.15,-0.3375,0.2222222222222223,0.2222222222222221,0.18750000000000003,1.625,2.4250000000000007,-9.0,0.07966806976812399,0
2024-10-06 17:00:00+00:00,Chicago Bears,Carolina Panthers,36,10,5,26,46,1,18.4,12.2,0.6,6.2,18.4,24.2,0,0.4,5.8,3,3.0,7.0,13.0,-6.0,0,0.3999999999999999,0.033653846153846145,-4.166666666666667,20.333333333333332,-24.5,19.2,31.0,-11.8,0.2777777777777778,1,0,0,1.0,1,54.0,339.75999999999993,285.75999999999993,-3.666666666666668,15.333333333333334,-19.0,4.52,4.38,0.101,0.09400000000000001,0.352,0.33799999999999997,0.552,0.538,0.13999999999999968,1.0,1.0,0.0,3.397081703895308,1.4628177935271904,0,2500,1,0,0,0,2500,0.6535898384862245,0.3565534695874101,0.7228718707889796,0.48524277566992813,0,0,0.29703636889881446,0.0,1.0,-1.0,0.2,-0.7125,0.22222222222222224,0.2222222222222222,0.9125000000000001,21.375,18.375,-21.933333333333334,0.05137272284855493,0
2024-10-06 17:00:00+00:00,New England Patriots,Miami Dolphins,10,15,5,-5,25,0,26.6,14.4,1.0,12.2,19.0,16.8,1,0.8,-2.2,3,10.600000000000001,21.0,13.0,8.0,1,-0.1190476190476191,-0.35416666666666663,-16.666666666666668,-10.666666666666666,-6.000000000000002,21.4,25.4,-4.0,0.2777777777777778,1,0,0,0.3333333333333333,3,94.0,85.44000000000001,-8.559999999999988,-7.333333333333334,-7.166666666666666,-0.16666666666666785,3.54,3.48,0.052000000000000005,0.05,0.254,0.248,0.45400000000000007,0.44800000000000006,0.06000000000000005,3.0,3.0,0.0,-10.268027877103298,5.734771444009741,3000,2500,1,0,1,0,-500,0.7079838403444083,0.7250710319009653,0.7663870722755267,0.7800568255207723,0,0,-0.017087191556557024,0.0,1.0,-1.0,-1.0125,-0.9625,0.2222222222222223,0.22222222222222243,-0.04999999999999993,6.375,4.225000000000001,5.2666666666666675,0.07644902242413501,0
2024-10-06 20:05:00+00:00,Denver Broncos,Las Vegas Raiders,34,18,5,16,52,1,22.0,12.4,0.6,9.6,19.8,21.2,0,0.4,1.4,3,5.199999999999999,20.0,21.0,-1.0,1,0.24285714285714288,-0.1923076923076923,5.666666666666667,-2.0,7.666666666666667,13.4,24.2,-10.799999999999999,0.2777777777777778,1,0,0,0.0,2,181.04,58.55999999999999,-122.48,-3.333333333333332,1.0,-4.333333333333332,4.3,4.34,0.09000000000000001,0.092,0.32999999999999996,0.33399999999999996,0.53,0.534,-0.040000000000000036,2.0,1.0,1.0,-9.857959279105533,-7.317146906513295,2000,2500,1,0,0,0,500,0.4670615068321673,0.7063164968882317,0.5736492054657338,0.7650531975105854,0,0,-0.23925499005606443,-0.3333333333333333,0.3333333333333333,-0.6666666666666666,-0.0125,-0.15,0.2222222222222224,0.2222222222222222,0.13749999999999998,11.875,6.675000000000001,-3.5333333333333337,0.06466385766394984,0
2024-10-06 20:05:00+00:00,San Francisco 49ers,Arizona Cardinals,23,24,5,-1,47,0,27.2,18.8,1.0,8.4,20.8,30.2,1,0.2,9.4,3,9.399999999999999,7.0,28.0,-21.0,1,0.24836601307189543,-0.08571428571428574,4.666666666666666,-17.166666666666668,21.833333333333336,21.2,28.8,-7.600000000000001,0.2777777777777778,1,0,0,1.0,3,82.96000000000001,449.36,366.4,2.666666666666668,-13.5,16.166666666666668,4.84,4.46,0.11699999999999999,0.09800000000000002,0.38399999999999995,0.346,0.5840000000000001,0.546,0.3799999999999999,1.0,0.0,1.0,15.581853571013239,3.0734084159938764,1000,0,1,0,0,0,-1000,0.6870003993612771,0.5204575748695429,0.7496003194890217,0.6163660598956344,0,1,0.1665428244917342,-1.0,-1.0,0.0,0.025,-0.2625,0.22222222222222215,0.22222222222222232,0.28750000000000003,11.375,1.9750000000000014,-7.0,0.057591233471023885,0
2024-10-06 20:25:00+00:00,Los Angeles Rams,Green Bay Packers,19,24,5,-5,43,0,26.8,19.4,1.0,7.4,21.0,21.8,1,0.4,0.8,3,8.8,14.0,14.0,0.0,0,0.25,-0.09999999999999998,11.5,-1.0,12.5,26.4,19.2,7.199999999999999,0.2777777777777778,1,0,0,0.0,1,138.64000000000001,112.24000000000001,-26.400000000000006,7.5,4.5,3.0,4.1,4.98,0.08,0.12400000000000001,0.31,0.39799999999999996,0.51,0.5980000000000001,-0.8800000000000008,2.0,3.0,-1.0,-3.1510406491837344,1.2613258211864742,1000,0,1,0,0,0,-1000,0.7319777294701054,0.5451648650334937,0.7855821835760843,0.6361318920267949,0,0,0.18681286443661171,-0.5,-0.3333333333333333,-0.16666666666666669,-0.4625,0.05,0.2222222222222224,0.22222222222222232,-0.5125000000000001,-4.625,13.425,-16.6,0.04935889359199958,0
2024-10-06 20:25:00+00:00,Seattle Seahawks,New York Giants,20,29,5,-9,49,0,26.0,20.6,0.8,5.4,16.0,21.4,1,0.2,5.4,3,13.0,14.0,14.0,0.0,0,0.4,-0.2647058823529411,-0.33333333333333304,10.166666666666666,-10.5,23.6,18.8,4.800000000000001,0.2777777777777778,1,0,0,1.0,1,116.55999999999999,82.64,-33.91999999999999,-2.166666666666668,8.0,-10.166666666666668,5.08,3.62,0.129,0.056,0.408,0.26199999999999996,0.6080000000000001,0.462,1.46,0.0,1.0,-1.0,-24.963378170705326,-3.5594592716243656,3000,1000,1,1,0,1,-2000,0.6679255542803693,0.6572742532286201,0.7343404434242954,0.7258194025828961,0,0,0.010651301051749162,1.0,-0.5,1.5,0.1875,-0.7375,0.22222222222222207,0.22222222222222235,0.925,9.5,3.5,-3.466666666666667,0.05516219221388497,0
2024-10-07 01:45:00+00:00,Pittsburgh Steelers,Dallas Cowboys,17,20,5,-3,37,0,17.4,14.2,0.4,3.2,26.0,13.4,1,0.8,-12.6,3,-5.600000000000001,14.0,10.0,4.0,0,-0.0535714285714286,-0.17226890756302526,0.8333333333333335,6.333333333333333,-5.5,15.4,26.0,-10.6,0.2777777777777778,1,0,0,0.5,0,45.2,184.96,139.76,6.0,-1.1666666666666679,7.166666666666668,4.14,4.62,0.08199999999999999,0.106,0.31399999999999995,0.362,0.514,0.562,-0.4800000000000004,2.0,1.0,1.0,13.682433906157046,-3.8354924590779658,0,1000,1,0,0,0,1000,0.7052543469362101,0.6637174736921349,0.7642034775489681,0.730973978953708,0,0,0.04153687324407529,-0.3333333333333333,-0.3333333333333333,0.0,-0.65,0.1375,0.2222222222222223,0.2222222222222222,-0.7875000000000001,3.375,8.975000000000001,19.133333333333333,0.04949373182048992,0
2024-10-08 00:15:00+00:00,Kansas City Chiefs,New Orleans Saints,26,13,5,13,39,1,24.4,25.0,0.6,-0.6,23.4,17.6,0,0.6,-5.8,3,4.0,22.0,8.0,14.0,0,-0.08049535603715163,0.033333333333333326,7.666666666666667,-22.166666666666668,29.833333333333336,21.2,20.0,1.1999999999999993,0.2777777777777778,1,0,0,0.0,1,56.64,286.56000000000006,229.92000000000007,-5.166666666666668,-21.333333333333336,16.166666666666668,4.5600000000000005,5.38,0.10300000000000001,0.14400000000000002,0.356,0.438,0.556,0.638,-0.8199999999999994,3.0,0.0,3.0,-12.33969676502895,5.990983537544894,2200,1000,1,1,0,0,-1200,0.7781470081337644,0.2592233804985473,0.8225176065070114,0.40737870439883783,0,1,0.518923627635217,1.0,-1.0,2.0,-0.025,0.65,0.2222222222222221,0.2222222222222222,-0.675,-7.625,11.625,13.266666666666666,0.05192019717296624,0
2024-10-11 00:15:00+00:00,Seattle Seahawks,San Francisco 49ers,24,36,6,-12,60,0,26.0,23.0,0.6,3.0,20.0,23.2,1,0.2,3.2,3,9.0,4.0,18.0,-14.0,1,0.35,-0.2074303405572755,-21.0,6.666666666666667,-27.666666666666668,22.8,21.2,1.6000000000000014,0.3333333333333333,1,0,0,0.0,3,144.64,84.8,-59.83999999999999,0.16666666666666785,2.166666666666668,-2.0,4.74,4.82,0.112,0.116,0.37399999999999994,0.38199999999999995,0.5740000000000001,0.5820000000000001,-0.08000000000000007,0.0,1.0,-1.0,-11.567714517281273,6.028928664918821,500,500,0,0,0,0,0,0.6648228080552019,0.6868132545908112,0.7318582464441615,0.7494506036726489,0,0,-0.02199044653560933,1.0,-1.0,2.0,0.175,0.0375,0.22222222222222238,0.22222222222222238,0.13749999999999998,3.25,5.75,-7.866666666666666,0.06988861184240269,0
2024-10-13 13:30:00+00:00,Chicago Bears,Jacksonville Jaguars,35,16,6,19,51,1,26.4,13.0,1.0,13.4,19.6,23.8,0,0.2,4.2,3,9.799999999999997,6.0,13.0,-7.0,0,0.4208333333333333,-0.0625,17.333333333333332,14.5,2.833333333333332,17.0,28.6,-11.600000000000001,0.3333333333333333,1,0,0,0.5,0,133.04,200.95999999999998,67.91999999999999,12.333333333333332,15.166666666666666,-2.833333333333334,4.5600000000000005,4.24,0.10300000000000001,0.087,0.356,0.32399999999999995,0.556,0.524,0.3200000000000003,1.0,1.0,0.0,25.375066332802184,0.9088501559051244,0,1000,0,1,0,0,1000,0.6083388741526675,0.5744488867362699,0.6866710993221341,0.659559109389016,0,0,0.03388998741639759,0.0,-0.5,0.5,0.3875,-0.025,0.22222222222222232,0.22222222222222232,0.41250000000000003,13.125,3.325000000000003,18.46666666666667,0.03641861526948871,0
2024-10-13 17:00:00+00:00,Philadelphia Eagles,Cleveland Browns,20,16,6,4,36,1,12.6,14.4,0.2,-1.8,16.6,25.6,0,0.4,9.0,3,-1.0000000000000018,26.0,7.0,19.0,0,0.022222222222222254,-0.24705882352941178,-0.666666666666667,-6.833333333333333,6.166666666666666,24.4,24.2,0.1999999999999993,0.3333333333333333,1,0,0,0.0,1,127.03999999999999,84.24,-42.8,-3.833333333333332,-2.166666666666668,-1.6666666666666643,4.08,3.88,0.07900000000000001,0.069,0.308,0.288,0.508,0.48800000000000004,0.20000000000000018,3.0,1.0,2.0,10.339390599571608,-8.85759572511019,1000,2200,1,1,0,0,1200,0.577211636867806,0.6685731604109287,0.6617693094942447,0.734858528328743,0,0,-0.09136152354312277,0.3333333333333333,-0.3333333333333333,0.6666666666666666,-0.6,-0.525,0.22222222222222227,0.22222222222222232,-0.07499999999999996,5.75,6.750000000000002,4.133333333333335,0.0539221403950514,0
2024-10-13 17:00:00+00:00,Baltimore Ravens,Washington Commanders,30,23,6,7,53,1,22.4,18.2,0.6,4.2,22.4,29.4,0,0.4,7.0,3,3.0,13.0,13.0,0.0,0,0.02573529411764708,-0.06666666666666665,16.333333333333332,27.5,-11.166666666666668,25.2,23.0,2.1999999999999993,0.3333333333333333,1,0,0,0.0,1,122.56000000000002,245.6,123.03999999999998,14.333333333333332,11.666666666666668,2.6666666666666643,5.24,5.4,0.137,0.14500000000000002,0.42399999999999993,0.43999999999999995,0.624,0.64,-0.16000000000000014,2.0,3.0,-1.0,-4.20645411773962,16.79719452037606,1000,3000,1,1,0,0,2000,0.4534197222731138,0.43279743477307864,0.562735777818491,0.5462379478184629,0,0,0.02062228750003514,0.0,1.0,-1.0,0.05,0.275,0.22222222222222224,0.22222222222222238,-0.22500000000000003,-2.5,5.5,-3.466666666666665,0.04284824884413209,0
2024-10-13 17:00:00+00:00,New Orleans Saints,Tampa Bay Buccaneers,27,51,6,-24,78,0,18.4,20.4,0.6,-2.0,19.0,26.0,1,0.2,7.0,3,2.3999999999999986,21.0,9.0,12.0,1,0.0,-0.08823529411764708,-27.166666666666668,4.833333333333333,-32.0,19.2,22.8,-3.6000000000000014,0.3333333333333333,1,0,0,0.5,2,357.76000000000005,191.44000000000003,-166.32000000000002,-15.833333333333336,10.166666666666668,-26.000000000000004,5.1,4.84,0.13,0.11699999999999999,0.41,0.38399999999999995,0.6100000000000001,0.5840000000000001,0.2599999999999998,0.0,3.0,-3.0,-27.20599693629122,-2.5127138122978803,1000,500,1,0,0,0,-500,0.323872469500021,0.47177330860699596,0.45909797560001686,0.5774186468855967,1,0,-0.14790083910697494,-1.0,0.0,-1.0,0.2125,-0.0125,0.22222222222222224,0.22222222222222254,0.225,6.0,3.6000000000000014,-10.133333333333333,0.04116606547823905,0
2024-10-13 17:00:00+00:00,Tennessee Titans,Indianapolis Colts,17,20,6,-3,37,0,18.8,16.2,0.4,2.6,24.6,23.4,1,0.4,-1.2,3,-2.8000000000000007,21.0,7.0,14.0,1,0.2857142857142857,-0.0,5.166666666666666,1.0,4.166666666666666,23.4,24.4,-1.0,0.3333333333333333,1,0,0,0.0,2,142.24,16.240000000000002,-126.0,1.1666666666666679,11.166666666666668,-10.0,4.48,4.68,0.099,0.10900000000000001,0.348,0.368,0.548,0.5680000000000001,-0.1999999999999993,1.0,1.0,0.0,25.081224463869876,-3.1451835229403677,1000,1000,0,0,0,0,0,0.6685731604109287,0.6581872771531171,0.734858528328743,0.7265498217224937,0,0,0.010385883257811646,-0.3333333333333333,-0.2,-0.1333333333333333,-0.075,0.2625,0.2222222222222224,0.22222222222222238,-0.3375,1.875,4.675000000000001,-3.0,0.0966603342212838,0
2024-10-13 17:00:00+00:00,New England Patriots,Houston Texans,21,41,6,-20,62,0,31.6,15.6,0.6,16.0,19.4,23.4,1,0.4,4.0,3,15.200000000000003,7.0,21.0,-14.0,0,-0.13333333333333336,-0.14338235294117652,-5.0,9.833333333333332,-14.833333333333332,20.4,22.8,-2.400000000000002,0.3333333333333333,1,0,0,0.0,1,96.0,153.04000000000002,57.04000000000002,-1.5,5.166666666666668,-6.666666666666668,3.54,4.34,0.052000000000000005,0.092,0.254,0.33399999999999996,0.45400000000000007,0.534,-0.7999999999999998,3.0,3.0,0.0,4.359718444973763,-4.991277900553677,3000,0,1,0,0,0,-3000,0.7553701776152384,0.6726646406206626,0.8042961420921908,0.7381317124965301,0,0,0.08270553699457583,-0.3333333333333333,1.0,-1.3333333333333333,-0.925,-0.1125,0.2222222222222223,0.22222222222222252,-0.8125,-3.625,18.825000000000003,-1.666666666666666,0.05021975618181403,0
2024-10-13 17:00:00+00:00,Green Bay Packers,Arizona Cardinals,34,13,6,21,47,1,24.4,27.4,0.4,-3.0,18.8,29.8,0,0.2,11.0,3,8.599999999999998,14.0,6.0,8.0,0,0.07058823529411762,-0.0357142857142857,-4.166666666666667,-19.5,15.333333333333332,21.6,25.8,-4.199999999999999,0.3333333333333333,1,0,0,0.5,0,53.2,362.96,309.76,1.5,-8.333333333333332,9.833333333333332,4.86,4.7,0.11800000000000002,0.11,0.386,0.37,0.5860000000000001,0.5700000000000001,0.16000000000000014,3.0,0.0,3.0,-3.0173741538250005,-1.1024759479593518,1200,500,1,0,0,0,-700,0.5455515018178627,0.5143062307379268,0.6364412014542902,0.6114449845903415,0,0,0.03124527107993591,0.0,-0.3333333333333333,0.3333333333333333,0.0875,-0.2125,0.2222222222222222,0.22222222222222227,0.3,12.5,3.900000000000002,13.066666666666666,0.04261076790277611,0
2024-10-13 20:05:00+00:00,Denver Broncos,Los Angeles Chargers,16,23,6,-7,39,0,24.2,10.8,0.8,13.4,18.4,24.2,1,0.4,5.8,3,8.8,7.0,21.0,-14.0,1,0.2666666666666666,0.2,6.5,-22.5,29.0,14.6,13.8,0.7999999999999989,0.3333333333333333,1,0,0,1.0,3,119.44000000000001,149.2,29.759999999999977,4.666666666666668,-14.666666666666668,19.333333333333336,4.22,4.18,0.08600000000000001,0.084,0.32199999999999995,0.318,0.522,0.518,0.040000000000000036,2.0,3.0,-1.0,18.050632655524634,5.8936118582163,2000,3000,1,1,0,0,1000,0.456896936576491,0.5932214976181756,0.5655175492611928,0.6745771980945404,0,0,-0.13632456104168456,-0.3333333333333333,0.0,-0.3333333333333333,0.2375,-0.725,0.22222222222222232,0.22222222222222227,0.9624999999999999,11.875,3.0749999999999993,1.7999999999999996,0.06380133825958402,0
2024-10-13 20:05:00+00:00,Las Vegas Raiders,Pittsburgh Steelers,13,32,6,-19,45,0,21.0,23.4,0.4,-2.4,17.8,19.6,1,0.4,1.8,3,6.199999999999999,13.0,14.0,-1.0,0,0.2142857142857143,0.09166666666666667,1.666666666666667,-11.333333333333334,13.0,26.2,14.6,11.6,0.3333333333333333,1,0,0,0.0,1,75.2,31.76,-43.44,-0.33333333333333215,3.5,-3.833333333333332,4.22,4.14,0.08600000000000001,0.08199999999999999,0.32199999999999995,0.31399999999999995,0.522,0.514,0.08000000000000007,1.0,2.0,-1.0,-11.944971441223005,-0.7730829634436184,500,0,0,0,0,0,-500,0.7319777294701054,0.7052543469362101,0.7855821835760843,0.7642034775489681,0,0,0.02672338253389528,1.0,-0.3333333333333333,1.3333333333333333,-0.2625,-0.65,0.22222222222222238,0.2222222222222222,0.3875,-3.125,9.325,-6.199999999999999,0.0762287065708228,0
2024-10-13 20:25:00+00:00,Dallas Cowboys,Detroit Lions,9,47,6,-38,56,0,23.0,33.0,0.2,-10.0,19.4,20.8,1,0.4,1.4,3,6.600000000000001,21.0,21.0,0.0,0,0.1428571428571429,-0.09803921568627438,8.0,7.0,1.0,24.2,19.8,4.399999999999999,0.3333333333333333,1,0,0,1.0,1,184.16000000000003,30.160000000000004,-154.00000000000003,-5.666666666666668,9.0,-14.666666666666668,4.64,4.86,0.107,0.11800000000000002,0.364,0.386,0.5640000000000001,0.5860000000000001,-0.22000000000000064,1.0,2.0,-1.0,-6.719444105520613,-5.717435693804024,1000,1200,1,0,0,0,200,0.7037341776377167,0.4715884653037937,0.7629873421101734,0.577270772243035,0,0,0.232145712333923,0.3333333333333333,0.5,-0.16666666666666669,-0.0125,0.125,0.22222222222222232,0.22222222222222238,-0.1375,1.375,5.225000000000001,-3.266666666666666,0.06680152623628448,0
2024-10-13 20:25:00+00:00,Carolina Panthers,Atlanta Falcons,20,38,6,-18,58,0,13.8,23.4,0.0,-9.6,16.2,27.8,1,0.2,11.6,3,0.6000000000000014,14.0,26.0,-12.0,1,-0.022624434389140302,-0.22171945701357465,-2.666666666666666,8.0,-10.666666666666666,33.0,23.0,10.0,0.3333333333333333,1,0,0,0.5,2,305.04,25.36,-279.68,0.6666666666666679,14.666666666666668,-14.0,3.96,4.52,0.07300000000000001,0.101,0.296,0.352,0.49600000000000005,0.552,-0.5599999999999996,1.0,1.0,0.0,-11.997712988598517,0.8802744135861781,3000,0,1,0,0,0,-3000,0.40974714104885523,0.4858259049699216,0.5277977128390842,0.5886607239759374,0,0,-0.07607876392106638,0.0,0.5,-0.5,-0.5875,-0.5,0.22222222222222232,0.22222222222222243,-0.08750000000000002,-3.375,3.9750000000000014,-3.133333333333332,0.07694103147057771,0
2024-10-14 00:20:00+00:00,New York Giants,Cincinnati Bengals,7,17,6,-10,24,0,17.4,17.4,0.4,0.0,18.0,27.2,1,0.2,9.2,3,2.3999999999999986,17.0,14.0,3.0,0,0.2222222222222222,-0.07058823529411762,8.333333333333332,7.5,0.8333333333333321,20.8,29.0,-8.2,0.3333333333333333,1,0,0,0.5,0,118.0,33.2,-84.8,7.0,13.333333333333332,-6.333333333333332,4.08,5.1,0.07900000000000001,0.13,0.308,0.41,0.508,0.6100000000000001,-1.0199999999999996,1.0,3.0,-2.0,-15.857874901029314,4.313676346610231,3000,1000,1,0,1,0,-2000,0.6339078838598132,0.39795271157491297,0.7071263070878506,0.5183621692599303,0,0,0.23595517228490026,-0.3333333333333333,-1.0,0.6666666666666667,-0.7125,-0.0625,0.2222222222222224,0.22222222222222232,-0.65,5.375,2.9750000000000014,0.4666666666666668,0.05804593309910032,0
2024-10-15 00:15:00+00:00,New York Jets,Buffalo Bills,20,23,6,-3,43,0,18.6,12.8,0.8,5.8,18.2,17.0,1,0.6,-1.2,3,3.400000000000002,15.0,8.0,7.0,1,0.08823529411764708,-0.1842105263157895,-8.5,-35.33333333333333,26.83333333333333,17.0,21.2,-4.199999999999999,0.3333333333333333,1,0,0,0.5,2,136.64,444.16,307.52000000000004,-9.333333333333332,-22.333333333333336,13.000000000000004,4.16,5.14,0.08300000000000002,0.132,0.316,0.414,0.516,0.614,-0.9799999999999995,1.0,3.0,-2.0,-9.808695700828327,0.33089068973285274,500,1000,0,1,0,0,500,0.7333658874037308,0.3308412464145747,0.7866927099229846,0.46467299713165966,0,1,0.4025246409891561,-0.3333333333333333,0.0,-0.3333333333333333,-0.475,0.0875,0.22222222222222243,0.22222222222222238,-0.5625,4.0,0.5999999999999979,1.0666666666666673,0.043437234145560825,0
2024-10-18 00:15:00+00:00,New Orleans Saints,Denver Broncos,10,33,7,-23,43,0,32.2,24.6,0.4,7.6,20.8,19.8,1,0.6,-1.0,3,14.400000000000002,4.0,18.0,-14.0,0,-0.033333333333333326,-0.22499999999999998,-25.166666666666668,0.16666666666666696,-25.333333333333336,27.4,14.0,13.399999999999999,0.3888888888888889,0,1,0,0.5,0,265.04,123.84,-141.20000000000002,-6.666666666666668,11.0,-17.666666666666668,4.7,4.14,0.11,0.08199999999999999,0.37,0.31399999999999995,0.5700000000000001,0.514,0.5600000000000005,0.0,2.0,-2.0,-26.654695245582296,-16.7286347729016,1000,1000,1,0,0,0,0,0.34092868367679663,0.47533492826375423,0.47274294694143726,0.5802679426110033,1,0,-0.1344062445869576,-1.0,-0.3333333333333333,-0.6666666666666667,0.35,0.0125,0.22222222222222232,0.22222222222222263,0.33749999999999997,-4.0,18.400000000000002,-14.933333333333334,0.03508042631740364,0
2024-10-20 13:30:00+00:00,Jacksonville Jaguars,New England Patriots,32,16,7,16,48,1,24.4,14.4,0.8,10.0,12.6,22.2,0,0.2,9.6,3,14.799999999999999,13.0,20.0,-7.0,0,0.09558823529411764,0.14583333333333337,7.333333333333334,1.166666666666666,6.166666666666668,31.6,26.6,5.0,0.3888888888888889,0,1,0,0.5,0,202.24,58.56,-143.68,12.166666666666666,3.5,8.666666666666666,4.22,3.64,0.08600000000000001,0.05700000000000001,0.32199999999999995,0.264,0.522,0.4640000000000001,0.5799999999999996,1.0,3.0,-2.0,8.082962442591386,-0.16036879888897743,1000,2500,1,0,0,0,1500,0.5735319472692005,0.7264241421470089,0.6588255578153603,0.7811393137176071,0,0,-0.15289219487780836,-0.3333333333333333,-1.0,0.6666666666666667,-0.15,-0.875,0.22222222222222224,0.22222222222222218,0.725,9.25,5.549999999999999,1.7333333333333325,0.04531810500234697,0
2024-10-20 17:00:00+00:00,New York Giants,Philadelphia Eagles,3,28,7,-25,31,0,25.2,14.0,0.8,11.2,22.8,23.0,1,0.6,0.2,3,5.399999999999999,6.0,21.0,-15.0,1,0.18888888888888888,-0.04561403508771933,0.16666666666666663,-8.833333333333334,9.0,18.6,22.4,-3.799999999999997,0.3888888888888889,0,1,0,0.25,4,49.839999999999996,66.56,16.720000000000006,0.0,-5.333333333333332,5.333333333333332,4.1,4.42,0.08,0.096,0.31,0.34199999999999997,0.51,0.542,-0.3200000000000003,1.0,3.0,-2.0,-14.461907606923354,1.6653012846967132,2500,1000,0,1,0,0,-1500,0.6110912703473989,0.5953879172590122,0.6888730162779191,0.6763103338072097,0,0,0.015703353088386662,-0.3333333333333333,0.5,-0.8333333333333333,-0.8,-0.4625,0.2222222222222223,0.22222222222222207,-0.3375,0.25,5.149999999999999,6.533333333333333,0.10496808429618157,0
2024-10-20 17:00:00+00:00,Minnesota Vikings,Detroit Lions,29,31,7,-2,60,0,17.8,25.0,0.4,-7.2,20.8,20.2,1,0.6,-0.6,3,0.0,14.0,6.0,8.0,1,-0.22499999999999998,-0.07720588235294112,-14.333333333333332,22.5,-36.83333333333333,15.2,18.2,-3.0,0.3888888888888889,0,1,0,0.0,2,99.04,198.8,99.76,-1.3333333333333321,23.833333333333332,-25.166666666666664,5.08,5.32,0.129,0.14100000000000001,0.408,0.43199999999999994,0.6080000000000001,0.632,-0.2400000000000002,2.0,2.0,0.0,-6.918959869731454,-4.687002701198884,0,1200,0,1,0,0,1200,0.8162882692912616,0.3467628684773041,0.8530306154330093,0.47741029478184327,0,0,0.46952540081395755,1.0,0.3333333333333333,0.6666666666666667,0.5,0.325,0.2222222222222222,0.22222222222222254,0.175,8.625,8.625,-21.266666666666666,0.05513732338636127,0
2024-10-20 17:00:00+00:00,Indianapolis Colts,Miami Dolphins,16,10,7,6,26,1,18.2,24.8,0.2,-6.6,19.2,21.8,0,0.4,2.6,3,2.0,21.0,14.0,7.0,0,-0.033333333333333326,-0.3125,-0.6666666666666666,6.0,-6.666666666666667,22.0,22.6,-0.6000000000000014,0.3888888888888889,0,1,0,0.5,0,17.440000000000005,143.04000000000002,125.60000000000002,7.666666666666668,2.5,5.166666666666668,4.54,3.5,0.102,0.05,0.354,0.24999999999999997,0.554,0.45000000000000007,1.04,1.0,3.0,-2.0,-5.283644770824163,-3.098886563871367,1000,3000,1,1,0,0,2000,0.6674553601394243,0.7426851393720137,0.7339642881115394,0.794148111497611,0,0,-0.07522977923258944,0.2,1.0,-0.8,0.1375,-0.8625,0.22222222222222227,0.22222222222222232,1.0,11.75,9.75,6.2666666666666675,0.06758892441088213,0
2024-10-20 17:00:00+00:00,Buffalo Bills,Tennessee Titans,34,10,7,24,44,1,22.8,19.4,0.8,3.4,25.0,18.6,0,0.6,-6.4,3,0.8000000000000007,26.0,19.0,7.0,0,0.15087719298245617,-0.24761904761904763,-11.0,18.0,-29.0,19.6,22.0,-2.3999999999999986,0.3888888888888889,0,1,0,0.5,0,447.03999999999996,136.95999999999998,-310.08,-7.833333333333332,8.0,-15.833333333333332,4.92,4.22,0.121,0.08600000000000001,0.39199999999999996,0.32199999999999995,0.5920000000000001,0.522,0.7000000000000002,3.0,1.0,2.0,4.565134495013071,1.5873081120065335,1500,1000,1,0,0,0,-500,0.4105086938724203,0.6893177869590859,0.5284069550979362,0.7514542295672686,0,0,-0.27880909308666557,0.0,-1.0,1.0,0.3,-0.2125,0.2222222222222222,0.22222222222222204,0.5125,8.75,7.949999999999999,-22.533333333333335,0.030970490640694896,0
2024-10-20 17:00:00+00:00,Cleveland Browns,Cincinnati Bengals,14,21,7,-7,35,0,25.2,23.2,0.6,2.0,11.6,28.0,1,0.2,16.4,3,16.6,28.0,6.0,22.0,1,0.2666666666666666,-0.03308823529411764,-10.833333333333334,2.166666666666667,-13.0,21.6,27.2,-5.599999999999998,0.3888888888888889,0,1,0,0.5,2,70.8,42.160000000000004,-28.639999999999993,-1.8333333333333321,-3.166666666666668,1.3333333333333357,3.86,5.24,0.068,0.137,0.286,0.42399999999999993,0.48600000000000004,0.624,-1.3800000000000003,1.0,3.0,-2.0,-2.592122598226645,-0.030007261833650878,3200,2000,1,1,0,0,-1200,0.6927948568138873,0.40746835527543346,0.7542358854511099,0.5259746842203468,0,0,0.28532650153845385,-0.5,-1.0,0.5,-0.45,-0.025,0.2222222222222222,0.2222222222222222,-0.425,-1.125,17.725,-17.933333333333334,0.0838873960176572,0
2024-10-20 17:00:00+00:00,Atlanta Falcons,Seattle Seahawks,14,34,7,-20,48,0,13.8,15.6,0.4,-1.8,14.0,20.6,1,0.6,6.6,3,2.8000000000000007,16.0,19.0,-3.0,0,0.17226890756302526,-0.3058823529411765,12.666666666666666,-14.166666666666666,26.833333333333332,23.4,26.0,-2.6000000000000014,0.3888888888888889,0,1,0,0.5,0,58.64,164.8,106.16000000000001,15.333333333333332,-3.333333333333332,18.666666666666664,5.08,4.7,0.129,0.11,0.408,0.37,0.6080000000000001,0.5700000000000001,0.3799999999999999,1.0,0.0,1.0,16.57254526015838,-5.090259679034256,500,500,0,0,0,-1,0,0.3894482515789509,0.6981825883087591,0.5115586012631608,0.7585460706470073,0,0,-0.3087343367298082,0.5,1.0,-0.5,-0.1875,0.275,0.2222222222222222,0.22222222222222232,-0.4625,0.875,1.9250000000000007,35.400000000000006,0.04694302869989574,0
2024-10-20 17:00:00+00:00,Green Bay Packers,Houston Texans,24,22,7,2,46,1,27.4,25.8,0.4,1.6,21.8,23.2,0,0.6,1.4,3,8.599999999999998,7.0,7.0,0.0,0,0.09558823529411764,-0.11764705882352944,6.333333333333333,17.166666666666668,-10.833333333333336,17.4,21.6,-4.200000000000003,0.3888888888888889,0,1,0,0.5,0,67.75999999999999,236.56000000000003,168.80000000000004,4.0,15.333333333333332,-11.333333333333332,4.96,4.58,0.12300000000000001,0.10400000000000001,0.396,0.358,0.5960000000000001,0.558,0.3799999999999999,3.0,3.0,0.0,-13.218220709836078,-6.215998814837438,1200,1000,0,0,0,0,-200,0.5096238688516742,0.5349731190565431,0.6076990950813393,0.6279784952452345,0,0,-0.02534925020486889,0.3333333333333333,1.0,-0.6666666666666667,0.225,0.15,0.22222222222222207,0.2222222222222223,0.07500000000000001,4.375,4.224999999999998,-3.8000000000000007,0.04234280310834179,0
2024-10-20 20:05:00+00:00,Los Angeles Rams,Las Vegas Raiders,20,15,7,5,35,1,23.4,20.4,0.8,3.0,19.4,25.2,0,0.2,5.8,3,7.0,13.0,14.0,-1.0,0,0.20512820512820507,-0.18487394957983194,5.833333333333334,-15.166666666666666,21.0,27.8,28.2,-0.3999999999999986,0.3888888888888889,0,1,0,0.0,1,132.4,97.04,-35.36,-0.5,-7.166666666666668,6.666666666666668,4.18,4.28,0.084,0.08900000000000001,0.318,0.32799999999999996,0.518,0.528,-0.10000000000000053,2.0,1.0,1.0,-5.057552551826259,-2.213856857503597,500,500,0,0,0,0,0,0.7507041165602608,0.7233713002958659,0.8005632932482087,0.7786970402366927,0,0,0.027332816264394877,-0.5,1.0,-1.5,-0.5125,-0.3875,0.22222222222222213,0.22222222222222224,-0.12499999999999994,6.375,0.625,6.866666666666667,0.05163499443127541,0
2024-10-20 20:05:00+00:00,Washington Commanders,Carolina Panthers,40,7,7,33,47,1,19.0,21.2,0.6,-2.2,18.0,29.6,0,0.4,11.6,3,4.0,14.0,14.0,0.0,0,0.09166666666666667,0.03361344537815131,-5.0,-15.666666666666668,10.666666666666668,21.6,31.2,-9.599999999999998,0.3888888888888889,0,1,0,0.5,0,161.6,206.24,44.640000000000015,-5.166666666666664,-6.0,0.8333333333333357,5.46,4.16,0.14800000000000002,0.08300000000000002,0.446,0.316,0.646,0.516,1.2999999999999998,3.0,1.0,2.0,-20.819991269692206,-0.21900577604255483,3000,500,1,0,0,0,-2500,0.44999999999999996,0.4633728016583579,0.56,0.5706982413266863,0,0,-0.013372801658357969,0.3333333333333333,0.0,0.3333333333333333,0.35,-0.375,0.22222222222222232,0.2222222222222222,0.725,19.75,15.75,24.4,0.03450686111178165,0
2024-10-20 20:25:00+00:00,San Francisco 49ers,Kansas City Chiefs,18,28,7,-10,46,0,27.0,19.4,0.8,7.6,19.2,17.4,1,0.8,-1.8,3,10.8,14.0,21.0,-7.0,0,0.18128654970760227,0.06470588235294117,2.8333333333333335,5.666666666666667,-2.8333333333333335,22.2,17.0,5.199999999999999,0.3888888888888889,0,1,0,0.0,1,81.36,15.040000000000003,-66.32,5.833333333333332,-3.5,9.333333333333332,4.9,4.66,0.12000000000000001,0.10800000000000001,0.38999999999999996,0.366,0.5900000000000001,0.5660000000000001,0.2400000000000002,1.0,3.0,-2.0,11.261679916044244,6.607160166710487,500,2200,0,1,0,0,1700,0.6714140142976271,0.7730122525333141,0.7371312114381017,0.8184098020266513,0,0,-0.10159823823568692,-1.0,1.0,-2.0,0.325,-0.0125,0.22222222222222238,0.22222222222222224,0.3375,7.0,3.8000000000000007,-4.799999999999999,0.0914389869957505,0
2024-10-21 00:20:00+00:00,Pittsburgh Steelers,New York Jets,37,15,7,22,52,1,17.2,14.0,0.4,3.2,18.4,17.4,0,0.6,-1.0,3,1.8000000000000007,13.0,14.0,-1.0,0,-0.11372549019607836,-0.05490196078431375,3.333333333333333,-13.5,16.833333333333332,15.2,15.2,0.0,0.3888888888888889,0,1,0,0.5,0,69.6,94.23999999999998,24.639999999999986,5.5,-0.5,6.0,4.42,4.18,0.096,0.084,0.34199999999999997,0.318,0.542,0.518,0.2400000000000002,2.0,1.0,1.0,13.830446927953792,-9.959856312871866,1200,500,1,0,0,0,-700,0.6094875162046673,0.7333658874037308,0.6875900129637338,0.7866927099229846,0,0,-0.12387837119906342,-0.3333333333333333,-0.5,0.16666666666666669,-0.4,-0.475,0.22222222222222218,0.22222222222222224,0.07499999999999996,4.625,2.8249999999999993,9.666666666666668,0.05010659168976797,0
2024-10-22 00:15:00+00:00,Tampa Bay Buccaneers,Baltimore Ravens,31,41,7,-10,72,0,26.6,17.0,0.8,9.6,25.8,27.8,1,0.6,2.0,3,3.8000000000000007,22.0,15.0,7.0,0,0.05882352941176472,-0.04861111111111116,8.333333333333334,-3.333333333333334,11.666666666666668,24.2,24.4,-0.1999999999999993,0.3888888888888889,0,1,0,1.0,1,239.6,91.2,-148.39999999999998,20.5,6.833333333333332,13.666666666666668,5.12,5.4399999999999995,0.131,0.147,0.412,0.44399999999999995,0.612,0.644,-0.3199999999999994,3.0,2.0,1.0,-29.956848031128022,5.501568507244152,1000,500,1,0,0,0,-500,0.2989126748400025,0.47384799012072565,0.439130139872002,0.5790783920965805,0,0,-0.17493531528072315,0.0,0.5,-0.5,0.4125,0.2625,0.2222222222222226,0.22222222222222227,0.14999999999999997,6.5,2.6999999999999993,-5.6,0.046641339978424526,0
2024-10-22 01:00:00+00:00,Arizona Cardinals,Los Angeles Chargers,17,15,7,2,32,1,20.4,21.8,0.2,-1.4,18.8,14.8,0,0.6,-4.0,3,4.599999999999998,22.0,8.0,14.0,0,0.05042016806722682,0.23333333333333334,-8.666666666666666,-8.333333333333334,-0.33333333333333215,25.8,13.2,12.600000000000001,0.3888888888888889,0,1,0,0.5,0,424.15999999999997,149.2,-274.96,-4.166666666666668,-2.833333333333332,-1.3333333333333357,4.4,4.12,0.095,0.081,0.33999999999999997,0.31199999999999994,0.54,0.512,0.28000000000000025,0.0,3.0,-3.0,-19.841293045963578,0.05559014478886292,1000,1000,1,1,0,0,0,0.5102615493960067,0.5761504541703506,0.6082092395168053,0.6609203633362806,0,0,-0.06588890477434395,0.0,0.0,0.0,-0.225,-0.5875,0.2222222222222222,0.22222222222222235,0.36250000000000004,-6.875,11.474999999999998,-4.466666666666667,0.030494937227632433,0
2024-10-25 00:15:00+00:00,Los Angeles Rams,Minnesota Vikings,30,20,8,10,50,1,21.8,19.4,0.8,2.4,26.4,16.0,0,0.8,-10.4,3,-1.5999999999999979,4.0,25.0,-21.0,0,0.23809523809523803,0.25,11.333333333333334,-9.666666666666666,21.0,25.6,20.2,5.400000000000002,0.4444444444444444,0,1,0,0.5,0,164.96,100.96000000000001,-64.0,1.1666666666666679,-3.333333333333332,4.5,4.18,5.1,0.084,0.13,0.318,0.41,0.518,0.6100000000000001,-0.9199999999999999,2.0,2.0,0.0,-15.300490008814146,-4.351437175253535,500,0,0,0,0,0,-500,0.7579385408620365,0.8233338246862179,0.8063508326896291,0.8586670597489743,0,0,-0.06539528382418136,0.0,0.5,-0.5,-0.425,0.5625,0.22222222222222232,0.2222222222222223,-0.9875,-14.125,12.525000000000002,21.0,0.040687552825956264,0
2024-10-27 17:00:00+00:00,Cincinnati Bengals,Philadelphia Eagles,17,37,8,-20,54,0,21.8,27.8,0.0,-6.0,17.8,14.8,1,0.8,-3.0,3,7.0,21.0,7.0,14.0,0,0.0,-0.016447368421052655,7.833333333333333,19.5,-11.666666666666668,24.8,17.2,7.600000000000001,0.4444444444444444,0,1,0,0.5,0,42.160000000000004,180.16,138.0,-16.0,6.666666666666668,-22.666666666666668,5.16,4.3,0.133,0.09000000000000001,0.416,0.32999999999999996,0.6160000000000001,0.53,0.8600000000000003,3.0,3.0,0.0,13.442678453546678,-1.9835311932389488,1000,1000,1,1,0,0,0,0.5217218382572752,0.560940280257913,0.6173774706058202,0.6487522242063304,0,0,-0.03921844200063773,-0.3333333333333333,0.3333333333333333,-0.6666666666666666,0.2,-0.3125,0.22222222222222238,0.22222222222222243,0.5125,3.25,3.75,0.666666666666667,0.050698331100940346,0
2024-10-27 17:00:00+00:00,Cleveland Browns,Baltimore Ravens,29,24,8,5,53,1,13.6,25.0,0.0,-11.4,27.4,30.2,0,0.6,2.8,3,-10.799999999999999,7.0,5.0,2.0,1,0.22916666666666663,-0.022875816993464082,4.833333333333334,-1.833333333333334,6.666666666666668,23.2,25.4,-2.1999999999999993,0.4444444444444444,0,1,0,0.5,2,41.040000000000006,66.24000000000001,25.200000000000003,0.3333333333333339,0.8333333333333357,-0.5000000000000018,3.7800000000000002,5.8,0.064,0.165,0.27799999999999997,0.48,0.47800000000000004,0.68,-2.0199999999999996,1.0,2.0,-1.0,-2.3769912849267514,1.3378760896967437,2000,1000,1,1,0,0,-1000,0.7023529775052335,0.46355481407696464,0.7618823820041869,0.5708438512615717,0,0,0.23879816342826887,-1.0,1.0,-2.0,-0.425,0.6125,0.22222222222222238,0.22222222222222204,-1.0375,-6.0,4.799999999999999,-13.333333333333332,0.08555566511368412,0
2024-10-27 17:00:00+00:00,Detroit Lions,Tennessee Titans,52,14,8,38,66,1,27.8,21.8,0.8,6.0,18.2,24.6,0,0.4,6.4,3,12.600000000000001,26.0,7.0,19.0,0,0.05882352941176472,-0.2666666666666666,14.666666666666668,-12.166666666666666,26.833333333333336,20.0,24.0,-4.0,0.4444444444444444,0,1,0,0.5,0,210.95999999999998,211.76000000000005,0.8000000000000682,13.0,-7.166666666666668,20.166666666666668,5.42,4.08,0.14600000000000002,0.07900000000000001,0.44199999999999995,0.308,0.642,0.508,1.3399999999999999,2.0,1.0,1.0,-9.061189929513036,9.141927425947527,0,2000,1,1,0,0,2000,0.49828419399026314,0.65,0.5986273551922106,0.72,0,1,-0.1517158060097369,0.3333333333333333,-1.0,1.3333333333333333,0.675,-0.3,0.2222222222222222,0.22222222222222207,0.9750000000000001,16.0,3.3999999999999986,11.733333333333334,0.0321787453871335,0
2024-10-27 17:00:00+00:00,Miami Dolphins,Arizona Cardinals,27,28,8,-1,55,0,15.0,19.6,0.6,-4.6,18.0,30.0,1,0.2,12.0,3,0.0,26.0,14.0,12.0,0,0.3345588235294118,-0.09803921568627444,19.833333333333332,1.833333333333334,18.0,22.4,26.8,-4.400000000000002,0.4444444444444444,0,1,0,0.5,0,107.03999999999999,143.44,36.400000000000006,4.166666666666666,-2.0,6.166666666666666,3.3,3.92,0.05,0.07100000000000001,0.22999999999999998,0.292,0.43000000000000005,0.49200000000000005,-0.6200000000000001,3.0,0.0,3.0,8.84602512328997,1.9151604418749666,1000,1000,1,1,0,-1,0,0.7716396761694362,0.5231942219309837,0.8173117409355489,0.618555377544787,0,0,0.24844545423845243,0.0,0.3333333333333333,-0.3333333333333333,-0.9875,-0.175,0.2222222222222223,0.22222222222222227,-0.8125,2.0,2.0,0.5333333333333332,0.041299552224504696,0
2024-10-27 17:00:00+00:00,New England Patriots,New York Jets,25,22,8,3,47,1,16.2,19.2,0.2,-3.0,18.0,24.2,0,0.4,6.2,3,1.1999999999999993,14.0,6.0,8.0,1,-0.125,-0.07777777777777783,-3.666666666666666,-17.166666666666668,13.500000000000002,28.4,19.2,9.2,0.4444444444444444,0,1,0,0.3333333333333333,3,32.559999999999995,189.36000000000004,156.80000000000004,9.833333333333334,0.8333333333333321,9.000000000000002,3.56,4.0,0.053000000000000005,0.07500000000000001,0.256,0.3,0.45600000000000007,0.5,-0.43999999999999995,3.0,1.0,2.0,-4.495033060177807,-2.0867864739614737,500,1000,0,1,0,0,500,0.7228070392307915,0.7333658874037308,0.7782456313846331,0.7866927099229846,0,0,-0.010558848172939284,-1.0,-1.0,0.0,-0.8375,-0.475,0.22222222222222204,0.22222222222222202,-0.36250000000000004,-6.125,7.324999999999999,9.266666666666667,0.08674563403784515,0
2024-10-27 17:00:00+00:00,Tampa Bay Buccaneers,Atlanta Falcons,26,31,8,-5,57,0,26.4,23.4,0.6,3.0,20.4,24.4,1,0.4,4.0,3,9.0,5.0,13.0,-8.0,1,0.02614379084967322,-0.1428571428571429,9.666666666666666,-2.0,11.666666666666666,29.2,26.0,3.1999999999999993,0.4444444444444444,0,1,0,0.25,4,270.96000000000004,157.76,-113.20000000000005,17.666666666666668,-0.33333333333333215,18.0,5.34,4.92,0.14200000000000002,0.121,0.43399999999999994,0.39199999999999996,0.634,0.5920000000000001,0.41999999999999993,3.0,1.0,2.0,-10.15112555618175,-12.72771188952021,1000,500,1,0,0,0,-500,0.39821229864677365,0.396915480633104,0.5185698389174189,0.5175323845064832,0,0,0.0012968180136696539,-1.0,0.3333333333333333,-1.3333333333333333,0.7125,-0.1625,0.2222222222222221,0.22222222222222227,0.875,12.25,3.25,-12.666666666666666,0.05895713972223925,0
2024-10-27 17:00:00+00:00,Jacksonville Jaguars,Green Bay Packers,27,30,8,-3,57,0,25.6,17.6,0.8,8.0,21.6,20.8,1,0.6,-0.8,3,7.0,7.0,20.0,-13.0,0,0.11764705882352944,-0.11764705882352944,11.166666666666666,5.166666666666667,5.999999999999999,31.2,19.8,11.399999999999999,0.4444444444444444,0,1,0,0.5,0,334.96000000000004,75.44000000000001,-259.52000000000004,1.6666666666666679,1.3333333333333321,0.3333333333333357,4.6,5.12,0.10500000000000001,0.131,0.36,0.412,0.56,0.612,-0.5200000000000005,1.0,3.0,-2.0,-29.717513722921776,-3.8143647083041947,500,1200,0,0,0,0,700,0.5336310473455592,0.741397989180285,0.6269048378764474,0.793118391344228,0,0,-0.20776694183472577,0.0,0.3333333333333333,-0.3333333333333333,0.0,0.5,0.2222222222222224,0.22222222222222238,-0.5,-7.5,14.5,1.8666666666666658,0.03876354433395529,0
2024-10-27 17:00:00+00:00,Houston Texans,Indianapolis Colts,23,20,8,3,43,1,22.2,15.6,1.0,6.6,20.2,22.6,0,0.4,2.4,3,5.0,21.0,14.0,7.0,1,0.15032679738562094,0.0039215686274509665,15.666666666666668,2.833333333333333,12.833333333333336,23.8,20.8,3.0,0.4444444444444444,0,1,0,0.75,4,231.43999999999997,9.760000000000002,-221.67999999999998,13.5,-9.333333333333332,22.833333333333332,4.64,4.66,0.107,0.10800000000000001,0.364,0.366,0.5640000000000001,0.5660000000000001,-0.020000000000000462,3.0,1.0,2.0,2.0988692301268217,-0.39338016577712287,1000,1000,1,1,0,0,0,0.5425956384117003,0.6466676493724357,0.6340765107293602,0.7173341194979486,0,0,-0.10407201096073537,0.3333333333333333,0.6,-0.26666666666666666,0.075,0.075,0.22222222222222238,0.2222222222222224,0.0,1.625,3.375,10.2,0.13686996364873466,0
2024-10-27 20:05:00+00:00,Seattle Seahawks,Buffalo Bills,10,31,8,-21,41,0,11.2,13.8,0.2,-2.6,21.4,20.2,1,0.4,-1.2,3,-7.199999999999999,16.0,12.0,4.0,0,0.2683823529411765,-0.16666666666666663,4.333333333333333,10.5,-6.166666666666667,24.8,19.6,5.199999999999999,0.4444444444444444,0,1,0,0.5,0,245.04000000000002,465.76000000000005,220.72000000000003,4.666666666666668,2.833333333333332,1.8333333333333357,4.92,4.98,0.121,0.12400000000000001,0.39199999999999996,0.39799999999999996,0.5920000000000001,0.5980000000000001,-0.0600000000000005,0.0,3.0,-3.0,21.505373527872912,7.807618678359166,2500,1000,0,1,1,1,-1500,0.7279275142540136,0.4819281541137369,0.7823420114032108,0.5855425232909894,0,0,0.24599936014027668,0.0,0.0,0.0,0.5125,0.6125,0.2222222222222221,0.22222222222222232,-0.10000000000000009,-1.75,5.449999999999999,-5.733333333333333,0.026082653251249345,0
2024-10-27 20:05:00+00:00,Los Angeles Chargers,New Orleans Saints,26,8,8,18,34,1,26.2,24.2,0.6,2.0,18.6,18.2,0,0.6,-0.4,3,10.599999999999998,27.0,19.0,8.0,0,-0.20392156862745098,0.0625,0.5,-17.5,18.0,14.6,30.2,-15.6,0.4444444444444444,0,1,0,0.0,1,141.35999999999999,88.4,-52.95999999999998,3.666666666666666,2.166666666666668,1.4999999999999982,3.98,4.02,0.07400000000000001,0.076,0.298,0.302,0.49800000000000005,0.502,-0.03999999999999959,3.0,0.0,3.0,-5.125723491379255,0.6057711530956698,1000,0,1,0,0,0,-1000,0.6527451404227724,0.34092868367679663,0.7221961123382179,0.47274294694143726,0,1,0.3118164567459758,-0.3333333333333333,-1.0,0.6666666666666667,-0.4375,0.35,0.2222222222222223,0.2222222222222224,-0.7875,7.0,3.599999999999998,24.533333333333335,0.05211502878828732,0
2024-10-27 20:25:00+00:00,Denver Broncos,Carolina Panthers,28,14,8,14,42,1,24.2,13.6,0.6,10.6,18.8,34.2,0,0.4,15.4,3,8.399999999999999,14.0,7.0,7.0,0,0.1875,0.02380952380952378,-4.0,-18.166666666666668,14.166666666666668,13.4,34.0,-20.6,0.4444444444444444,0,1,0,0.5,0,131.04,263.84000000000003,132.80000000000004,1.1666666666666679,-9.833333333333332,11.0,4.68,4.24,0.10900000000000001,0.087,0.368,0.32399999999999995,0.5680000000000001,0.524,0.4399999999999995,2.0,1.0,1.0,-15.959178685074846,0.5144081043808233,0,1000,0,1,0,0,1000,0.44918384419118573,0.4393432979977854,0.5593470753529486,0.5514746383982283,0,0,0.009840546193400357,0.0,0.0,0.0,0.0875,-0.4375,0.2222222222222224,0.2222222222222222,0.525,27.125,18.725,19.533333333333335,0.034583233714859,0
2024-10-27 20:25:00+00:00,Las Vegas Raiders,Kansas City Chiefs,20,27,8,-7,47,0,18.2,27.0,0.2,-8.8,19.4,16.2,1,0.8,-3.2,3,1.8000000000000007,14.0,7.0,7.0,1,0.20392156862745092,0.07777777777777783,-3.333333333333334,7.166666666666667,-10.5,27.6,16.6,11.0,0.4444444444444444,0,1,0,0.3333333333333333,3,70.8,16.96,-53.839999999999996,-6.0,5.333333333333332,-11.333333333333332,4.0600000000000005,4.68,0.07800000000000001,0.10900000000000001,0.306,0.368,0.506,0.5680000000000001,-0.6199999999999992,1.0,3.0,-2.0,8.751555622251637,-3.595869045256772,1000,2400,1,1,0,0,1400,0.7401923788646684,0.8272465629864343,0.7921539030917347,0.8617972503891475,0,0,-0.08705418412176591,0.0,1.0,-1.0,-0.35,0.175,0.2222222222222222,0.22222222222222238,-0.5249999999999999,-8.0,9.8,-19.733333333333334,0.12064035446346183,0
2024-10-27 20:25:00+00:00,Washington Commanders,Chicago Bears,18,15,8,3,33,1,25.0,17.2,0.8,7.8,21.0,16.8,0,0.4,-4.2,3,7.0,7.0,35.0,-28.0,0,0.125,-0.4392156862745098,-5.0,24.166666666666668,-29.166666666666668,19.4,16.8,2.599999999999998,0.4444444444444444,0,1,0,0.0,1,221.6,162.8,-58.79999999999998,-6.5,17.833333333333332,-24.333333333333332,5.84,4.78,0.16699999999999998,0.114,0.484,0.378,0.684,0.5780000000000001,1.0599999999999996,3.0,1.0,2.0,-21.447784266209116,-1.9780167011813654,500,0,0,0,0,0,-500,0.5480943129368695,0.5957742740744968,0.6384754503494956,0.6766194192595975,0,0,-0.04767996113762729,0.0,-0.3333333333333333,0.3333333333333333,0.775,0.4125,0.2222222222222222,0.22222222222222224,0.36250000000000004,2.0,5.0,-0.5333333333333332,0.040687691187068664,0
2024-10-28 00:20:00+00:00,San Francisco 49ers,Dallas Cowboys,30,24,8,6,54,1,23.8,18.8,0.6,5.0,22.4,14.8,0,0.8,-7.6,3,4.400000000000002,7.0,20.0,-13.0,0,0.14444444444444438,-0.09999999999999998,-3.333333333333333,-9.833333333333332,6.499999999999999,23.2,30.2,-7.0,0.4444444444444444,0,1,0,1.0,2,99.6,287.84,188.23999999999998,1.3333333333333321,-6.833333333333332,8.166666666666664,4.92,4.16,0.121,0.08300000000000002,0.39199999999999996,0.316,0.5920000000000001,0.516,0.7599999999999998,1.0,1.0,0.0,-16.044488711698666,-1.3617569460715937,500,1000,0,1,0,0,500,0.6877501000800801,0.670227351043177,0.750200080064064,0.7361818808345416,0,1,0.017522749036903096,-1.0,0.3333333333333333,-1.3333333333333333,0.35,-0.05,0.22222222222222238,0.22222222222222227,0.39999999999999997,10.0,5.599999999999998,5.333333333333332,0.05135760372742571,0
2024-10-29 00:15:00+00:00,Pittsburgh Steelers,New York Giants,26,18,8,8,44,1,17.8,14.8,0.4,3.0,16.8,18.8,0,0.4,2.0,3,4.0,7.0,22.0,-15.0,0,-0.08455882352941169,-0.1597222222222222,19.166666666666668,-20.833333333333332,40.0,17.0,20.0,-3.0,0.4444444444444444,0,1,0,0.5,0,111.6,148.4,36.80000000000001,14.166666666666668,-16.666666666666668,30.833333333333336,4.9,3.8,0.12000000000000001,0.065,0.38999999999999996,0.27999999999999997,0.5900000000000001,0.48000000000000004,1.1000000000000005,2.0,1.0,1.0,16.605173887515196,-4.274131510071185,1200,2500,0,0,0,0,1300,0.6129034358199494,0.573211483870524,0.6903227486559596,0.6585691870964192,0,1,0.03969195194942543,-1.0,0.0,-1.0,0.025,-0.8875,0.22222222222222252,0.22222222222222215,0.9125,16.375,12.375,12.733333333333333,0.04058397057211834,0
2024-11-01 00:15:00+00:00,New York Jets,Houston Texans,21,13,9,8,34,1,16.6,11.8,0.6,4.8,23.8,23.6,0,0.6,-0.2,3,-4.199999999999999,17.0,11.0,6.0,0,0.09824561403508769,-0.16666666666666663,-9.166666666666666,-8.5,-0.6666666666666661,23.6,21.0,2.6000000000000014,0.5,0,1,0,1.0,1,58.8,56.239999999999995,-2.5600000000000023,3.166666666666666,-6.833333333333332,9.999999999999998,3.96,4.96,0.07300000000000001,0.12300000000000001,0.296,0.396,0.49600000000000005,0.5960000000000001,-1.0,1.0,3.0,-2.0,-0.9329321248342465,-6.800708613846958,1000,1000,1,1,0,0,0,0.7631588084812948,0.5555902791342205,0.8105270467850358,0.6444722233073765,0,0,0.20756852934707426,-1.0,0.5,-1.5,-0.325,0.15,0.2222222222222222,0.22222222222222252,-0.475,-0.625,3.5749999999999993,-20.333333333333336,0.06990648375751835,0
2024-11-03 18:00:00+00:00,New York Giants,Washington Commanders,22,27,9,-5,49,0,16.2,20.4,0.4,-4.2,11.6,23.2,1,0.2,11.6,3,7.6,14.0,21.0,-7.0,1,0.17434210526315785,-0.15441176470588236,-14.5,4.0,-18.5,22.2,15.8,6.399999999999999,0.5,0,1,0,0.6666666666666666,3,118.16,231.04000000000002,112.88000000000002,-6.5,-4.0,-2.5,3.74,5.4399999999999995,0.062000000000000006,0.147,0.27399999999999997,0.44399999999999995,0.47400000000000003,0.644,-1.6999999999999993,1.0,3.0,-2.0,1.5380230180814058,-5.007442979790363,500,500,0,0,0,0,0,0.5900171497489194,0.5336310473455592,0.6720137197991356,0.6269048378764474,0,0,0.05638610240336017,-1.0,0.0,-1.0,-0.7375,0.75,0.2222222222222226,0.2222222222222223,-1.4875,-12.875,20.475,-13.0,0.058389352539409536,0
2024-11-03 18:00:00+00:00,Baltimore Ravens,Denver Broncos,41,10,9,31,51,1,20.6,25.6,0.4,-5.0,24.8,18.2,0,0.8,-6.6,3,-1.1999999999999993,21.0,16.0,5.0,0,0.05555555555555558,-0.2095588235294118,-9.166666666666666,15.166666666666666,-24.333333333333332,26.2,14.8,11.399999999999999,0.5,0,1,0,0.5,0,97.6,117.83999999999999,20.239999999999995,-2.8333333333333357,10.5,-13.333333333333336,5.720000000000001,4.72,0.16100000000000003,0.111,0.472,0.372,0.672,0.5720000000000001,1.0000000000000009,2.0,2.0,0.0,-12.10565655349131,11.590214812889048,1000,0,1,0,0,0,-1000,0.6227152931803357,0.5139846324446109,0.6981722345442686,0.6111877059556887,0,0,0.1087306607357248,0.3333333333333333,0.0,0.3333333333333333,0.825,-0.0375,0.22222222222222232,0.22222222222222232,0.8624999999999999,0.5,1.6999999999999993,-5.6000000000000005,0.04406689352489797,0
2024-11-03 18:00:00+00:00,Carolina Panthers,New Orleans Saints,23,22,9,1,45,1,29.4,22.4,0.6,7.0,9.8,20.0,0,0.2,10.2,3,22.599999999999998,20.0,6.0,14.0,1,-0.01503759398496246,0.03308823529411764,-5.5,-7.5,2.0,35.2,32.4,2.8000000000000043,0.5,0,1,0,0.25,4,68.96000000000001,64.4,-4.560000000000002,-7.5,-12.333333333333332,4.833333333333332,3.8,3.94,0.065,0.072,0.27999999999999997,0.294,0.48000000000000004,0.49400000000000005,-0.14000000000000012,1.0,0.0,1.0,-6.14395092881354,7.316547477077637,1000,1200,1,0,0,0,200,0.49875155860591447,0.28217450762737606,0.5990012468847316,0.42573960610190087,0,1,0.2165770509785384,0.0,-1.0,1.0,-0.65,0.1125,0.2222222222222222,0.22222222222222218,-0.7625000000000001,-12.75,35.349999999999994,25.2,0.09822688327339257,0
2024-11-03 18:00:00+00:00,Cleveland Browns,Los Angeles Chargers,10,27,9,-17,37,0,17.4,25.2,0.2,-7.8,20.0,15.0,1,0.6,-5.0,3,0.3999999999999986,7.0,12.0,-5.0,0,0.2549019607843137,0.15808823529411764,8.666666666666666,11.333333333333334,-2.666666666666668,23.8,15.6,8.200000000000001,0.5,0,1,0,0.5,0,70.96000000000001,103.75999999999999,32.79999999999998,6.5,6.166666666666666,0.3333333333333339,4.0600000000000005,3.98,0.07800000000000001,0.07400000000000001,0.306,0.298,0.506,0.49800000000000005,0.08000000000000052,1.0,3.0,-2.0,-14.193441306153185,7.347531822917444,1000,1000,0,1,0,0,0,0.7658125750600601,0.6714140142976271,0.8126500600480481,0.7371312114381017,0,0,0.09439856076243291,-0.5,-0.3333333333333333,-0.16666666666666669,-0.475,-0.225,0.22222222222222224,0.22222222222222243,-0.24999999999999997,-9.0,9.399999999999999,3.7333333333333334,0.04887747979708374,0
2024-11-03 18:00:00+00:00,Cincinnati Bengals,Las Vegas Raiders,41,24,9,17,65,1,11.8,24.4,0.0,-12.6,19.8,22.6,0,0.2,2.8,3,-5.0,7.0,13.0,-6.0,0,-0.02614379084967322,-0.1777777777777777,-12.166666666666668,4.333333333333334,-16.5,24.6,25.8,-1.1999999999999993,0.5,0,1,0,0.5,0,130.95999999999998,67.44,-63.51999999999998,-10.666666666666668,0.5,-11.166666666666668,4.84,4.02,0.11699999999999999,0.076,0.38399999999999995,0.302,0.5840000000000001,0.502,0.8200000000000003,3.0,1.0,2.0,20.71867690142002,15.089613230781108,1000,500,1,0,0,0,-500,0.5390651483126927,0.7589087309751761,0.6312521186501542,0.8071269847801409,1,0,-0.21984358266248338,0.0,-0.3333333333333333,0.3333333333333333,0.2375,-0.4,0.22222222222222246,0.22222222222222224,0.6375,10.25,15.25,3.333333333333334,0.04722833233721517,0
2024-11-03 18:00:00+00:00,Tennessee Titans,New England Patriots,20,17,9,3,37,1,22.4,31.8,0.0,-9.4,18.4,24.6,0,0.2,6.2,3,7.0,21.0,14.0,7.0,0,0.2833333333333333,0.07720588235294118,-31.0,7.5,-38.5,29.6,28.0,1.6000000000000014,0.5,0,1,0,1.0,1,375.44,74.8,-300.64,-8.666666666666668,5.833333333333334,-14.500000000000002,4.02,4.0,0.076,0.07500000000000001,0.302,0.3,0.502,0.5,0.019999999999999574,1.0,3.0,-2.0,-33.49137544512958,6.759272948577573,1000,500,1,0,0,0,-500,0.643147439409495,0.6769288004169979,0.7145179515275961,0.7415430403335983,1,0,-0.03378136100750284,-1.0,0.0,-1.0,-0.325,-0.65,0.2222222222222223,0.22222222222222215,0.325,3.0,4.0,-17.066666666666666,0.04581527935197722,0
2024-11-03 18:00:00+00:00,Buffalo Bills,Miami Dolphins,30,27,9,3,57,1,22.8,17.4,0.6,5.4,24.6,16.4,0,0.8,-8.2,3,1.1999999999999993,14.0,14.0,0.0,1,0.13749999999999996,-0.2941176470588236,30.833333333333336,8.166666666666666,22.66666666666667,19.6,21.8,-2.1999999999999993,0.5,0,1,0,1.0,4,316.0,102.24,-213.76,14.833333333333332,8.5,6.333333333333332,4.66,3.64,0.10800000000000001,0.05700000000000001,0.366,0.264,0.5660000000000001,0.4640000000000001,1.02,3.0,3.0,0.0,-20.854405426642973,-1.006863596126219,3000,1000,1,1,1,0,-2000,0.48173968895930297,0.6632531551743952,0.5853917511674425,0.7306025241395162,0,0,-0.18151346621509223,0.0,-0.3333333333333333,0.3333333333333333,0.675,-0.8125,0.22222222222222238,0.22222222222222235,1.4875,22.25,21.05,-4.133333333333333,0.0644652906795553,0
2024-11-03 18:00:00+00:00,Atlanta Falcons,Dallas Cowboys,27,21,9,6,48,1,9.0,19.2,0.2,-10.2,25.8,25.4,0,0.4,-0.4,3,-13.8,14.0,6.0,8.0,0,0.09999999999999998,-0.12631578947368416,-16.166666666666664,-23.666666666666668,7.5000000000000036,26.8,27.4,-0.5999999999999979,0.5,0,1,0,0.5,0,152.96,243.76,90.79999999999998,-10.833333333333336,-5.166666666666668,-5.666666666666668,5.2,4.26,0.135,0.08800000000000001,0.42,0.326,0.6200000000000001,0.526,0.9400000000000004,1.0,1.0,0.0,-3.5290855185730865,0.15986057236771356,1000,1200,1,1,0,0,200,0.5186282621507574,0.6823548560106735,0.6149026097206058,0.7458838848085387,0,0,-0.16372659385991606,1.0,0.0,1.0,0.225,-0.0875,0.22222222222222207,0.22222222222222227,0.3125,9.75,23.55,12.666666666666668,0.03375041968874762,0
2024-11-03 21:05:00+00:00,Philadelphia Eagles,Jacksonville Jaguars,28,23,9,5,51,1,21.8,25.6,0.4,-3.8,18.8,25.2,0,0.2,6.4,3,6.0,21.0,21.0,0.0,0,-0.009287925696594423,-0.0816993464052288,25.833333333333332,13.166666666666668,12.666666666666664,16.2,27.8,-11.600000000000001,0.5,0,1,0,0.5,0,218.8,128.23999999999998,-90.56000000000003,15.5,5.166666666666668,10.333333333333332,4.62,4.9399999999999995,0.106,0.122,0.362,0.39399999999999996,0.562,0.5940000000000001,-0.3199999999999994,3.0,1.0,2.0,-15.014973652759343,11.603041248178982,1000,500,1,0,0,0,-500,0.4829470530013391,0.5534857225127062,0.5863576424010712,0.642788578010165,0,0,-0.07053866951136711,1.0,-0.3333333333333333,1.3333333333333333,-0.025,-0.05,0.22222222222222232,0.22222222222222218,0.025,11.5,5.5,15.73333333333333,0.03611602208397435,0
2024-11-03 21:05:00+00:00,Arizona Cardinals,Chicago Bears,29,9,9,20,38,1,19.8,20.6,0.4,-0.8,22.2,17.0,0,0.4,-5.2,3,0.6000000000000014,12.0,7.0,5.0,0,0.055555555555555525,-0.4558823529411765,17.5,-1.0,18.5,28.2,16.6,11.599999999999998,0.5,0,1,0,0.0,1,165.2,147.43999999999997,-17.76000000000002,5.5,-0.33333333333333215,5.833333333333332,4.22,4.82,0.08600000000000001,0.116,0.32199999999999995,0.38199999999999995,0.522,0.5820000000000001,-0.6000000000000005,0.0,1.0,-1.0,-10.943062589763473,-7.68956313170775,3000,1000,1,0,1,0,-2000,0.5364875945565211,0.557042962015502,0.6291900756452169,0.6456343696124016,0,0,-0.0205553674589809,1.0,-0.3333333333333333,1.3333333333333333,0.025,0.2625,0.22222222222222227,0.22222222222222232,-0.23750000000000002,-7.5,8.100000000000001,-15.2,0.044482664370558075,0
2024-11-03 21:25:00+00:00,Green Bay Packers,Detroit Lions,14,24,9,-10,38,0,26.6,16.6,0.8,10.0,25.0,17.6,1,0.8,-7.4,3,4.600000000000001,14.0,14.0,0.0,1,0.09150326797385622,-0.07189542483660138,-5.5,0.6666666666666679,-6.166666666666668,22.4,18.8,3.599999999999998,0.5,0,1,0,0.3333333333333333,3,62.959999999999994,237.84,174.88,-2.0,5.166666666666664,-7.166666666666664,5.12,6.14,0.131,0.182,0.412,0.514,0.612,0.714,-1.0199999999999996,3.0,2.0,1.0,-4.49532741723651,-3.468721870061328,1000,0,0,1,0,0,-1000,0.741397989180285,0.38115531027567184,0.793118391344228,0.5049242482205375,0,0,0.36024267890461315,0.5,1.0,-0.5,0.5,1.025,0.22222222222222238,0.22222222222222257,-0.5249999999999999,-4.625,9.225000000000001,-15.533333333333333,0.06912657814014864,0
2024-11-03 21:25:00+00:00,Seattle Seahawks,Los Angeles Rams,20,26,9,-6,46,0,20.8,23.8,0.4,-3.0,15.2,23.4,1,0.2,8.2,3,8.600000000000001,7.0,35.0,-28.0,1,0.22916666666666663,-0.2666666666666666,10.833333333333334,10.166666666666666,0.6666666666666679,30.4,21.4,9.0,0.5,0,1,0,0.3333333333333333,3,198.0,37.04,-160.96,-2.333333333333332,3.666666666666668,-6.0,4.64,4.58,0.107,0.10400000000000001,0.364,0.358,0.5640000000000001,0.558,0.05999999999999961,0.0,2.0,-2.0,-16.44439232362686,-10.271414756821077,2500,0,0,0,0,0,-2500,0.6733216413657005,0.7047908580345115,0.7386573130925604,0.7638326864276092,0,0,-0.03146921666881097,0.0,0.0,0.0,0.175,-0.2125,0.2222222222222222,0.2222222222222222,0.38749999999999996,6.375,2.2250000000000014,-17.666666666666668,0.08298954503246257,0
2024-11-04 01:20:00+00:00,Minnesota Vikings,Indianapolis Colts,21,13,9,8,34,1,26.6,19.0,0.8,7.6,22.2,21.4,0,0.4,-0.8,3,7.400000000000002,14.0,7.0,7.0,0,-0.21323529411764708,-0.02941176470588236,-17.666666666666664,0.5,-18.166666666666664,22.8,22.2,0.6000000000000014,0.5,0,1,0,0.5,0,153.43999999999997,12.960000000000003,-140.47999999999996,-4.833333333333332,-9.0,4.166666666666668,5.04,4.64,0.127,0.107,0.40399999999999997,0.364,0.604,0.5640000000000001,0.40000000000000036,2.0,1.0,1.0,-17.275532608059322,4.616922471504036,1200,0,0,1,0,0,-1200,0.7824138101808848,0.6540976474494572,0.8259310481447079,0.7232781179595658,0,0,0.12831616273142765,0.3333333333333333,0.2,0.1333333333333333,0.475,-0.0125,0.22222222222222207,0.22222222222222232,0.4875,11.875,4.474999999999998,-20.6,0.07302253425699329,0
2024-11-05 01:15:00+00:00,Kansas City Chiefs,Tampa Bay Buccaneers,30,24,9,6,54,1,24.6,23.2,0.6,1.4,25.0,22.6,0,0.6,-2.4,3,2.6000000000000014,28.0,22.0,6.0,0,-0.08947368421052637,0.003095975232198178,0.16666666666666607,-19.166666666666664,19.33333333333333,15.6,30.2,-14.6,0.5,0,1,0,0.5,0,7.839999999999999,189.2,181.35999999999999,5.833333333333332,-9.5,15.333333333333332,4.7,5.720000000000001,0.11,0.16100000000000003,0.37,0.472,0.5700000000000001,0.672,-1.0200000000000005,3.0,3.0,0.0,-4.7874674132606625,-2.720322732134422,2400,500,1,0,0,0,-1900,0.820156317875773,0.4026425379222254,0.8561250543006185,0.5221140303377803,0,0,0.41751377995354766,1.0,-1.0,2.0,0.225,0.7375,0.22222222222222215,0.22222222222222243,-0.5125000000000001,4.875,2.2749999999999986,8.2,0.08273288374164878,0
2024-11-08 01:15:00+00:00,Baltimore Ravens,Cincinnati Bengals,35,34,10,1,69,1,28.4,16.2,0.8,12.2,20.0,19.6,0,0.6,-0.4,3,11.399999999999999,4.0,18.0,-14.0,1,0.07602339181286544,-0.0030959752321981227,6.333333333333333,-6.166666666666667,12.5,26.2,24.6,1.5999999999999979,0.5555555555555556,0,1,0,0.6,5,144.16,164.56,20.400000000000006,-4.833333333333336,3.666666666666668,-8.500000000000004,5.84,4.98,0.16699999999999998,0.12400000000000001,0.484,0.39799999999999996,0.684,0.5980000000000001,0.8599999999999994,2.0,3.0,-1.0,27.670743997389756,-1.8357359916172982,1000,0,1,0,0,0,-1000,0.6416727229193959,0.5564701250197457,0.7133381783355167,0.6451761000157965,0,0,0.08520259789965023,0.3333333333333333,0.0,0.3333333333333333,1.0875,0.625,0.2222222222222222,0.2222222222222223,0.4624999999999999,10.0,1.3999999999999986,5.866666666666667,0.07460010288475813,0
2024-11-10 14:30:00+00:00,Carolina Panthers,New York Giants,20,17,10,3,37,1,16.4,27.0,0.2,-10.6,18.4,18.4,0,0.4,0.0,3,1.0,6.0,12.0,-6.0,0,0.0421052631578947,-0.14860681114551078,19.166666666666668,2.166666666666666,17.0,32.8,23.6,9.199999999999996,0.5555555555555556,0,1,0,0.0,1,133.2,118.16,-15.039999999999992,6.166666666666666,7.0,-0.8333333333333339,3.7800000000000002,3.88,0.064,0.069,0.27799999999999997,0.288,0.47800000000000004,0.48800000000000004,-0.09999999999999964,1.0,1.0,0.0,23.330612729077032,-0.7500064571912669,1000,500,1,0,0,0,-500,0.49723421208280283,0.6103386887308415,0.5977873696662424,0.6882709509846732,0,0,-0.11310447664803869,1.0,-1.0,2.0,-0.4875,-0.5375,0.22222222222222227,0.2222222222222226,0.04999999999999999,-5.5,6.5,9.333333333333332,0.04919459370071974,0
2024-11-10 18:00:00+00:00,Chicago Bears,New England Patriots,3,19,10,-16,22,0,29.2,12.8,1.0,16.4,13.0,23.2,1,0.2,10.2,3,19.2,28.0,7.0,21.0,0,0.47058823529411764,0.05882352941176466,-28.5,13.666666666666666,-42.166666666666664,18.2,26.0,-7.800000000000001,0.5555555555555556,0,1,0,0.5,0,265.0400000000001,72.55999999999999,-192.48000000000008,-19.666666666666668,5.333333333333334,-25.0,4.68,4.08,0.10900000000000001,0.07900000000000001,0.368,0.308,0.5680000000000001,0.508,0.5999999999999996,1.0,3.0,-2.0,31.38424141875877,-2.46361331565399,2200,1000,1,1,0,0,-1200,0.5302926442986016,0.6760232454326391,0.6242341154388813,0.7408185963461114,1,0,-0.14573060113403757,0.0,-0.3333333333333333,0.3333333333333333,-0.05,-0.6375,0.2222222222222222,0.22222222222222232,0.5874999999999999,16.25,2.9499999999999993,-14.799999999999999,0.040732978279813786,0
2024-11-10 18:00:00+00:00,Indianapolis Colts,Buffalo Bills,20,30,10,-10,50,0,22.4,18.4,0.8,4.0,23.0,19.6,1,0.6,-3.4,3,2.3999999999999986,21.0,13.0,8.0,0,0.05882352941176472,-0.1517857142857143,-7.5,4.0,-11.5,21.6,18.0,3.6000000000000014,0.5555555555555556,0,1,0,0.0,1,24.4,116.63999999999999,92.23999999999998,-6.833333333333332,4.833333333333332,-11.666666666666664,4.36,5.0600000000000005,0.09300000000000001,0.128,0.33599999999999997,0.40599999999999997,0.536,0.6060000000000001,-0.7000000000000002,1.0,3.0,-2.0,-3.394193367594823,9.777497194240224,0,2500,1,0,0,0,2500,0.6416727229193959,0.490251287397408,0.7133381783355167,0.5922010299179263,0,0,0.15142143552198795,0.0,0.3333333333333333,-0.3333333333333333,-0.1875,0.625,0.2222222222222224,0.22222222222222238,-0.8125,-7.5,9.899999999999999,-11.466666666666667,0.07593187771216686,0
2024-11-10 18:00:00+00:00,Kansas City Chiefs,Denver Broncos,16,14,10,2,30,1,26.0,23.2,0.8,2.8,19.8,18.6,0,0.6,-1.2,3,9.2,5.0,7.0,-2.0,1,-0.07518796992481203,-0.23529411764705888,-3.5,-19.166666666666664,15.666666666666664,17.0,21.2,-4.199999999999999,0.5555555555555556,0,1,0,0.6666666666666666,3,6.640000000000001,389.2,382.56,4.833333333333332,-8.666666666666668,13.5,4.86,4.72,0.11800000000000002,0.111,0.386,0.372,0.5860000000000001,0.5720000000000001,0.14000000000000057,3.0,2.0,1.0,-8.38834221452999,-2.1807601637809815,2400,1000,1,1,0,0,-1400,0.8097082831545208,0.47682609248931385,0.8477666265236167,0.5814608739914511,0,0,0.33288219066520697,1.0,-1.0,2.0,0.3375,-0.1625,0.2222222222222224,0.22222222222222252,0.5,6.5,2.6999999999999993,3.4666666666666677,0.13112861416959046,0
2024-11-10 18:00:00+00:00,New Orleans Saints,Atlanta Falcons,20,17,10,3,37,1,24.6,27.8,0.2,-3.2,23.2,20.0,0,0.6,-3.2,3,4.400000000000002,23.0,14.0,9.0,1,-0.00694444444444442,-0.12631578947368416,10.5,4.166666666666667,6.333333333333333,31.8,26.2,5.600000000000001,0.5555555555555556,0,1,0,0.3333333333333333,3,70.16,155.2,85.03999999999999,-1.6666666666666679,-0.33333333333333215,-1.3333333333333357,3.9,5.22,0.07,0.136,0.29,0.422,0.49000000000000005,0.622,-1.3199999999999998,0.0,1.0,-1.0,-13.122350146845356,12.660328851320875,2200,500,1,0,0,0,-1700,0.4404242678600152,0.6008309412041059,0.5523394142880121,0.6806647529632848,0,0,-0.16040667334409064,-1.0,1.0,-2.0,-0.2,0.4375,0.2222222222222224,0.2222222222222224,-0.6375,-6.0,10.400000000000002,-3.1999999999999993,0.07238365807366613,0
2024-11-10 18:00:00+00:00,Tampa Bay Buccaneers,San Francisco 49ers,20,23,10,-3,43,0,26.8,26.8,0.4,0.0,22.8,23.0,1,0.4,0.2,3,7.0,14.0,30.0,-16.0,0,0.02631578947368418,-0.15873015873015872,-8.166666666666666,-11.333333333333334,3.166666666666668,33.0,22.6,10.399999999999999,0.5555555555555556,0,1,0,0.0,1,154.24,90.96000000000001,-63.28,-12.333333333333336,-5.666666666666668,-6.666666666666668,5.54,5.04,0.152,0.127,0.45399999999999996,0.40399999999999997,0.654,0.604,0.5,3.0,1.0,2.0,-8.573896606834298,-5.933657975929799,500,500,0,0,0,-1,0,0.41596768068881673,0.6810662294456732,0.5327741445510534,0.7448529835565385,0,0,-0.26509854875685646,-1.0,0.0,-1.0,0.575,0.425,0.22222222222222238,0.22222222222222215,0.14999999999999997,-0.625,7.625,-9.666666666666666,0.05082609853796364,0
2024-11-10 18:00:00+00:00,Washington Commanders,Pittsburgh Steelers,27,28,10,-1,55,0,26.6,12.6,1.0,14.0,20.8,16.0,1,0.6,-4.8,3,8.8,13.0,27.0,-14.0,0,0.11764705882352944,0.05882352941176461,-11.666666666666666,10.666666666666668,-22.333333333333336,17.4,18.6,-1.2000000000000028,0.5555555555555556,0,1,0,0.5,0,201.6,111.44000000000001,-90.15999999999998,-9.833333333333336,7.166666666666668,-17.000000000000004,5.14,5.02,0.132,0.126,0.414,0.40199999999999997,0.614,0.6020000000000001,0.1200000000000001,3.0,2.0,1.0,-7.359595426813997,-2.226287302577656,500,1200,0,0,0,0,700,0.5648725043162637,0.6225600213278938,0.651898003453011,0.698048017062315,1,0,-0.05768751701163011,0.3333333333333333,-1.0,1.3333333333333333,0.8375,0.1375,0.2222222222222222,0.22222222222222215,0.7,5.875,2.9250000000000007,-8.866666666666665,0.03808171270097831,0
2024-11-10 18:00:00+00:00,Jacksonville Jaguars,Minnesota Vikings,7,12,10,-5,19,0,25.8,21.0,0.6,4.8,26.4,16.0,1,0.8,-10.4,3,2.400000000000002,14.0,16.0,-2.0,0,0.11111111111111116,0.17647058823529416,-4.0,-3.0,-1.0,28.6,24.0,4.600000000000001,0.5555555555555556,0,1,0,0.5,0,129.44,40.96,-88.47999999999999,-3.333333333333332,-7.166666666666668,3.8333333333333357,5.0,4.78,0.125,0.114,0.39999999999999997,0.378,0.6000000000000001,0.5780000000000001,0.21999999999999975,1.0,2.0,-1.0,4.269941098038735,-3.112491448868536,500,1200,0,0,0,0,700,0.5614298801787792,0.7622534174798721,0.6491439041430234,0.8098027339838977,0,1,-0.20082353730109292,-0.3333333333333333,0.3333333333333333,-0.6666666666666666,0.025,0.4125,0.2222222222222222,0.22222222222222207,-0.38749999999999996,-11.125,13.525000000000002,29.0,0.053982261911046145,0
2024-11-10 21:05:00+00:00,Los Angeles Chargers,Tennessee Titans,27,17,10,10,44,1,14.0,12.8,0.4,1.2,20.4,29.8,0,0.4,9.4,3,-3.3999999999999986,14.0,14.0,0.0,0,-0.1875,-0.3125,18.166666666666668,-14.833333333333334,33.0,13.6,27.0,-13.4,0.5555555555555556,0,1,0,0.0,1,99.44,405.84000000000003,306.40000000000003,10.5,-2.333333333333332,12.833333333333332,4.32,4.14,0.091,0.08199999999999999,0.33199999999999996,0.31399999999999995,0.532,0.514,0.1800000000000006,3.0,1.0,2.0,-12.936691806477137,0.04477839018055265,1000,1000,1,1,0,0,0,0.6651142918845296,0.7095262490344437,0.7320914335076237,0.767620999227555,0,0,-0.04441195714991408,-0.3333333333333333,0.0,-0.3333333333333333,-0.2125,-0.45,0.2222222222222222,0.22222222222222227,0.23750000000000002,19.375,22.775,22.866666666666667,0.04152985913187542,0
2024-11-10 21:25:00+00:00,Arizona Cardinals,New York Jets,31,6,10,25,37,1,20.8,38.6,0.0,-17.8,22.0,15.6,0,0.8,-6.4,3,1.8000000000000007,7.0,14.0,-7.0,0,0.09722222222222221,-0.13157894736842102,16.5,12.833333333333334,3.666666666666666,21.6,24.2,-2.599999999999998,0.5555555555555556,0,1,0,0.5,0,169.04000000000002,93.35999999999999,-75.68000000000004,10.5,4.166666666666668,6.333333333333332,4.52,4.2,0.101,0.085,0.352,0.31999999999999995,0.552,0.52,0.3199999999999994,0.0,1.0,-1.0,-24.10393586619895,0.6002297544839964,2500,1000,0,1,0,1,-1500,0.5323345880867392,0.760208423834364,0.6258676704693913,0.8081667390674913,0,0,-0.22787383574762488,1.0,-1.0,2.0,0.0375,-0.3,0.22222222222222224,0.22222222222222227,0.33749999999999997,2.75,0.9499999999999993,21.733333333333334,0.041302284220100974,0
2024-11-10 21:25:00+00:00,Dallas Cowboys,Philadelphia Eagles,6,34,10,-28,40,0,22.8,19.2,0.6,3.6,19.4,26.8,1,0.2,7.4,3,6.400000000000002,28.0,14.0,14.0,1,0.15000000000000002,-0.0117647058823529,4.0,8.5,-4.5,27.2,18.4,8.8,0.5555555555555556,0,1,0,0.5,2,239.44,216.23999999999995,-23.200000000000045,6.166666666666668,11.166666666666668,-5.0,4.18,4.88,0.084,0.11900000000000001,0.318,0.388,0.518,0.5880000000000001,-0.7000000000000002,1.0,3.0,-2.0,-2.4860551393456105,2.1117598926329846,2200,1000,1,1,0,0,-1200,0.6848239579219257,0.6188524727877669,0.7478591663375407,0.6950819782302136,0,0,0.06597148513415885,0.0,1.0,-1.0,-0.0625,0.2875,0.22222222222222238,0.22222222222222224,-0.35,-9.25,15.650000000000002,-33.733333333333334,0.043531546652885104,0
2024-11-11 01:20:00+00:00,Houston Texans,Detroit Lions,23,26,10,-3,49,0,21.2,17.6,1.0,3.6,29.2,17.6,1,1.0,-11.6,3,-5.0,14.0,7.0,7.0,0,0.19590643274853792,-0.05555555555555558,-9.5,6.333333333333332,-15.833333333333332,21.2,19.0,2.1999999999999993,0.5555555555555556,0,1,0,0.5,0,86.96000000000001,224.16,137.2,-10.666666666666668,-2.0,-8.666666666666668,4.74,6.220000000000001,0.112,0.18600000000000003,0.37399999999999994,0.522,0.5740000000000001,0.7220000000000001,-1.4800000000000004,3.0,2.0,1.0,-15.97224649917002,-0.5721378940001023,1000,0,1,1,0,0,-1000,0.5390227771353556,0.38115531027567184,0.6312182217082845,0.5049242482205375,0,0,0.15786746685968378,0.3333333333333333,1.0,-0.6666666666666667,-0.05,1.025,0.2222222222222224,0.22222222222222235,-1.075,-10.875,5.875,-8.200000000000001,0.03986494230162945,0
2024-11-12 01:15:00+00:00,Los Angeles Rams,Miami Dolphins,15,23,10,-8,38,0,21.8,19.0,0.8,2.8,13.8,20.8,1,0.2,7.0,3,11.0,18.0,8.0,10.0,0,0.231578947368421,-0.3137254901960784,10.0,4.666666666666667,5.333333333333333,20.6,23.0,-2.3999999999999986,0.5555555555555556,0,1,0,0.5,0,40.4,63.36,22.96,9.0,14.666666666666666,-5.666666666666666,4.5600000000000005,4.12,0.10300000000000001,0.081,0.356,0.31199999999999994,0.556,0.512,0.4400000000000004,2.0,3.0,-1.0,5.17258881120855,-1.0790389196688466,500,1000,0,1,0,1,500,0.7055195252652563,0.599219511452965,0.764415620212205,0.679375609162372,0,0,0.10630001381229126,0.0,-0.5,0.5,-0.075,-0.65,0.22222222222222224,0.2222222222222224,0.5750000000000001,7.875,3.125,8.733333333333334,0.061887501181039264,0
2024-11-15 01:15:00+00:00,Philadelphia Eagles,Washington Commanders,26,18,11,8,44,1,21.2,23.2,0.6,-2.0,30.0,27.2,0,0.6,-2.8,3,-5.800000000000001,11.0,11.0,0.0,1,-0.011111111111111183,-0.08823529411764708,0.16666666666666785,-7.666666666666666,7.833333333333334,13.0,20.4,-7.399999999999999,0.6111111111111112,0,1,0,1.0,2,101.04,191.03999999999996,89.99999999999996,2.666666666666668,0.0,2.666666666666668,5.24,5.0,0.137,0.125,0.42399999999999993,0.39999999999999997,0.624,0.6000000000000001,0.2400000000000002,3.0,3.0,0.0,-14.299913067376865,0.48216829578930875,1000,500,1,0,0,0,-500,0.6188524727877669,0.5950019290169396,0.6950819782302136,0.6760015432135518,0,0,0.023850543770827293,1.0,0.0,1.0,0.2875,0.9125,0.2222222222222224,0.22222222222222235,-0.625,0.5,6.300000000000001,28.53333333333333,0.05528285197627519,0
2024-11-17 18:00:00+00:00,New England Patriots,Los Angeles Rams,22,28,11,-6,50,0,16.4,22.6,0.4,-6.2,18.6,28.0,1,0.2,9.4,3,0.7999999999999972,21.0,13.0,8.0,0,-0.09803921568627455,-0.19407894736842102,17.5,-4.333333333333334,21.833333333333336,23.6,20.4,3.200000000000003,0.6111111111111112,0,1,0,0.5,0,170.0,47.44,-122.56,-2.666666666666668,-2.5,-0.16666666666666785,4.26,4.5,0.08800000000000001,0.1,0.326,0.35,0.526,0.55,-0.2400000000000002,3.0,2.0,1.0,28.68756210225635,-1.320522862045706,1000,500,1,0,0,-1,-500,0.6798437881283576,0.6878126564064456,0.743875030502686,0.7502501251251565,0,0,-0.00796886827808807,0.0,0.3333333333333333,-0.3333333333333333,-0.65,-0.1375,0.22222222222222215,0.22222222222222238,-0.5125,-1.625,2.424999999999997,11.666666666666666,0.049503328516316385,0
2024-11-17 18:00:00+00:00,Chicago Bears,Green Bay Packers,19,20,11,-1,39,0,17.8,23.0,0.2,-5.2,17.8,25.6,1,0.2,7.8,3,3.0,7.0,21.0,-14.0,1,0.43137254901960775,-0.05555555555555558,-32.0,-12.833333333333334,-19.166666666666664,18.4,21.0,-2.6000000000000014,0.6111111111111112,0,1,0,0.0,2,338.96,98.16,-240.79999999999998,-22.666666666666668,-5.333333333333332,-17.333333333333336,4.26,4.82,0.08800000000000001,0.116,0.326,0.38199999999999995,0.526,0.5820000000000001,-0.5600000000000005,1.0,3.0,-2.0,-23.218524972073663,-5.714901409577582,2200,1000,1,0,0,0,-1200,0.44466367172676347,0.6688679455262598,0.5557309373814108,0.735094356421008,1,0,-0.22420427379949637,-1.0,1.0,-2.0,-0.3125,0.3125,0.2222222222222224,0.22222222222222238,-0.625,-2.0,5.0,-10.133333333333335,0.05011893597746302,0
2024-11-17 18:00:00+00:00,Detroit Lions,Jacksonville Jaguars,52,6,11,46,58,1,24.4,16.0,0.8,8.4,23.0,24.2,0,0.6,1.2,3,4.399999999999999,21.0,13.0,8.0,0,0.040935672514619825,-0.07894736842105265,-19.5,-3.0,-16.5,17.8,24.2,-6.399999999999999,0.6111111111111112,0,1,0,0.0,1,268.96,124.96,-144.0,-18.333333333333336,-10.0,-8.333333333333336,5.9,4.4,0.17,0.095,0.49,0.33999999999999997,0.6900000000000001,0.54,1.5,2.0,1.0,1.0,-18.9229981980757,0.011798119513843141,0,500,1,0,0,0,500,0.38115531027567184,0.5133019416517054,0.5049242482205375,0.6106415533213643,1,1,-0.13214663137603355,1.0,-1.0,2.0,1.025,-0.05,0.2222222222222224,0.2222222222222223,1.075,23.125,18.725,1.9333333333333345,0.041874851938577394,0
2024-11-17 18:00:00+00:00,Tennessee Titans,Minnesota Vikings,13,23,11,-10,36,0,32.0,20.0,0.8,12.0,17.2,30.8,1,0.0,13.6,3,17.8,14.0,7.0,7.0,0,0.3272058823529411,0.19934640522875824,18.166666666666668,8.5,9.666666666666668,30.0,19.6,10.399999999999999,0.6111111111111112,0,1,0,1.0,1,220.23999999999995,43.84,-176.39999999999995,4.833333333333334,-7.5,12.333333333333334,3.86,4.4,0.068,0.095,0.286,0.33999999999999997,0.48600000000000004,0.54,-0.5400000000000005,1.0,2.0,-1.0,-5.433303582849182,-0.8939866758505148,1200,2200,1,1,0,0,1000,0.7095262490344437,0.6717113503332776,0.767620999227555,0.7373690802666221,0,1,0.037814898701166166,0.0,0.3333333333333333,-0.3333333333333333,-0.45,0.2125,0.22222222222222238,0.22222222222222207,-0.6625,-11.75,29.55,-2.000000000000001,0.0583028064551179,0
2024-11-17 18:00:00+00:00,Miami Dolphins,Las Vegas Raiders,34,19,11,15,53,1,16.8,21.2,0.4,-4.4,23.4,15.0,0,0.8,-8.4,3,-3.599999999999998,21.0,14.0,7.0,0,0.2786377708978328,-0.19444444444444442,3.1666666666666665,1.333333333333334,1.8333333333333326,19.8,30.8,-11.0,0.6111111111111112,0,1,0,1.0,1,26.639999999999997,32.16,5.52,7.666666666666668,6.666666666666666,1.0000000000000018,4.34,4.1,0.092,0.08,0.33399999999999996,0.31,0.534,0.51,0.2400000000000002,3.0,1.0,2.0,-3.5031583419719294,-8.502228039230216,3000,1000,1,1,1,-1,-2000,0.5858461185742672,0.7957483170203976,0.6686768948594137,0.8365986536163181,0,0,-0.20990219844613045,-0.5,-1.0,0.5,-0.6125,-0.225,0.22222222222222232,0.22222222222222232,-0.38750000000000007,4.625,8.224999999999998,15.0,0.09366118322716477,0
2024-11-17 18:00:00+00:00,New Orleans Saints,Cleveland Browns,35,14,11,21,49,1,23.2,25.2,0.4,-2.0,19.2,24.8,0,0.2,5.6,3,7.0,7.0,35.0,-28.0,0,0.02614379084967322,-0.2222222222222222,22.666666666666668,4.666666666666666,18.0,30.0,25.2,4.800000000000001,0.6111111111111112,0,1,0,0.5,0,129.04000000000002,86.56000000000002,-42.480000000000004,6.0,5.166666666666666,0.8333333333333339,4.04,3.94,0.077,0.072,0.30399999999999994,0.294,0.504,0.49400000000000005,0.10000000000000009,0.0,1.0,-1.0,-20.072690145900587,-4.025805547547595,2200,0,1,0,0,0,-2200,0.6673966326087483,0.7366828195882388,0.7339173060869986,0.789346255670591,0,0,-0.06928618697949052,0.0,-0.3333333333333333,0.3333333333333333,-0.5,-0.5625,0.22222222222222227,0.2222222222222224,0.0625,-1.0,8.0,8.0,0.04449020989348579,0
2024-11-17 18:00:00+00:00,New York Jets,Indianapolis Colts,27,28,11,-1,55,0,16.8,11.0,0.6,5.8,19.4,22.8,1,0.2,3.4,3,0.40000000000000213,16.0,13.0,3.0,0,0.15000000000000002,-0.02941176470588236,0.8333333333333339,-11.0,11.833333333333334,25.8,20.2,5.600000000000001,0.6111111111111112,0,1,0,0.5,0,157.2,37.839999999999996,-119.35999999999999,-5.5,-2.166666666666668,-3.333333333333332,3.98,4.08,0.07400000000000001,0.07900000000000001,0.298,0.308,0.49800000000000005,0.508,-0.10000000000000009,1.0,1.0,0.0,-18.98820465612704,6.255244514568215,3000,0,1,1,1,0,-3000,0.700260529792955,0.6959260986207465,0.760208423834364,0.7567408788965971,0,0,0.004334431172208553,-1.0,0.3333333333333333,-1.3333333333333333,-0.525,-0.0625,0.22222222222222224,0.22222222222222224,-0.4625,0.0,0.40000000000000213,5.333333333333334,0.05342469671240486,0
2024-11-17 18:00:00+00:00,Pittsburgh Steelers,Baltimore Ravens,18,16,11,2,34,1,20.6,14.4,0.6,6.2,30.8,30.0,0,0.6,-0.8,3,-7.199999999999999,19.0,21.0,-2.0,1,-0.07843137254901966,-0.09444444444444444,-8.166666666666666,12.0,-20.166666666666664,18.6,25.4,-6.799999999999997,0.6111111111111112,0,1,0,1.0,3,95.44,149.76000000000002,54.32000000000002,-1.6666666666666679,6.333333333333332,-8.0,5.1,5.720000000000001,0.13,0.16100000000000003,0.41,0.472,0.6100000000000001,0.672,-0.620000000000001,2.0,2.0,0.0,9.33299952281403,7.349497935720034,1000,500,0,0,0,0,-500,0.6309323402138843,0.6938775775935386,0.7047458721711075,0.7551020620748309,0,0,-0.0629452373796543,0.0,0.3333333333333333,-0.3333333333333333,0.2625,1.2375,0.22222222222222227,0.2222222222222222,-0.9750000000000001,1.25,8.45,4.933333333333334,0.06735933197839052,0
2024-11-17 21:05:00+00:00,Denver Broncos,Atlanta Falcons,38,6,11,32,44,1,24.4,16.0,0.6,8.4,24.0,20.0,0,0.6,-4.0,3,3.3999999999999986,21.0,7.0,14.0,0,0.25816993464052296,-0.15131578947368418,-26.5,0.5,-27.0,20.8,24.2,-3.3999999999999986,0.6111111111111112,0,1,0,0.5,0,347.44,157.36,-190.07999999999998,-13.666666666666668,-5.666666666666668,-8.0,4.32,4.84,0.091,0.11699999999999999,0.33199999999999996,0.38399999999999995,0.532,0.5840000000000001,-0.5199999999999996,2.0,1.0,1.0,1.1359663181270425,7.883500524772032,1000,1000,1,1,0,0,0,0.5316668520166441,0.5759201136578157,0.6253334816133153,0.6607360909262525,1,0,-0.044253261641171604,-1.0,0.3333333333333333,-1.3333333333333333,-0.0625,0.375,0.22222222222222204,0.2222222222222223,-0.4375,6.0,2.6000000000000014,-19.2,0.031187211041583132,0
2024-11-17 21:05:00+00:00,San Francisco 49ers,Seattle Seahawks,17,20,11,-3,37,0,26.6,21.6,0.6,5.0,23.4,19.0,1,0.6,-4.4,3,6.200000000000003,20.0,28.0,-8.0,1,0.13533834586466165,-0.19407894736842102,4.166666666666667,-13.166666666666666,17.333333333333332,24.0,27.2,-3.1999999999999993,0.6111111111111112,0,1,0,1.0,4,54.0,189.04000000000002,135.04000000000002,0.8333333333333321,-11.0,11.833333333333332,4.9,4.46,0.12000000000000001,0.09800000000000002,0.38999999999999996,0.346,0.5900000000000001,0.546,0.4400000000000004,1.0,0.0,1.0,0.6677479222230733,5.055107586626297,2500,2500,0,0,1,0,0,0.6974715922429763,0.6711763390508524,0.7579772737943811,0.7369410712406819,0,1,0.02629525319212389,0.3333333333333333,-1.0,1.3333333333333333,0.3125,0.1,0.22222222222222207,0.2222222222222222,0.2125,7.375,1.1749999999999972,-3.7999999999999994,0.08441226424601668,0
2024-11-17 21:25:00+00:00,Buffalo Bills,Kansas City Chiefs,30,21,11,9,51,1,34.2,21.2,0.8,13.0,21.4,18.2,0,0.8,-3.2,3,15.800000000000004,14.0,21.0,-7.0,0,0.12605042016806722,0.062200956937799035,-9.5,-6.0,-3.5,17.4,17.8,-0.40000000000000213,0.6111111111111112,0,1,0,0.5,2,78.16,13.84,-64.32,0.6666666666666679,-4.0,4.666666666666668,5.26,4.84,0.138,0.11699999999999999,0.426,0.38399999999999995,0.6260000000000001,0.5840000000000001,0.41999999999999993,3.0,3.0,0.0,-3.1202005728155595,-1.4227959746223162,3000,1200,1,0,0,0,-1800,0.49167093581027654,0.7589087309751761,0.5933367486482213,0.8071269847801409,0,0,-0.26723779516489954,1.0,1.0,0.0,0.6125,0.2,0.2222222222222222,0.22222222222222227,0.41250000000000003,5.375,10.425000000000004,6.333333333333334,0.10971532600155992,0
2024-11-18 01:20:00+00:00,Los Angeles Chargers,Cincinnati Bengals,34,27,11,7,61,1,18.8,13.0,0.6,5.8,26.2,21.2,0,0.6,-5.0,3,-4.399999999999999,7.0,10.0,-3.0,0,-0.14705882352941174,-0.029239766081871343,5.833333333333333,9.0,-3.166666666666667,13.6,23.4,-9.799999999999999,0.6111111111111112,0,1,0,0.5,0,53.2,161.04000000000002,107.84000000000002,5.666666666666668,19.166666666666668,-13.5,4.66,4.9,0.10800000000000001,0.12000000000000001,0.366,0.38999999999999996,0.5660000000000001,0.5900000000000001,-0.2400000000000002,3.0,3.0,0.0,-0.3485300393762807,4.795677930350656,500,1000,0,0,0,0,500,0.6455638280310544,0.5521317855663342,0.7164510624248435,0.6417054284530674,0,0,0.09343204246472014,0.0,0.0,0.0,-0.15,0.7375,0.22222222222222235,0.2222222222222222,-0.8875000000000001,8.125,12.524999999999999,17.933333333333334,0.0484041781817585,0
2024-11-19 01:15:00+00:00,Dallas Cowboys,Houston Texans,10,34,11,-24,44,0,15.6,35.8,0.0,-20.2,22.4,25.4,1,0.4,3.0,3,-3.799999999999999,8.0,18.0,-10.0,0,0.11250000000000004,-0.1578947368421052,-3.333333333333334,-12.5,9.166666666666666,31.0,22.4,8.600000000000001,0.6111111111111112,0,1,0,0.5,0,236.8,93.2,-143.60000000000002,-4.166666666666668,-10.666666666666668,6.5,3.9,4.74,0.07,0.112,0.29,0.37399999999999994,0.49000000000000005,0.5740000000000001,-0.8400000000000003,1.0,3.0,-2.0,15.23892566958021,6.765733104180899,2200,1000,1,0,0,0,-1200,0.6798437881283576,0.5410610062328545,0.743875030502686,0.6328488049862836,0,0,0.13878278189550308,-0.3333333333333333,-0.3333333333333333,0.0,-0.4,0.0,0.22222222222222238,0.22222222222222232,-0.4,-8.0,4.200000000000001,0.5333333333333323,0.038720111403093546,0
2024-11-22 01:15:00+00:00,Cleveland Browns,Pittsburgh Steelers,24,19,12,5,43,1,17.0,25.2,0.2,-8.2,23.0,16.6,0,0.8,-6.4,3,-3.0,18.0,11.0,7.0,1,0.23976608187134507,0.05555555555555558,-17.0,-14.833333333333332,-2.166666666666668,25.4,17.8,7.599999999999998,0.6666666666666666,0,1,0,0.3333333333333333,3,86.56,74.64,-11.920000000000002,-7.666666666666668,-8.666666666666668,1.0,3.96,5.12,0.07300000000000001,0.131,0.296,0.412,0.49600000000000005,0.612,-1.1600000000000001,1.0,2.0,-1.0,-14.305454008301288,6.566124093891069,0,1000,0,0,0,0,1000,0.7360900958660324,0.6733216413657005,0.7888720766928259,0.7386573130925604,0,0,0.06276845450033186,-0.3333333333333333,1.0,-1.3333333333333333,-0.6125,0.325,0.22222222222222224,0.22222222222222207,-0.9375,-13.375,10.375,2.7333333333333343,0.08031693733579529,0
2024-11-24 18:00:00+00:00,Washington Commanders,Dallas Cowboys,26,34,12,-8,60,0,22.2,21.8,0.6,0.4,29.6,17.6,1,1.0,-12.0,3,-4.400000000000002,14.0,21.0,-7.0,1,0.11111111111111116,-0.0794117647058824,-18.166666666666664,-9.333333333333332,-8.833333333333332,19.6,34.4,-14.799999999999997,0.6666666666666666,0,1,0,0.3333333333333333,3,196.64000000000004,159.04000000000002,-37.60000000000002,-5.833333333333332,-10.0,4.166666666666668,4.9,3.7,0.12000000000000001,0.060000000000000005,0.38999999999999996,0.26999999999999996,0.5900000000000001,0.47000000000000003,1.2000000000000002,3.0,1.0,2.0,-17.65428581749262,0.8038608550481947,1000,1000,1,0,0,0,0,0.5670324059470502,0.6550022645001854,0.6536259247576401,0.7240018116001483,1,1,-0.08796985855313522,0.3333333333333333,-1.0,1.3333333333333333,0.6625,-0.5125,0.22222222222222243,0.22222222222222232,1.1749999999999998,24.375,28.775000000000002,-5.400000000000002,0.056013892258689635,0
2024-11-24 18:00:00+00:00,Carolina Panthers,Kansas City Chiefs,27,30,12,-3,57,0,23.4,16.6,0.6,6.8,22.8,17.0,1,0.8,-5.8,3,3.599999999999998,14.0,6.0,8.0,0,0.09210526315789469,0.022727272727272707,23.666666666666668,-11.166666666666668,34.833333333333336,29.0,21.2,7.800000000000001,0.6666666666666666,0,1,0,0.5,0,174.95999999999998,43.75999999999999,-131.2,7.833333333333334,-9.833333333333332,17.666666666666664,3.98,4.74,0.07400000000000001,0.112,0.298,0.37399999999999994,0.49800000000000005,0.5740000000000001,-0.7600000000000002,1.0,3.0,-2.0,-19.380735919949856,-3.109192049579085,500,1000,0,0,0,0,500,0.5737151773755016,0.7576966003127484,0.6589721419004013,0.8061572802501987,0,0,-0.18398142293724684,1.0,1.0,0.0,-0.275,0.1375,0.22222222222222218,0.22222222222222207,-0.41250000000000003,-12.5,16.099999999999998,20.0,0.05040128221831435,0
2024-11-24 18:00:00+00:00,Houston Texans,Tennessee Titans,27,32,12,-5,59,0,10.6,24.0,0.0,-13.4,26.4,25.8,1,0.4,-0.6,3,-12.799999999999999,13.0,13.0,0.0,1,0.13421052631578945,-0.2941176470588235,12.833333333333334,9.666666666666668,3.166666666666666,20.2,30.6,-10.400000000000002,0.6666666666666666,0,1,0,1.0,2,124.55999999999999,196.16,71.60000000000001,9.166666666666668,0.3333333333333339,8.833333333333334,4.6,3.7800000000000002,0.10500000000000001,0.064,0.36,0.27799999999999997,0.56,0.47800000000000004,0.8199999999999994,3.0,1.0,2.0,25.942550296844235,1.2099934279602842,1000,1200,1,0,0,0,200,0.6039748271889778,0.7,0.6831798617511822,0.76,0,0,-0.09602517281102219,-0.3333333333333333,1.0,-1.3333333333333333,0.3375,-0.5,0.2222222222222224,0.22222222222222238,0.8375,18.0,30.799999999999997,-8.0,0.05210581739728542,0
2024-11-24 18:00:00+00:00,Miami Dolphins,New England Patriots,34,15,12,19,49,1,22.4,19.8,0.8,2.6,17.8,29.8,0,0.2,12.0,3,7.599999999999998,7.0,14.0,-7.0,1,0.29824561403508765,0.11111111111111116,14.833333333333334,10.333333333333332,4.500000000000002,21.6,21.0,0.6000000000000014,0.6666666666666666,0,1,0,0.75,4,60.24000000000001,111.75999999999999,51.51999999999998,7.166666666666668,1.1666666666666679,6.0,4.72,4.28,0.111,0.08900000000000001,0.372,0.32799999999999996,0.5720000000000001,0.528,0.4399999999999995,3.0,3.0,0.0,-15.514556184725757,-3.982279044842022,3000,1000,1,1,0,0,-2000,0.5091859440684283,0.7702753006313862,0.6073487552547426,0.8162202405051089,0,0,-0.26108935656295784,-1.0,-0.3333333333333333,-0.6666666666666667,-0.3125,-0.4125,0.22222222222222224,0.22222222222222224,0.09999999999999998,6.25,1.3499999999999979,1.7333333333333325,0.09024951184464904,0
2024-11-24 18:00:00+00:00,Indianapolis Colts,Detroit Lions,6,24,12,-18,30,0,18.0,27.4,0.4,-9.4,23.0,19.0,1,0.8,-4.0,3,-2.0,14.0,13.0,1.0,0,0.0,-0.05263157894736836,-2.833333333333333,7.833333333333332,-10.666666666666664,22.2,17.2,5.0,0.6666666666666666,0,1,0,0.5,0,34.160000000000004,342.55999999999995,308.3999999999999,7.666666666666668,3.3333333333333357,4.333333333333332,4.24,6.0,0.087,0.175,0.32399999999999995,0.5,0.524,0.7000000000000001,-1.7599999999999998,1.0,2.0,-1.0,-3.9484053842405937,9.790306170988728,1000,0,1,1,0,0,-1000,0.677170710746376,0.3903125800871401,0.7417365685971009,0.5122500640697121,0,0,0.28685813065923593,0.3333333333333333,1.0,-0.6666666666666667,0.025,1.475,0.22222222222222232,0.22222222222222235,-1.4500000000000002,-18.0,16.0,-6.933333333333334,0.049339854756861874,0
2024-11-24 18:00:00+00:00,Chicago Bears,Minnesota Vikings,27,30,12,-3,57,0,28.0,16.2,0.8,11.8,23.6,21.2,1,0.6,-2.4,3,7.399999999999999,7.0,7.0,0.0,1,0.39628482972136214,0.2198142414860681,-7.166666666666667,8.833333333333334,-16.0,20.4,18.8,1.5999999999999979,0.6666666666666666,0,1,0,0.3333333333333333,3,187.76000000000002,53.75999999999999,-134.00000000000003,-8.666666666666668,-5.833333333333332,-2.8333333333333357,3.92,4.4,0.07100000000000001,0.095,0.292,0.33999999999999997,0.49200000000000005,0.54,-0.4800000000000004,1.0,2.0,-1.0,4.2496835360819665,0.42448774205374007,1200,1000,0,1,0,0,-200,0.45574735875698313,0.6717113503332776,0.5645978870055866,0.7373690802666221,1,1,-0.21596399157629442,-1.0,0.0,-1.0,-0.2375,0.2125,0.22222222222222227,0.2222222222222222,-0.44999999999999996,-2.0,9.399999999999999,-24.0,0.0752131399893547,0
2024-11-24 18:00:00+00:00,New York Giants,Tampa Bay Buccaneers,7,30,12,-23,37,0,20.6,25.2,0.4,-4.6,13.6,21.8,1,0.2,8.2,3,10.000000000000002,21.0,19.0,2.0,0,0.16176470588235292,-0.0,10.333333333333334,-7.5,17.833333333333336,23.6,30.4,-6.799999999999997,0.6666666666666666,0,1,0,0.5,0,60.56,149.2,88.63999999999999,10.166666666666666,-14.0,24.166666666666664,3.64,5.34,0.05700000000000001,0.14200000000000002,0.264,0.43399999999999994,0.4640000000000001,0.634,-1.6999999999999997,1.0,3.0,-2.0,-8.053818071320311,3.591102125263826,1000,500,1,0,0,0,-500,0.6110912703473989,0.41596768068881673,0.6888730162779191,0.5327741445510534,0,1,0.19512358965858212,-1.0,-1.0,0.0,-0.55,0.575,0.2222222222222222,0.22222222222222246,-1.125,-1.125,11.125000000000002,5.533333333333334,0.04738548149285024,0
2024-11-24 21:05:00+00:00,Las Vegas Raiders,Denver Broncos,19,29,12,-10,48,0,19.8,27.0,0.2,-7.2,18.6,16.6,1,0.6,-2.0,3,4.199999999999999,28.0,14.0,14.0,1,0.20915032679738554,-0.2777777777777778,-5.666666666666666,13.0,-18.666666666666664,30.8,17.4,13.400000000000002,0.6666666666666666,0,1,0,0.6666666666666666,3,31.04,490.96000000000004,459.92,5.5,2.333333333333332,3.166666666666668,4.12,4.76,0.081,0.11300000000000002,0.31199999999999994,0.376,0.512,0.5760000000000001,-0.6399999999999997,1.0,2.0,-1.0,-4.076267033099379,0.15507119289920365,3000,1000,1,1,1,0,-2000,0.8333463546753327,0.4583373397584064,0.8666770837402662,0.5666698718067251,0,0,0.3750090149169263,-1.0,-1.0,0.0,-0.3125,0.0875,0.22222222222222238,0.2222222222222222,-0.4,-13.875,18.075,6.733333333333334,0.07814317810057468,0
2024-11-24 21:25:00+00:00,Green Bay Packers,San Francisco 49ers,38,10,12,28,48,1,23.4,20.0,0.6,3.4,24.8,23.6,0,0.6,-1.2,3,1.5999999999999979,21.0,14.0,7.0,0,0.032163742690058506,-0.10287081339712911,-13.166666666666666,-2.6666666666666665,-10.5,21.0,23.2,-2.1999999999999993,0.6666666666666666,0,1,0,0.0,1,99.44000000000001,57.040000000000006,-42.400000000000006,-12.333333333333332,-8.0,-4.333333333333332,4.74,4.78,0.112,0.114,0.37399999999999994,0.378,0.5740000000000001,0.5780000000000001,-0.040000000000000036,3.0,1.0,2.0,-3.7042909404787188,-3.9240576739246937,1000,2500,1,0,0,0,1500,0.6979885142912607,0.6974715922429763,0.7583908114330087,0.7579772737943811,1,0,0.0005169220482844628,1.0,0.3333333333333333,0.6666666666666667,0.3625,0.3125,0.22222222222222224,0.22222222222222238,0.04999999999999999,4.875,3.275000000000002,-9.4,0.062419956191544265,0
2024-11-24 21:25:00+00:00,Seattle Seahawks,Arizona Cardinals,16,6,12,10,22,1,19.6,25.0,0.2,-5.4,21.0,31.2,0,0.4,10.2,3,1.6000000000000014,21.0,28.0,-7.0,1,0.16099071207430338,-0.13398692810457513,2.833333333333333,28.5,-25.666666666666668,24.8,18.2,6.600000000000001,0.6666666666666666,0,1,0,1.0,2,195.76000000000005,265.04,69.27999999999997,-2.666666666666668,10.666666666666668,-13.333333333333336,4.46,4.66,0.09800000000000002,0.10800000000000001,0.346,0.366,0.546,0.5660000000000001,-0.20000000000000018,0.0,0.0,0.0,7.780830838281641,-6.426404240790135,500,2500,0,0,0,0,2000,0.6674553601394243,0.6399327319791481,0.7339642881115394,0.7119461855833185,0,0,0.027522628160276175,0.0,1.0,-1.0,0.0625,-0.0875,0.22222222222222224,0.2222222222222222,0.15,1.75,0.14999999999999858,-35.333333333333336,0.04360125040959609,0
2024-11-25 01:20:00+00:00,Los Angeles Rams,Philadelphia Eagles,20,37,12,-17,57,0,22.2,21.2,0.6,1.0,26.0,14.2,1,0.8,-11.8,3,-0.8000000000000007,13.0,14.0,-1.0,0,0.16249999999999998,-0.007936507936507908,-8.0,1.3333333333333321,-9.333333333333332,20.0,13.4,6.6,0.6666666666666666,0,1,0,0.0,1,37.760000000000005,83.75999999999999,45.999999999999986,-3.833333333333332,-1.0,-2.833333333333332,4.68,5.36,0.10900000000000001,0.14300000000000002,0.368,0.436,0.5680000000000001,0.6360000000000001,-0.6800000000000006,2.0,3.0,-1.0,-4.21364939054626,-2.9538379802469064,3000,500,1,0,1,1,-2500,0.7420786214754581,0.6258342613226059,0.7936628971803665,0.7006674090580847,0,0,0.11624436015285222,1.0,1.0,0.0,0.0875,0.35,0.2222222222222224,0.22222222222222257,-0.26249999999999996,-5.125,4.324999999999999,-6.7333333333333325,0.07153857882816682,0
2024-11-26 01:15:00+00:00,Los Angeles Chargers,Baltimore Ravens,23,30,12,-7,53,0,23.8,15.8,0.8,8.0,30.0,28.2,1,0.6,-1.8,3,-3.1999999999999993,7.0,8.0,-1.0,0,-0.1111111111111111,-0.12368421052631573,-2.5,-12.5,10.0,15.8,24.4,-8.599999999999998,0.6666666666666666,0,1,0,0.0,1,53.2,169.2,115.99999999999999,7.833333333333332,-9.833333333333336,17.666666666666668,4.88,5.4399999999999995,0.11900000000000001,0.147,0.388,0.44399999999999995,0.5880000000000001,0.644,-0.5599999999999996,3.0,2.0,1.0,6.7745995134810295,12.481378186400038,500,500,0,0,0,1,0,0.5869322089535424,0.5746784304787729,0.669545767162834,0.6597427443830184,0,1,0.012253778474769494,0.0,-0.3333333333333333,0.3333333333333333,-0.05,1.0875,0.22222222222222224,0.22222222222222218,-1.1375,-0.75,2.4499999999999993,8.133333333333335,0.05758826152062364,0
2024-11-28 17:30:00+00:00,Detroit Lions,Chicago Bears,23,20,13,3,43,1,37.6,17.8,0.8,19.8,17.4,21.6,0,0.2,4.2,3,23.200000000000003,10.0,24.0,-14.0,1,0.03947368421052633,-0.3647058823529411,15.0,11.0,4.0,12.6,23.2,-10.6,0.7222222222222222,0,0,1,0.6666666666666666,3,269.6,61.04,-208.56000000000003,4.0,14.0,-10.0,5.86,3.76,0.168,0.063,0.486,0.27599999999999997,0.686,0.47600000000000003,2.1000000000000005,2.0,1.0,1.0,-9.908244554501012,10.244349166647972,0,0,1,0,0,0,0,0.42188344600764105,0.4482980877321523,0.5375067568061129,0.5586384701857219,0,0,-0.026414641724511245,1.0,-1.0,2.0,1.525,-0.1,0.22222222222222243,0.22222222222222227,1.625,23.0,0.20000000000000284,14.399999999999999,0.06835124512318834,0
2024-11-28 21:30:00+00:00,Dallas Cowboys,New York Giants,27,20,13,7,47,1,13.8,37.4,0.0,-23.6,20.6,20.4,0,0.4,-0.2,3,-3.8000000000000007,9.0,18.0,-9.0,1,0.053221288515406195,-0.1388888888888889,5.333333333333334,-0.3333333333333339,5.666666666666668,30.2,26.2,4.0,0.7222222222222222,0,0,1,1.0,3,173.76,86.55999999999999,-87.2,5.0,-2.333333333333334,7.333333333333334,4.2,3.64,0.085,0.05700000000000001,0.31999999999999995,0.264,0.52,0.4640000000000001,0.56,1.0,1.0,0.0,24.71756405254922,-0.5674744999791214,1000,500,0,0,0,0,-500,0.5677095883552354,0.5932214976181756,0.6541676706841884,0.6745771980945404,0,0,-0.025511909262940113,-1.0,-1.0,0.0,-0.4,-0.725,0.22222222222222224,0.2222222222222224,0.32499999999999996,1.0,4.800000000000001,-3.7333333333333316,0.06702592303440909,0
2024-11-29 01:20:00+00:00,Green Bay Packers,Miami Dolphins,30,17,13,13,47,1,27.8,20.0,0.6,7.8,15.6,19.0,0,0.4,3.4,3,15.200000000000001,4.0,17.0,-13.0,0,0.05263157894736836,-0.3157894736842105,16.166666666666668,15.666666666666666,0.5000000000000018,20.4,21.4,-1.0,0.7222222222222222,0,0,1,0.5,0,156.56,74.24000000000001,-82.32,6.333333333333332,8.333333333333332,-2.0,4.82,5.2,0.116,0.135,0.38199999999999995,0.42,0.5820000000000001,0.6200000000000001,-0.3799999999999999,3.0,3.0,0.0,28.37911019091285,-2.2059249243857013,0,2500,0,0,0,0,2500,0.6386332368631559,0.5571752604020412,0.7109065894905247,0.645740208321633,0,0,0.08145797646111463,1.0,-1.0,2.0,0.4625,0.075,0.22222222222222227,0.22222222222222215,0.3875,6.75,8.450000000000001,-18.266666666666666,0.044499156134276546,0
2024-11-29 20:00:00+00:00,Kansas City Chiefs,Las Vegas Raiders,19,17,13,2,36,1,25.0,19.2,1.0,5.8,20.4,30.4,0,0.2,10.0,3,7.600000000000001,19.0,12.0,7.0,1,-0.03463203463203457,-0.18575851393188847,-8.0,-2.833333333333334,-5.166666666666666,23.0,30.2,-7.199999999999999,0.7222222222222222,0,0,1,0.75,4,32.56,20.96,-11.600000000000001,1.1666666666666679,-0.6666666666666679,1.8333333333333357,4.78,4.24,0.114,0.087,0.378,0.32399999999999995,0.5780000000000001,0.524,0.54,3.0,1.0,2.0,0.007973218178928682,-6.669328034201935,2000,3000,1,1,0,0,1000,0.7366828195882388,0.84387505004004,0.789346255670591,0.875100040032032,0,0,-0.10719223045180126,1.0,-1.0,2.0,0.2375,-0.35,0.22222222222222215,0.22222222222222238,0.5874999999999999,18.5,10.899999999999999,-4.533333333333333,0.14777376493064479,0
2024-12-01 18:00:00+00:00,Atlanta Falcons,Los Angeles Chargers,13,17,13,-4,30,0,24.0,26.2,0.6,-2.2,20.2,13.2,1,0.6,-7.0,3,6.800000000000001,28.0,28.0,0.0,0,0.17337461300309598,0.13157894736842107,-14.5,-15.0,0.5,27.8,18.4,9.400000000000002,0.7222222222222222,0,0,1,0.5,0,221.36000000000004,81.2,-140.16000000000003,-12.5,1.8333333333333321,-14.333333333333332,4.2,5.04,0.085,0.127,0.31999999999999995,0.40399999999999997,0.52,0.604,-0.8399999999999999,1.0,3.0,-2.0,28.479794201823797,-0.42581947085892763,1000,0,1,0,0,-1,-1000,0.4774237495828958,0.6487188625900902,0.5819389996663167,0.7189750900720722,1,0,-0.17129511300719436,0.3333333333333333,0.0,0.3333333333333333,0.2375,0.1125,0.22222222222222227,0.22222222222222232,0.12499999999999999,-4.625,11.425,-8.600000000000001,0.040717155702898605,0
2024-12-01 18:00:00+00:00,Cincinnati Bengals,Pittsburgh Steelers,38,44,13,-6,82,0,27.8,31.2,0.2,-3.4,23.2,19.4,1,0.6,-3.8,3,7.600000000000001,28.0,9.0,19.0,1,0.05263157894736842,0.020467836257309857,-5.333333333333333,-11.833333333333334,6.500000000000001,28.8,20.0,8.8,0.7222222222222222,0,0,1,0.0,2,156.95999999999998,84.24,-72.71999999999998,4.166666666666668,-11.833333333333332,16.0,5.1,4.86,0.13,0.11800000000000002,0.41,0.386,0.6100000000000001,0.5860000000000001,0.23999999999999932,3.0,2.0,1.0,7.589642729412989,-2.9794837203563573,2200,1000,1,1,0,0,-1200,0.5563380369019675,0.6679255542803693,0.645070429521574,0.7343404434242954,0,1,-0.11158751737840178,-0.3333333333333333,0.3333333333333333,-0.6666666666666666,0.6625,0.3125,0.2222222222222222,0.22222222222222238,0.35,-0.5,8.100000000000001,11.466666666666665,0.0602586625900883,0
2024-12-01 18:00:00+00:00,Minnesota Vikings,Arizona Cardinals,23,22,13,1,45,1,26.0,17.0,0.8,9.0,19.8,26.8,0,0.4,7.0,3,9.2,27.0,6.0,21.0,0,-0.2382352941176471,-0.14860681114551078,5.5,-0.16666666666666696,5.666666666666667,18.0,14.6,3.4000000000000004,0.7222222222222222,0,0,1,0.0,1,49.36,168.24,118.88000000000001,8.833333333333332,-6.166666666666668,15.0,4.42,4.52,0.096,0.101,0.34199999999999997,0.352,0.542,0.552,-0.09999999999999964,2.0,0.0,2.0,9.791545339727728,7.912372580968124,1000,500,1,0,0,0,-500,0.7042620458919755,0.5773964623905758,0.7634096367135804,0.6619171699124606,0,0,0.12686558350139965,1.0,1.0,0.0,0.1625,-0.175,0.22222222222222238,0.22222222222222224,0.3375,7.0,2.1999999999999993,-15.466666666666665,0.05885352629100356,0
2024-12-01 18:00:00+00:00,New England Patriots,Indianapolis Colts,24,25,13,-1,49,0,19.6,25.8,0.2,-6.2,23.0,25.0,1,0.4,2.0,3,-0.3999999999999986,14.0,14.0,0.0,0,-0.0935672514619883,0.026315789473684237,-17.833333333333332,-1.5,-16.333333333333332,21.4,25.0,-3.6000000000000014,0.7222222222222222,0,0,1,0.0,1,130.95999999999998,41.839999999999996,-89.11999999999998,-1.8333333333333321,-0.6666666666666679,-1.1666666666666643,4.26,4.04,0.08800000000000001,0.077,0.326,0.30399999999999994,0.526,0.504,0.21999999999999975,3.0,1.0,2.0,-21.48999518811152,-3.733645244923975,1000,1000,1,0,0,0,0,0.7814286443744286,0.5969355665653443,0.8251429154995429,0.6775484532522754,0,0,0.1844930778090843,-0.3333333333333333,0.0,-0.3333333333333333,-0.3875,-0.2375,0.2222222222222222,0.22222222222222238,-0.15000000000000002,0.75,1.1499999999999986,13.2,0.06427776757604392,0
2024-12-01 18:00:00+00:00,New York Jets,Seattle Seahawks,21,26,13,-5,47,0,20.2,15.4,0.4,4.8,24.2,21.8,1,0.6,-2.4,3,-1.0,14.0,13.0,1.0,0,0.12058823529411766,-0.17941176470588238,-7.333333333333333,8.833333333333334,-16.166666666666668,26.8,18.8,8.0,0.7222222222222222,0,0,1,0.0,1,162.64000000000001,195.76000000000002,33.120000000000005,-2.833333333333332,-3.333333333333332,0.5,4.12,4.3,0.081,0.09000000000000001,0.31199999999999994,0.32999999999999996,0.512,0.53,-0.17999999999999972,1.0,0.0,1.0,8.960639487668038,7.506459882797235,2500,500,0,0,0,-1,-2000,0.6745795988263796,0.6518463880698636,0.7396636790611038,0.7214771104558909,0,0,0.02273321075651602,-1.0,0.0,-1.0,-0.4875,-0.0375,0.22222222222222232,0.22222222222222224,-0.45,-0.125,0.875,-8.333333333333334,0.04182479951162336,0
2024-12-01 18:00:00+00:00,Washington Commanders,Tennessee Titans,42,19,13,23,61,1,29.0,19.4,0.6,9.6,20.8,30.4,0,0.4,9.6,3,11.2,7.0,7.0,0.0,0,0.08479532163742692,-0.25163398692810457,-10.333333333333334,12.5,-22.833333333333336,25.0,29.2,-4.199999999999999,0.7222222222222222,0,0,1,0.5,0,29.360000000000003,235.6,206.23999999999998,-2.0,5.5,-7.5,4.62,4.22,0.106,0.08600000000000001,0.362,0.32199999999999995,0.562,0.522,0.40000000000000036,3.0,1.0,2.0,-11.26512138025832,-0.6140360641255507,500,1200,0,1,0,0,700,0.6482743434152123,0.6194165663090417,0.7186194747321699,0.6955332530472333,0,0,0.028857777106170546,0.3333333333333333,1.0,-0.6666666666666667,0.4625,-0.275,0.2222222222222223,0.22222222222222238,0.7375,15.0,3.8000000000000007,-20.266666666666666,0.054241195402956445,0
2024-12-01 18:00:00+00:00,Jacksonville Jaguars,Houston Texans,20,23,13,-3,43,0,23.2,22.0,0.4,1.2,23.4,22.0,1,0.4,-1.4,3,2.8000000000000007,21.0,12.0,9.0,1,0.10526315789473684,-0.09999999999999998,-28.166666666666668,12.166666666666666,-40.333333333333336,27.6,21.8,5.800000000000001,0.7222222222222222,0,0,1,0.5,4,412.24000000000007,131.76000000000002,-280.48,-20.833333333333332,10.833333333333332,-31.666666666666664,4.2,4.7,0.085,0.11,0.31999999999999995,0.37,0.52,0.5700000000000001,-0.5,1.0,3.0,-2.0,46.476274540075835,-1.7538257825389267,1000,0,1,0,0,0,-1000,0.48038475772933675,0.6041228094471721,0.5843078061834694,0.6832982475577376,1,0,-0.12373805171783536,-1.0,-0.3333333333333333,-0.6666666666666667,-0.1,0.375,0.22222222222222224,0.2222222222222222,-0.475,-8.875,11.675,-19.400000000000002,0.05718461540648101,0
2024-12-01 21:05:00+00:00,Carolina Panthers,Tampa Bay Buccaneers,23,26,13,-3,49,0,20.8,26.0,0.4,-5.2,20.4,26.6,1,0.4,6.2,3,3.400000000000002,7.0,7.0,0.0,1,0.07739938080495351,0.026315789473684292,15.333333333333334,17.0,-1.666666666666666,27.4,26.4,1.0,0.7222222222222222,0,0,1,0.0,3,176.15999999999997,139.76000000000002,-36.39999999999995,8.833333333333334,-2.0,10.833333333333334,4.12,4.92,0.081,0.121,0.31199999999999994,0.39199999999999996,0.512,0.5920000000000001,-0.7999999999999998,1.0,3.0,-2.0,-7.263096401665674,8.35987025378452,0,1000,0,1,0,0,1000,0.6688679455262598,0.5670324059470502,0.735094356421008,0.6536259247576401,0,1,0.10183553957920966,0.3333333333333333,-1.0,1.3333333333333333,-0.3875,0.8625,0.2222222222222222,0.22222222222222235,-1.25,-13.75,17.150000000000002,19.866666666666664,0.059222217664454416,0
2024-12-01 21:05:00+00:00,New Orleans Saints,Los Angeles Rams,14,21,13,-7,35,0,22.8,28.2,0.4,-5.4,31.0,23.2,1,0.6,-7.8,3,-5.199999999999999,14.0,14.0,0.0,0,0.05555555555555558,-0.12941176470588234,26.0,-8.166666666666666,34.166666666666664,22.6,24.4,-1.7999999999999972,0.7222222222222222,0,0,1,0.0,1,247.84,104.64000000000001,-143.2,14.166666666666666,0.33333333333333215,13.833333333333334,4.2,4.68,0.085,0.10900000000000001,0.31999999999999995,0.368,0.52,0.5680000000000001,-0.47999999999999954,0.0,2.0,-2.0,30.531310490257386,-1.7201975896679462,1000,2500,0,0,0,0,1500,0.5717495621718525,0.751253140723345,0.657399649737482,0.801002512578676,0,0,-0.17950357855149257,0.0,1.0,-1.0,-0.2125,0.0,0.2222222222222222,0.22222222222222238,-0.2125,-3.0,2.1999999999999993,32.0,0.044633663975001056,0
2024-12-01 21:25:00+00:00,Baltimore Ravens,Philadelphia Eagles,19,24,13,-5,43,0,32.8,20.6,0.8,12.2,30.4,15.8,1,0.8,-14.6,3,5.399999999999999,23.0,6.0,17.0,0,0.09999999999999998,0.012531328320801949,-6.5,-5.166666666666668,-1.3333333333333321,22.8,16.8,6.0,0.7222222222222222,0,0,1,0.5,2,167.04000000000002,69.03999999999999,-98.00000000000003,-10.333333333333336,-1.5,-8.833333333333336,5.22,5.54,0.136,0.152,0.422,0.45399999999999996,0.622,0.654,-0.3200000000000003,2.0,3.0,-1.0,0.7502136729377642,-0.6907817636107867,3000,3000,1,1,1,0,0,0.5744488867362699,0.6422727994686454,0.659559109389016,0.7138182395749163,1,0,-0.06782391273237542,0.0,1.0,-1.0,1.025,0.625,0.22222222222222238,0.22222222222222215,0.3999999999999999,-1.75,7.149999999999999,-17.46666666666667,0.06273363829367938,0
2024-12-02 01:20:00+00:00,Buffalo Bills,San Francisco 49ers,35,10,13,25,45,1,35.0,19.2,1.0,15.8,22.0,26.4,0,0.4,4.4,3,16.0,14.0,7.0,7.0,0,0.13903743315508021,-0.13181818181818172,-6.5,-15.166666666666666,8.666666666666666,17.6,26.0,-8.399999999999999,0.7222222222222222,0,0,1,0.5,0,61.84000000000001,146.64000000000001,84.80000000000001,-1.6666666666666679,-10.166666666666668,8.5,5.4,4.26,0.14500000000000002,0.08800000000000001,0.43999999999999995,0.326,0.64,0.526,1.1400000000000006,3.0,1.0,2.0,5.6350061673480285,-0.4082958412103518,500,3000,0,1,0,-1,2500,0.6300337853262814,0.6063492188500066,0.7040270282610251,0.6850793750800053,0,1,0.023684566476274815,1.0,0.3333333333333333,0.6666666666666667,0.4,0.1375,0.2222222222222224,0.2222222222222221,0.2625,8.75,7.25,17.466666666666665,0.0472746154762181,0
2024-12-03 01:15:00+00:00,Denver Broncos,Cleveland Browns,41,32,13,9,73,1,24.4,14.8,0.6,9.6,15.4,24.4,0,0.2,9.0,3,11.999999999999998,15.0,15.0,0.0,0,0.24561403508771928,-0.26315789473684215,27.333333333333332,-1.666666666666667,29.0,19.2,25.2,-6.0,0.7222222222222222,0,0,1,1.0,1,435.84,116.8,-319.03999999999996,16.166666666666668,1.3333333333333321,14.833333333333336,4.68,4.12,0.10900000000000001,0.081,0.368,0.31199999999999994,0.5680000000000001,0.512,0.5599999999999996,2.0,1.0,1.0,-6.457861401327383,-3.812614079768098,1200,0,1,0,0,0,-1200,0.5109000613371537,0.7052543469362101,0.608720049069723,0.7642034775489681,0,0,-0.19435428559905643,-1.0,0.3333333333333333,-1.3333333333333333,0.325,-0.5,0.22222222222222224,0.22222222222222238,0.825,17.875,5.875000000000002,15.133333333333333,0.03912095363528175,0
2024-12-06 01:15:00+00:00,Detroit Lions,Green Bay Packers,34,31,14,3,65,1,37.0,17.8,0.8,19.2,26.6,22.6,0,0.8,-4.0,3,13.399999999999999,7.0,18.0,-11.0,1,0.050000000000000044,-0.07105263157894737,-9.166666666666668,22.5,-31.666666666666668,13.8,19.4,-5.599999999999998,0.7777777777777778,0,0,1,0.75,4,255.6,163.6,-92.0,-10.5,12.666666666666668,-23.166666666666668,5.28,4.9399999999999995,0.139,0.122,0.428,0.39399999999999996,0.6280000000000001,0.5940000000000001,0.34000000000000075,2.0,3.0,-1.0,-15.73087084401608,-2.4939331364101807,0,0,0,0,0,0,0,0.386384943551741,0.6362091947286188,0.5091079548413928,0.708967355782895,1,0,-0.2498242511768778,1.0,1.0,0.0,1.2875,0.475,0.2222222222222222,0.2222222222222222,0.8125000000000001,14.875,1.4750000000000014,-5.666666666666668,0.05912094533310283,0
2024-12-08 18:00:00+00:00,Pittsburgh Steelers,Cleveland Browns,27,14,14,13,41,1,23.4,24.8,0.4,-1.4,16.8,26.6,0,0.2,9.8,3,9.599999999999998,21.0,5.0,16.0,1,-0.03888888888888886,-0.2789473684210526,-3.1666666666666665,9.0,-12.166666666666666,24.6,29.2,-4.599999999999998,0.7777777777777778,0,0,1,0.5,4,20.24,117.43999999999998,97.19999999999999,7.5,10.333333333333332,-2.833333333333332,5.0,4.48,0.125,0.099,0.39999999999999997,0.348,0.6000000000000001,0.548,0.5199999999999996,2.0,1.0,1.0,21.943563847778396,-0.002378754474124589,0,0,1,1,0,0,0,0.5465841450720983,0.6167572570811027,0.6372673160576787,0.6934058056648822,0,0,-0.07017311200900445,0.5,1.0,-0.5,0.5625,-0.3,0.22222222222222232,0.22222222222222227,0.8625,17.875,8.275000000000002,-8.866666666666667,0.11985118972823434,0
2024-12-08 18:00:00+00:00,Tampa Bay Buccaneers,Las Vegas Raiders,28,13,14,15,41,1,16.2,22.8,0.2,-6.6,15.0,37.2,0,0.0,22.2,3,4.199999999999999,28.0,8.0,20.0,0,-0.050000000000000044,-0.19883040935672514,17.666666666666668,7.0,10.666666666666668,22.8,30.0,-7.199999999999999,0.7777777777777778,0,0,1,0.5,0,115.84000000000003,29.360000000000003,-86.48000000000003,4.666666666666668,-3.0,7.666666666666668,4.82,4.28,0.116,0.08900000000000001,0.38199999999999995,0.32799999999999996,0.5820000000000001,0.528,0.54,3.0,1.0,2.0,0.4756040859764166,-0.9021090584860221,1000,3000,1,1,0,-1,2000,0.5635727437475977,0.8450050404045344,0.6508581949980782,0.8760040323236276,0,0,-0.2814322966569367,-0.5,-1.0,0.5,0.775,-0.3875,0.2222222222222225,0.22222222222222215,1.1625,16.875,12.675,4.466666666666667,0.06020325382420594,0
2024-12-08 18:00:00+00:00,Philadelphia Eagles,Carolina Panthers,22,16,14,6,38,1,26.0,18.0,0.8,8.0,22.8,25.0,0,0.6,2.2,3,6.199999999999999,23.0,41.0,-18.0,0,-0.030952380952380953,-0.0643274853801169,-2.666666666666666,0.3333333333333335,-2.9999999999999996,17.2,24.6,-7.400000000000002,0.7777777777777778,0,0,1,0.5,0,78.64000000000001,34.56,-44.08000000000001,1.1666666666666679,6.0,-4.833333333333332,5.28,4.4399999999999995,0.139,0.097,0.428,0.344,0.6280000000000001,0.544,0.8400000000000007,3.0,1.0,2.0,-9.028416631144601,-3.6232158553516456,3000,0,1,0,0,0,-3000,0.7097953308439025,0.6740398797398676,0.767836264675122,0.739231903791894,0,0,0.035755451104034885,1.0,0.0,1.0,0.725,-0.4,0.22222222222222238,0.22222222222222238,1.125,28.625,22.425,-23.4,0.06167829875576773,0
2024-12-08 18:00:00+00:00,New York Giants,New Orleans Saints,11,14,14,-3,25,0,10.8,24.4,0.0,-13.6,22.2,24.0,1,0.2,1.8,3,-8.399999999999999,14.0,35.0,-21.0,0,0.15079365079365076,-0.029239766081871343,-9.666666666666668,12.333333333333332,-22.0,26.0,20.2,5.800000000000001,0.7777777777777778,0,0,1,0.0,1,50.56,164.64,114.07999999999998,-5.5,7.833333333333332,-13.333333333333332,3.98,4.28,0.07400000000000001,0.08900000000000001,0.298,0.32799999999999996,0.49800000000000005,0.528,-0.30000000000000027,1.0,0.0,1.0,-3.249623790126242,-2.349456367470049,1000,0,1,0,0,0,-1000,0.5839640189839346,0.5699291482790307,0.6671712151871476,0.6559433186232246,0,0,0.014034870704903835,-1.0,-0.3333333333333333,-0.6666666666666667,-0.6625,-0.3375,0.22222222222222232,0.2222222222222224,-0.32499999999999996,1.75,10.149999999999999,-24.666666666666668,0.05867890818316007,0
2024-12-08 18:00:00+00:00,Minnesota Vikings,Atlanta Falcons,42,21,14,21,63,1,25.8,21.6,0.8,4.2,15.4,34.6,0,0.2,19.2,3,13.4,7.0,20.0,-13.0,0,-0.2055555555555556,-0.1470588235294118,-5.666666666666667,-20.666666666666668,15.0,16.4,24.4,-8.0,0.7777777777777778,0,0,1,1.0,1,10.64,190.63999999999996,179.99999999999994,7.833333333333332,-15.5,23.333333333333332,4.48,4.18,0.099,0.084,0.348,0.318,0.548,0.518,0.3000000000000007,2.0,1.0,1.0,5.892965778843096,-4.17527895228381,0,1000,1,1,0,0,1000,0.7390671781856487,0.44674260059173176,0.791253742548519,0.5573940804733855,0,1,0.29232457759391695,1.0,0.0,1.0,0.0625,0.075,0.22222222222222238,0.2222222222222223,-0.012499999999999997,8.625,4.775,19.266666666666666,0.09065147185900856,0
2024-12-08 18:00:00+00:00,Miami Dolphins,New York Jets,32,26,14,6,58,1,23.4,27.4,0.2,-4.0,18.6,29.6,0,0.0,11.0,3,7.799999999999997,14.0,27.0,-13.0,1,0.3342105263157895,-0.09444444444444444,-3.666666666666667,3.666666666666667,-7.333333333333334,21.8,24.6,-2.8000000000000007,0.7777777777777778,0,0,1,1.0,3,138.56,117.75999999999999,-20.80000000000001,-2.5,7.666666666666668,-10.166666666666668,5.0,4.24,0.125,0.087,0.39999999999999997,0.32399999999999995,0.6000000000000001,0.524,0.7599999999999998,3.0,1.0,2.0,22.26177962869392,1.7009314399671587,500,2500,0,0,0,0,2000,0.588495519465462,0.7095934961127764,0.6707964155723696,0.7676747968902211,0,0,-0.12109797664731448,-1.0,-1.0,0.0,0.1375,-0.3375,0.2222222222222222,0.2222222222222222,0.47500000000000003,13.125,5.325000000000003,11.533333333333335,0.06507094356670527,0
2024-12-08 18:00:00+00:00,Tennessee Titans,Jacksonville Jaguars,6,10,14,-4,16,0,23.6,15.8,0.8,7.8,18.2,30.0,1,0.0,11.8,3,8.400000000000002,21.0,21.0,0.0,1,0.2662538699690402,-0.07631578947368423,-3.333333333333333,-20.166666666666668,16.833333333333336,27.2,29.0,-1.8000000000000007,0.7777777777777778,0,0,1,0.3333333333333333,3,103.6,283.0400000000001,179.44000000000008,8.833333333333332,-6.0,14.833333333333332,4.32,3.96,0.091,0.07300000000000001,0.33199999999999996,0.296,0.532,0.49600000000000005,0.3600000000000003,1.0,1.0,0.0,21.25231239467472,4.981888987036511,1000,500,1,0,0,0,-500,0.6900100808090689,0.48038475772933675,0.7520080646472551,0.5843078061834694,0,1,0.20962532307973214,1.0,-1.0,2.0,-0.425,-0.1,0.22222222222222224,0.22222222222222227,-0.32499999999999996,-1.75,10.150000000000002,21.466666666666665,0.05822518182789854,0
2024-12-08 21:05:00+00:00,Arizona Cardinals,Seattle Seahawks,18,30,14,-12,48,0,20.8,18.4,0.6,2.4,26.4,22.8,1,0.8,-3.6,3,-2.599999999999998,27.0,7.0,20.0,1,0.16176470588235292,-0.15000000000000002,-20.833333333333336,15.5,-36.333333333333336,16.2,20.2,-4.0,0.7777777777777778,0,0,1,0.0,3,176.4,118.96,-57.44000000000001,-15.333333333333332,4.333333333333332,-19.666666666666664,4.62,4.14,0.106,0.08199999999999999,0.362,0.31399999999999995,0.562,0.514,0.4800000000000004,0.0,0.0,0.0,-9.450195234182331,4.730096197313291,1000,3000,1,1,0,0,2000,0.5939904557772071,0.6685731604109287,0.6751923646217657,0.734858528328743,1,0,-0.07458270463372163,0.0,0.3333333333333333,-0.3333333333333333,-0.075,-0.075,0.22222222222222252,0.2222222222222222,0.0,6.375,8.974999999999998,-7.533333333333332,0.06160215966719286,0
2024-12-08 21:25:00+00:00,Los Angeles Rams,Buffalo Bills,44,42,14,2,86,1,20.8,23.8,0.4,-3.0,22.8,21.6,0,0.6,-1.2,3,1.0,13.0,28.0,-15.0,0,0.10084033613445376,-0.15089514066496157,-6.333333333333333,5.666666666666666,-12.0,23.2,17.6,5.599999999999998,0.7777777777777778,0,0,1,0.5,0,93.36000000000001,66.24000000000001,-27.120000000000005,-2.5,2.166666666666668,-4.666666666666668,4.5,5.42,0.1,0.14600000000000002,0.35,0.44199999999999995,0.55,0.642,-0.9199999999999999,2.0,3.0,-1.0,-11.570226841331325,4.360028765975772,3000,500,1,0,0,1,-2500,0.7615971109654919,0.7596389434621323,0.8092776887723935,0.8077111547697059,0,0,0.0019581675033595314,1.0,1.0,0.0,0.0375,0.7125,0.22222222222222224,0.22222222222222224,-0.675,-8.0,9.0,-8.0,0.05080300456461499,0
2024-12-08 21:25:00+00:00,San Francisco 49ers,Chicago Bears,38,13,14,25,51,1,23.6,21.8,0.4,1.8,14.6,22.0,0,0.0,7.4,3,12.000000000000002,21.0,10.0,11.0,0,0.15800865800865793,-0.37777777777777777,-28.5,9.333333333333334,-37.833333333333336,27.4,24.2,3.1999999999999993,0.7777777777777778,0,0,1,0.5,0,204.24000000000004,61.040000000000006,-143.20000000000005,-13.333333333333332,13.166666666666666,-26.5,4.1,3.86,0.08,0.068,0.31,0.286,0.51,0.48600000000000004,0.23999999999999977,1.0,1.0,0.0,19.107009288899235,-0.20541673232334945,3000,0,1,0,1,0,-3000,0.5739443258211434,0.4511375399974963,0.6591554606569148,0.5609100319979969,1,0,0.12280678582364712,0.3333333333333333,-1.0,1.3333333333333333,-0.1125,-0.15,0.2222222222222222,0.22222222222222224,0.03749999999999999,-2.625,14.625000000000002,-17.133333333333333,0.04471700928040267,0
2024-12-09 01:20:00+00:00,Kansas City Chiefs,Los Angeles Chargers,19,17,14,2,36,1,23.4,18.6,1.0,4.8,18.4,15.2,0,0.6,-3.2,3,8.0,9.0,7.0,2.0,1,-0.022774327122153215,0.15789473684210537,2.8333333333333335,-12.833333333333334,15.666666666666668,22.4,19.4,3.0,0.7777777777777778,0,0,1,1.0,3,26.160000000000004,62.15999999999999,35.999999999999986,2.166666666666668,-9.333333333333332,11.5,4.62,4.86,0.106,0.11800000000000002,0.362,0.386,0.562,0.5860000000000001,-0.2400000000000002,3.0,3.0,0.0,6.927156706983766,-0.5044798874978191,2000,2500,1,0,0,0,500,0.7525915573388814,0.7182643082603839,0.8020732458711051,0.7746114466083072,0,0,0.03432724907849749,1.0,0.3333333333333333,0.6666666666666667,0.2625,0.2,0.2222222222222222,0.2222222222222222,0.0625,0.5,7.5,-0.2666666666666675,0.11044023755329145,0
2024-12-10 01:15:00+00:00,Dallas Cowboys,Cincinnati Bengals,20,27,14,-7,47,0,15.4,32.6,0.2,-17.2,26.6,22.8,1,0.6,-3.8,3,-8.200000000000001,11.0,21.0,-10.0,0,0.07936507936507942,-0.028947368421052666,26.833333333333332,-5.166666666666667,32.0,28.2,34.8,-6.599999999999998,0.7777777777777778,0,0,1,0.5,0,227.84,143.44,-84.4,18.166666666666664,1.8333333333333321,16.333333333333332,4.26,5.4399999999999995,0.08800000000000001,0.147,0.326,0.44399999999999995,0.526,0.644,-1.1799999999999997,1.0,3.0,-2.0,-18.591192470160756,4.441572079504957,1000,2200,0,1,0,0,1200,0.5428091891780851,0.5366983299188314,0.634247351342468,0.629358663935065,0,0,0.006110859259253698,0.0,-1.0,1.0,-0.3125,0.7125,0.22222222222222238,0.22222222222222238,-1.025,-7.125,1.075000000000001,18.866666666666667,0.034798764157501286,0
2024-12-13 01:15:00+00:00,San Francisco 49ers,Los Angeles Rams,6,12,15,-6,18,0,25.2,21.8,0.4,3.4,20.6,24.2,1,0.6,3.6,3,7.599999999999998,4.0,11.0,-7.0,1,0.17184265010351962,-0.12698412698412698,9.333333333333334,10.833333333333332,-1.4999999999999982,25.2,27.6,-2.400000000000002,0.8333333333333334,0,0,1,0.3333333333333333,3,379.04,84.4,-294.64,7.333333333333332,11.5,-4.166666666666668,4.26,4.86,0.08800000000000001,0.11800000000000002,0.326,0.386,0.526,0.5860000000000001,-0.6000000000000005,1.0,2.0,-1.0,37.57281681327741,-3.4703655017729704,3000,500,1,0,0,0,-2500,0.48719521258084963,0.5816699867329622,0.5897561700646797,0.6653359893863697,0,0,-0.09447477415211258,0.0,1.0,-1.0,0.075,0.35,0.22222222222222224,0.22222222222222232,-0.27499999999999997,-0.875,8.474999999999998,-4.466666666666667,0.058807728247557714,0
2024-12-15 18:00:00+00:00,Houston Texans,Miami Dolphins,20,12,15,8,32,1,21.2,27.2,0.4,-6.0,29.6,25.0,0,0.6,-4.6,3,-5.400000000000002,21.0,16.0,5.0,0,0.07857142857142863,-0.35,-5.333333333333333,-17.5,12.166666666666668,21.8,21.0,0.8000000000000007,0.8333333333333334,0,0,1,0.0,1,131.76,122.0,-9.759999999999991,1.6666666666666679,-5.833333333333332,7.5,4.7,5.1,0.11,0.13,0.37,0.41,0.5700000000000001,0.6100000000000001,-0.39999999999999947,3.0,3.0,0.0,1.0476072411340849,-1.9448699360942974,1000,500,1,0,0,0,-500,0.6041228094471721,0.6007820144332172,0.6832982475577376,0.6806256115465737,0,0,0.0033407950139549003,-0.3333333333333333,1.0,-1.3333333333333333,0.375,0.35,0.22222222222222238,0.22222222222222227,0.025000000000000022,3.875,9.275000000000002,3.933333333333333,0.04894686603255751,0
2024-12-15 18:00:00+00:00,Jacksonville Jaguars,New York Jets,25,32,15,-7,57,0,18.4,22.4,0.4,-4.0,24.6,21.0,1,0.8,-3.6,3,-3.200000000000003,14.0,7.0,7.0,0,0.050000000000000044,-0.11111111111111105,19.166666666666668,0.5,18.666666666666668,24.2,26.0,-1.8000000000000007,0.8333333333333334,0,0,1,0.5,0,317.2,116.55999999999999,-200.64,3.0,5.5,-2.5,3.62,4.32,0.056,0.091,0.26199999999999996,0.33199999999999996,0.462,0.532,-0.7000000000000002,1.0,1.0,0.0,-22.87817765423785,-6.562696642473483,1000,500,1,0,0,0,-500,0.5535294662578504,0.6880004006412829,0.6428235730062803,0.7504003205130263,0,0,-0.1344709343834325,-0.5,-1.0,0.5,-0.4375,-0.225,0.22222222222222227,0.22222222222222227,-0.2125,2.5,5.700000000000003,-16.8,0.03448381916521706,0
2024-12-15 18:00:00+00:00,New York Giants,Baltimore Ravens,14,35,15,-21,49,0,22.6,26.6,0.4,-4.0,23.8,23.0,1,0.6,-0.8,3,1.8000000000000007,7.0,19.0,-12.0,0,0.1303258145363408,-0.06904761904761902,5.333333333333334,-9.0,14.333333333333334,23.6,21.8,1.8000000000000007,0.8333333333333334,0,0,1,0.5,0,56.959999999999994,167.04000000000002,110.08000000000003,0.16666666666666607,-6.166666666666668,6.333333333333334,3.84,5.12,0.067,0.131,0.284,0.412,0.48400000000000004,0.612,-1.2800000000000002,1.0,2.0,-1.0,-6.784755045631078,9.619100736076307,500,3000,0,1,0,0,2500,0.6707608202233519,0.5605401042188263,0.7366086561786815,0.648432083375061,0,0,0.11022071600452565,-1.0,0.0,-1.0,-0.8875,0.75,0.22222222222222224,0.22222222222222227,-1.6375,-13.0,14.8,8.0,0.047203497193516644,0
2024-12-15 18:00:00+00:00,Carolina Panthers,Dallas Cowboys,14,30,15,-16,44,0,14.0,20.0,0.2,-6.0,25.2,22.0,1,0.6,-3.2,3,-8.2,13.0,21.0,-8.0,0,0.07222222222222219,-0.05012531328320802,-4.833333333333333,14.666666666666666,-19.5,23.4,28.2,-4.800000000000001,0.8333333333333334,0,0,1,0.0,1,10.24,226.95999999999998,216.71999999999997,-3.833333333333332,6.833333333333332,-10.666666666666664,4.48,4.24,0.099,0.087,0.348,0.32399999999999995,0.548,0.524,0.2400000000000002,1.0,1.0,0.0,-2.968666408886723,6.793159776771604,500,1000,0,0,0,0,500,0.7065826351423624,0.5428091891780851,0.76526610811389,0.634247351342468,0,0,0.16377344596427734,-0.2,0.0,-0.2,-0.325,-0.3125,0.22222222222222227,0.22222222222222238,-0.012500000000000011,5.625,13.825,-14.866666666666667,0.09010248495514231,0
2024-12-15 18:00:00+00:00,Tennessee Titans,Cincinnati Bengals,27,37,15,-10,64,0,24.6,23.0,0.4,1.6,17.2,29.6,1,0.0,12.4,3,10.400000000000002,7.0,5.0,2.0,0,0.23684210526315785,-5.551115123125783e-17,-8.5,-2.5,-6.0,25.8,31.4,-5.599999999999998,0.8333333333333334,0,0,1,1.0,1,83.44000000000001,80.8,-2.640000000000015,-8.166666666666668,-1.5,-6.666666666666668,4.04,5.64,0.077,0.157,0.30399999999999994,0.46399999999999997,0.504,0.664,-1.5999999999999996,1.0,3.0,-2.0,-18.27632068537102,-8.058294000933405,1000,1200,1,1,0,0,200,0.6334813272151063,0.5678903495639098,0.706785061772085,0.6543122796511278,0,0,0.06559097765119648,0.0,-0.5,0.5,-0.5625,0.575,0.22222222222222227,0.22222222222222232,-1.1375,-10.5,20.900000000000002,13.066666666666668,0.05963510065630423,0
2024-12-15 18:00:00+00:00,Cleveland Browns,Kansas City Chiefs,7,21,15,-14,28,0,24.0,23.6,0.6,0.4,18.4,20.2,1,0.4,1.8,3,8.600000000000001,23.0,21.0,2.0,0,0.29323308270676696,0.011904761904761862,0.0,3.333333333333333,-3.333333333333333,29.8,21.0,8.8,0.8333333333333334,0,0,1,0.0,1,80.0,20.4,-59.6,7.0,-3.333333333333332,10.333333333333332,4.18,4.4,0.084,0.095,0.318,0.33999999999999997,0.518,0.54,-0.22000000000000064,1.0,3.0,-2.0,-3.3452617690753397,-4.8671576609313725,0,1000,1,0,0,0,1000,0.6213201385074723,0.7380959145030379,0.6970561108059778,0.7904767316024304,0,0,-0.11677577599556566,1.0,1.0,0.0,-0.2875,0.175,0.22222222222222232,0.22222222222222232,-0.46249999999999997,-7.5,16.1,4.0,0.08454908895434322,0
2024-12-15 18:00:00+00:00,New Orleans Saints,Washington Commanders,19,20,15,-1,39,0,10.0,23.2,0.0,-13.2,30.4,27.8,1,0.6,-2.6,3,-17.4,13.0,30.0,-17.0,0,-5.551115123125783e-17,-0.11111111111111116,-9.666666666666668,8.833333333333334,-18.5,17.2,25.8,-8.600000000000001,0.8333333333333334,0,0,1,0.5,0,87.35999999999999,131.76,44.400000000000006,-11.666666666666668,10.0,-21.666666666666668,4.4,5.1,0.095,0.13,0.33999999999999997,0.41,0.54,0.6100000000000001,-0.6999999999999993,0.0,3.0,-3.0,-3.790945859032325,8.585378820639523,1000,500,0,0,0,0,-500,0.5737151773755016,0.5779977043901301,0.6589721419004013,0.6623981635121041,0,0,-0.004282527014628501,0.0,0.0,0.0,-0.325,0.5625,0.22222222222222238,0.22222222222222232,-0.8875,-7.75,9.649999999999999,22.53333333333333,0.04419657023554069,0
2024-12-15 21:25:00+00:00,Denver Broncos,Indianapolis Colts,31,13,15,18,44,1,31.4,18.6,0.8,12.8,21.2,22.4,0,0.6,1.2,3,13.2,12.0,14.0,-2.0,0,0.26315789473684215,0.05263157894736853,9.833333333333334,-2.833333333333333,12.666666666666668,22.8,25.2,-2.3999999999999986,0.8333333333333334,0,0,1,1.0,1,421.03999999999996,51.75999999999999,-369.28,14.333333333333332,-4.833333333333332,19.166666666666664,4.9399999999999995,4.14,0.122,0.08199999999999999,0.39399999999999996,0.31399999999999995,0.5940000000000001,0.514,0.7999999999999998,2.0,1.0,1.0,-6.713772591319043,16.78943887067264,1200,2000,0,1,0,0,800,0.460649986094373,0.6778975318318718,0.5685199888754984,0.7423180254654975,0,0,-0.21724754573749883,-1.0,1.0,-2.0,0.4125,-0.35,0.2222222222222224,0.22222222222222243,0.7625,12.5,0.6999999999999993,20.533333333333335,0.050551179393177985,0
2024-12-15 21:25:00+00:00,Detroit Lions,Buffalo Bills,42,48,15,-6,90,0,40.6,20.0,1.0,20.6,29.2,23.4,1,0.6,-5.8,3,14.400000000000002,9.0,7.0,2.0,0,0.059523809523809534,-0.18357487922705307,-19.333333333333332,4.166666666666667,-23.5,17.2,24.4,-7.199999999999999,0.8333333333333334,0,0,1,0.5,0,280.23999999999995,82.8,-197.43999999999994,-5.5,8.5,-14.0,5.48,5.64,0.14900000000000002,0.157,0.44799999999999995,0.46399999999999997,0.648,0.664,-0.15999999999999925,2.0,3.0,-1.0,-13.614893868628425,-12.019761434653516,0,2500,0,0,0,0,2500,0.4305979013034813,0.7457394299149,0.544478321042785,0.7965915439319201,0,0,-0.31514152861141875,1.0,0.0,1.0,1.125,0.9875,0.2222222222222224,0.2222222222222223,0.13749999999999996,6.75,7.650000000000002,-10.266666666666667,0.0388459741622027,0
2024-12-15 21:25:00+00:00,Philadelphia Eagles,Pittsburgh Steelers,27,13,15,14,40,1,23.4,19.0,0.8,4.4,29.4,25.8,0,0.6,-3.6,3,-3.0,7.0,14.0,-7.0,0,-0.013636363636363669,0.018421052631579005,-12.166666666666668,10.166666666666666,-22.333333333333336,15.8,23.8,-8.0,0.8333333333333334,0,0,1,0.5,0,75.76,35.44,-40.32000000000001,-9.333333333333336,13.833333333333332,-23.166666666666668,5.16,5.02,0.133,0.126,0.416,0.40199999999999997,0.6160000000000001,0.6020000000000001,0.14000000000000057,3.0,2.0,1.0,-8.661608471712105,-3.8492257250991537,3000,0,1,1,0,0,-3000,0.7284304877199946,0.5919271664273643,0.7827443901759957,0.6735417331418915,1,0,0.13650332129263032,1.0,0.5,0.5,0.75,0.6875,0.2222222222222221,0.22222222222222238,0.0625,9.0,12.0,-2.133333333333332,0.06171743827117537,0
2024-12-15 21:25:00+00:00,Arizona Cardinals,New England Patriots,30,17,15,13,47,1,21.8,20.4,0.6,1.4,16.0,23.8,0,0.2,7.8,3,8.8,7.0,21.0,-14.0,0,0.1388888888888889,0.10526315789473684,-18.166666666666664,-12.333333333333334,-5.83333333333333,16.8,22.0,-5.199999999999999,0.8333333333333334,0,0,1,0.5,0,234.64000000000001,125.84,-108.80000000000001,-2.0,0.16666666666666785,-2.166666666666668,4.42,4.24,0.096,0.087,0.34199999999999997,0.32399999999999995,0.542,0.524,0.17999999999999972,0.0,3.0,-3.0,-20.054149671380433,-7.1603827382251115,1000,500,1,0,0,1,-500,0.5945681314943286,0.8260073636615618,0.6756545051954629,0.8608058909292494,0,0,-0.23143923216723317,-1.0,-1.0,0.0,-0.15,-0.2125,0.22222222222222224,0.22222222222222224,0.0625,9.25,0.4499999999999993,-8.4,0.035782416472537736,0
2024-12-15 21:25:00+00:00,Los Angeles Chargers,Tampa Bay Buccaneers,17,40,15,-23,57,0,24.0,19.8,0.6,4.2,32.2,24.6,1,0.6,-7.6,3,-5.200000000000003,19.0,14.0,5.0,0,-0.13157894736842107,0.02619047619047621,-2.3333333333333335,4.333333333333333,-6.666666666666666,21.2,19.2,2.0,0.8333333333333334,0,0,1,0.5,0,37.84,120.64000000000001,82.80000000000001,-11.0,2.333333333333332,-13.333333333333332,4.66,4.86,0.10800000000000001,0.11800000000000002,0.366,0.386,0.5660000000000001,0.5860000000000001,-0.20000000000000018,3.0,3.0,0.0,-7.08327561385992,4.193710359347363,3000,1000,1,1,0,1,-2000,0.6950922270587383,0.5626786078866025,0.7560737816469907,0.650142886309282,1,0,0.1324136191721358,0.0,-0.3333333333333333,0.3333333333333333,0.125,0.75,0.22222222222222232,0.22222222222222235,-0.625,3.5,8.700000000000003,-25.333333333333332,0.05581988196791254,0
2024-12-16 01:20:00+00:00,Seattle Seahawks,Green Bay Packers,13,30,15,-17,43,0,18.0,25.6,0.2,-7.6,27.0,22.6,1,0.8,-4.4,3,-6.0,21.0,10.0,11.0,0,0.12368421052631573,-0.09999999999999998,6.166666666666666,-1.333333333333333,7.499999999999999,17.6,20.8,-3.1999999999999993,0.8333333333333334,0,0,1,0.0,1,39.760000000000005,178.96,139.2,9.333333333333332,6.5,2.833333333333332,4.54,4.96,0.102,0.12300000000000001,0.354,0.396,0.554,0.5960000000000001,-0.41999999999999993,0.0,3.0,-3.0,-3.92438303337703,9.71386729409778,3000,0,1,0,0,0,-3000,0.6403126357515461,0.6343349380922482,0.7122501086012368,0.7074679504737985,0,0,0.005977697659297898,0.3333333333333333,0.0,0.3333333333333333,0.05,0.5625,0.22222222222222207,0.22222222222222232,-0.5125,-2.5,3.5,2.9333333333333336,0.061930453629984894,0
2024-12-17 01:00:00+00:00,Minnesota Vikings,Chicago Bears,30,12,15,18,42,1,27.6,20.8,0.8,6.8,14.6,25.8,0,0.0,11.2,3,16.0,8.0,8.0,0.0,1,-0.17631578947368426,-0.3894736842105263,5.0,-7.333333333333333,12.333333333333332,18.0,26.0,-8.0,0.8333333333333334,0,0,1,0.75,4,51.2,87.84,36.64,10.833333333333332,0.16666666666666785,10.666666666666664,4.9,3.94,0.12000000000000001,0.072,0.38999999999999996,0.294,0.5900000000000001,0.49400000000000005,0.9600000000000004,2.0,1.0,1.0,19.64815822922423,-6.924585056114796,0,1200,0,1,0,0,1200,0.5861763660688288,0.527680259252273,0.668941092855063,0.6221442074018184,0,0,0.058496106816555815,1.0,-1.0,2.0,0.3,-0.4375,0.22222222222222224,0.22222222222222204,0.7375,14.0,2.0,12.266666666666667,0.09856283167047043,0
2024-12-17 01:30:00+00:00,Las Vegas Raiders,Atlanta Falcons,9,15,15,-6,24,0,18.8,28.0,0.2,-9.2,22.6,29.2,1,0.4,6.6,3,-0.8000000000000007,22.0,8.0,14.0,0,0.21052631578947367,-0.16666666666666663,5.5,-2.833333333333334,8.333333333333334,30.2,27.6,2.599999999999998,0.8333333333333334,0,0,1,0.5,0,29.360000000000003,188.56,159.2,-5.666666666666668,0.33333333333333215,-6.0,4.14,3.98,0.08199999999999999,0.07400000000000001,0.31399999999999995,0.298,0.514,0.49800000000000005,0.1599999999999997,1.0,1.0,0.0,1.3345118422844424,6.516063086158892,3000,1000,1,1,1,1,-2000,0.8232233047033631,0.5066457282033529,0.8585786437626906,0.6053165825626823,0,0,0.3165775765000103,-1.0,-0.3333333333333333,-0.6666666666666667,-0.45,-0.1125,0.2222222222222222,0.22222222222222238,-0.3375,-1.875,1.0749999999999993,23.799999999999997,0.055920179763684866,0
2024-12-20 01:15:00+00:00,Los Angeles Chargers,Denver Broncos,34,27,16,7,61,1,25.4,24.4,0.6,1.0,19.2,19.0,0,0.6,-0.2,3,9.2,4.0,25.0,-21.0,1,-0.15000000000000002,-0.2789473684210526,-13.833333333333334,0.16666666666666607,-14.0,25.8,17.2,8.600000000000001,0.8888888888888888,0,0,1,0.25,4,111.76000000000002,127.04,15.279999999999987,-7.666666666666668,9.0,-16.666666666666668,4.46,5.36,0.09800000000000002,0.14300000000000002,0.346,0.436,0.546,0.6360000000000001,-0.9000000000000004,3.0,2.0,1.0,23.979942013366895,-1.0965313655164315,3000,1200,1,0,0,0,-1800,0.7106040774302443,0.492555421745389,0.7684832619441955,0.5940443373963112,1,0,0.21804865568485532,0.0,-1.0,1.0,0.15,0.6,0.22222222222222232,0.2222222222222222,-0.44999999999999996,-3.125,12.325,-21.133333333333333,0.07555933385157707,0
2024-12-21 18:00:00+00:00,Kansas City Chiefs,Houston Texans,27,19,16,8,46,1,22.0,17.0,1.0,5.0,26.6,19.2,0,0.6,-7.4,3,-1.6000000000000014,12.0,20.0,-8.0,0,-0.022727272727272707,-0.09523809523809523,9.333333333333334,0.16666666666666696,9.166666666666668,19.6,20.0,-0.3999999999999986,0.8888888888888888,0,0,1,0.5,0,53.040000000000006,107.44000000000001,54.400000000000006,-3.333333333333332,-6.5,3.166666666666668,4.5,4.84,0.1,0.11699999999999999,0.35,0.38399999999999995,0.55,0.5840000000000001,-0.33999999999999986,3.0,3.0,0.0,17.119262823237193,1.1184097589564332,0,1000,0,0,0,0,1000,0.7482095365189539,0.7222439244588879,0.7985676292151631,0.7777951395671103,0,0,0.02596561206006609,1.0,-0.3333333333333333,1.3333333333333333,0.0875,0.1125,0.22222222222222204,0.2222222222222222,-0.02500000000000001,3.875,5.475000000000001,5.0,0.052179551476138585,0
2024-12-21 21:30:00+00:00,Baltimore Ravens,Pittsburgh Steelers,34,17,16,17,51,1,32.0,20.2,0.8,11.8,27.2,25.8,0,0.6,-1.4,3,7.800000000000001,20.0,6.0,14.0,1,0.04761904761904767,-0.012531328320801949,6.0,-1.5,7.5,22.6,23.8,-1.1999999999999993,0.8888888888888888,0,0,1,0.0,4,84.64000000000001,85.84,1.1999999999999886,0.0,-7.0,7.0,5.0,4.72,0.125,0.111,0.39999999999999997,0.372,0.6000000000000001,0.5720000000000001,0.28000000000000025,2.0,2.0,0.0,19.580791835515466,-5.487494063250626,3000,1000,1,1,0,0,-2000,0.5510863808036116,0.52237567063643,0.6408691046428893,0.617900536509144,0,1,0.02871071016718163,0.0,0.3333333333333333,-0.3333333333333333,0.8125,0.45,0.22222222222222224,0.22222222222222238,0.3625,6.125,1.6750000000000007,4.6,0.08795598435118761,0
2024-12-22 18:00:00+00:00,Atlanta Falcons,New York Giants,34,7,16,27,41,1,23.2,25.2,0.6,-2.0,21.0,21.6,0,0.4,0.6,3,5.199999999999999,21.0,23.0,-2.0,0,0.13157894736842102,-0.11190476190476184,5.5,-1.0,6.5,25.2,25.2,0.0,0.8888888888888888,0,0,1,0.5,0,188.56,77.44000000000001,-111.11999999999999,6.0,-2.166666666666666,8.166666666666666,3.74,3.68,0.062000000000000006,0.05900000000000001,0.27399999999999997,0.268,0.47400000000000003,0.4680000000000001,0.06000000000000005,1.0,1.0,0.0,-23.31841650079334,-1.1364206507841246,3000,500,1,0,1,0,-2500,0.6233370206670159,0.6917792998515512,0.6986696165336127,0.7534234398812409,0,0,-0.06844227918453527,-0.3333333333333333,-1.0,0.6666666666666667,-0.4,-0.8,0.22222222222222238,0.22222222222222224,0.4,7.0,1.8000000000000007,8.881784197001252e-16,0.04248039377428767,0
2024-12-22 18:00:00+00:00,Chicago Bears,Detroit Lions,17,34,16,-17,51,0,24.0,19.0,0.4,5.0,30.4,16.2,1,1.0,-14.2,3,-3.3999999999999986,28.0,28.0,0.0,1,0.4,-0.022727272727272707,-19.166666666666668,-23.833333333333332,4.666666666666664,28.2,22.2,6.0,0.8888888888888888,0,0,1,0.25,4,93.6,334.96000000000004,241.36000000000004,-9.5,5.0,-14.5,4.12,5.8,0.081,0.165,0.31199999999999994,0.48,0.512,0.68,-1.6799999999999997,1.0,2.0,-1.0,9.546543452400831,-3.813595168790596,1200,0,1,0,0,0,-1200,0.6565342083991479,0.4153326266157825,0.7252273667193183,0.532266101292626,0,0,0.24120158178336537,-1.0,0.3333333333333333,-1.3333333333333333,-0.725,1.2625,0.2222222222222222,0.22222222222222224,-1.9874999999999998,-22.5,19.1,16.266666666666666,0.06546946670948296,0
2024-12-22 18:00:00+00:00,Cincinnati Bengals,Cleveland Browns,24,6,16,18,30,1,33.4,36.8,0.2,-3.4,17.8,31.4,0,0.0,13.6,3,18.599999999999998,21.0,14.0,7.0,1,-0.026190476190476153,-0.26428571428571435,13.166666666666668,-5.166666666666666,18.333333333333336,32.0,28.6,3.3999999999999986,0.8888888888888888,0,0,1,0.6666666666666666,3,46.64,74.24,27.599999999999994,-1.0,-12.833333333333332,11.833333333333332,5.5600000000000005,4.12,0.15300000000000002,0.081,0.45599999999999996,0.31199999999999994,0.656,0.512,1.4400000000000004,3.0,1.0,2.0,-8.723631991321064,-7.524509610599194,0,0,1,1,0,0,0,0.5978573014463647,0.5720689307844078,0.6782858411570918,0.6576551446275263,0,1,0.02578837066195694,-0.5,1.0,-1.5,0.825,-0.4,0.22222222222222246,0.2222222222222224,1.225,12.75,5.849999999999998,9.466666666666667,0.09268601684657643,0
2024-12-22 18:00:00+00:00,Indianapolis Colts,Tennessee Titans,38,30,16,8,68,1,18.0,20.8,0.6,-2.8,18.4,36.4,0,0.2,18.0,3,2.6000000000000014,28.0,21.0,7.0,1,-0.026315789473684237,-0.21052631578947362,0.5,2.333333333333334,-1.833333333333334,27.2,27.8,-0.6000000000000014,0.8888888888888888,0,0,1,1.0,3,72.56,83.44,10.879999999999995,1.0,-4.833333333333332,5.833333333333332,4.14,4.24,0.08199999999999999,0.087,0.31399999999999995,0.32399999999999995,0.514,0.524,-0.10000000000000053,1.0,1.0,0.0,10.583919943596506,-4.027485397557651,1000,1000,1,0,0,0,0,0.6674553601394243,0.6183915619381564,0.7339642881115394,0.694713249550525,0,0,0.04906379820126794,1.0,0.0,1.0,-0.4375,-0.35,0.2222222222222224,0.2222222222222223,-0.08750000000000002,7.75,5.149999999999999,-6.533333333333333,0.08149362905659996,0
2024-12-22 18:00:00+00:00,New York Jets,Los Angeles Rams,9,19,16,-10,28,0,19.6,20.0,0.2,-0.4,21.0,17.2,1,0.8,-3.8,3,1.6000000000000014,21.0,9.0,12.0,0,0.08080808080808077,-0.101010101010101,10.833333333333334,5.333333333333333,5.500000000000001,28.4,24.2,4.199999999999999,0.8888888888888888,0,0,1,0.5,0,111.2,82.16000000000001,-29.039999999999992,11.0,5.0,6.0,4.54,4.8,0.102,0.115,0.354,0.38,0.554,0.5800000000000001,-0.2599999999999998,1.0,2.0,-1.0,-16.426300630000323,-1.701954057209275,1000,1000,1,1,0,-1,0,0.6277181847041142,0.530958424017657,0.7021745477632914,0.6247667392141256,0,0,0.0967597606864572,-0.5,1.0,-1.5,-0.075,0.25,0.22222222222222232,0.22222222222222218,-0.325,-4.375,5.975000000000001,1.666666666666667,0.04649461720196134,0
2024-12-22 18:00:00+00:00,Washington Commanders,Philadelphia Eagles,36,33,16,3,69,1,30.6,20.6,0.6,10.0,32.0,13.0,0,1.0,-19.0,3,1.6000000000000014,21.0,20.0,1.0,1,0.07894736842105265,-0.0021739130434782483,17.666666666666668,0.0,17.666666666666668,25.2,17.2,8.0,0.8888888888888888,0,0,1,0.0,3,129.84,22.0,-107.84,7.333333333333332,-4.5,11.833333333333332,4.96,5.02,0.12300000000000001,0.126,0.396,0.40199999999999997,0.5960000000000001,0.6020000000000001,-0.05999999999999961,3.0,3.0,0.0,-2.293984909651476,8.769129559670748,500,500,0,0,0,0,0,0.5650071839673672,0.7262100485773811,0.6520057471738937,0.7809680388619049,0,0,-0.16120286461001399,0.0,1.0,-1.0,0.525,0.7375,0.22222222222222246,0.22222222222222252,-0.21250000000000002,-3.875,5.475000000000001,6.199999999999998,0.10256539889329724,0
2024-12-22 18:00:00+00:00,Carolina Panthers,Arizona Cardinals,36,30,16,6,66,1,21.4,25.0,0.4,-3.6,18.6,24.6,0,0.4,6.0,3,5.799999999999997,7.0,21.0,-14.0,0,0.06052631578947365,-0.17105263157894735,-10.0,-4.166666666666667,-5.833333333333333,25.0,18.4,6.600000000000001,0.8888888888888888,0,0,1,0.5,0,38.8,198.8,160.0,-8.333333333333332,4.333333333333332,-12.666666666666664,4.3,4.4399999999999995,0.09000000000000001,0.097,0.32999999999999996,0.344,0.53,0.544,-0.13999999999999968,1.0,0.0,1.0,13.375978294768066,-1.7559056517631249,500,500,0,0,0,-1,0,0.6979238506601357,0.5953879172590122,0.7583390805281085,0.6763103338072097,0,0,0.10253593340112355,-0.5,-1.0,0.5,-0.4,0.0625,0.22222222222222224,0.22222222222222224,-0.4625,-10.625,16.424999999999997,8.466666666666665,0.0511397794270643,0
2024-12-22 21:05:00+00:00,Seattle Seahawks,Minnesota Vikings,24,27,16,-3,51,0,16.6,25.8,0.2,-9.2,23.2,21.2,1,0.8,-2.0,3,-3.599999999999998,6.0,28.0,-22.0,0,0.09273182957393478,0.15000000000000002,-8.5,14.833333333333332,-23.333333333333332,18.4,19.0,-0.6000000000000014,0.8888888888888888,0,0,1,1.0,1,106.64000000000001,62.64,-44.000000000000014,0.8333333333333321,10.666666666666668,-9.833333333333336,4.4,5.26,0.095,0.138,0.33999999999999997,0.426,0.54,0.6260000000000001,-0.8599999999999994,0.0,2.0,-2.0,24.117554779559917,1.0312863108403119,3000,0,1,0,0,0,-3000,0.6099379055842519,0.582838835100869,0.6879503244674015,0.6662710680806951,0,0,0.027099070483382892,1.0,1.0,0.0,-0.0875,0.3125,0.22222222222222232,0.22222222222222238,-0.4,-3.25,0.34999999999999787,-11.333333333333332,0.06013904605437183,0
2024-12-22 21:25:00+00:00,Buffalo Bills,New England Patriots,24,21,16,3,45,1,35.2,15.6,1.0,19.6,16.8,23.8,0,0.2,7.0,3,21.400000000000002,20.0,7.0,13.0,1,0.160183066361556,0.08947368421052637,-12.666666666666666,-4.0,-8.666666666666666,27.4,24.0,3.3999999999999986,0.8888888888888888,0,0,1,0.6666666666666666,3,77.03999999999999,143.44,66.4,13.333333333333332,1.8333333333333321,11.5,6.0,4.24,0.175,0.087,0.5,0.32399999999999995,0.7000000000000001,0.524,1.7599999999999998,3.0,3.0,0.0,-17.25096470967515,7.037344427093421,3000,3000,1,1,0,0,0,0.6887525100502817,0.8215737197047475,0.7510020080402253,0.8572589757637981,0,0,-0.13282120965446576,0.0,-1.0,1.0,1.3,-0.2625,0.22222222222222238,0.22222222222222207,1.5625,19.875,1.5250000000000021,6.066666666666666,0.07173593810010846,0
2024-12-22 21:25:00+00:00,Las Vegas Raiders,Jacksonville Jaguars,19,14,16,5,33,1,16.2,23.8,0.2,-7.6,15.0,29.0,0,0.2,14.0,3,4.199999999999999,5.0,14.0,-9.0,0,0.18947368421052635,-0.023809523809523836,-1.5,16.5,-18.0,25.0,25.0,0.0,0.8888888888888888,0,0,1,0.5,0,25.840000000000003,313.04,287.20000000000005,-7.333333333333332,6.5,-13.833333333333332,3.84,3.66,0.067,0.058,0.284,0.26599999999999996,0.48400000000000004,0.466,0.17999999999999972,1.0,1.0,0.0,11.770072806426025,-3.922420952859426,3000,500,1,0,0,1,-2500,0.7834936490538903,0.539192285220831,0.8267949192431122,0.6313538281766647,1,0,0.24430136383305934,-1.0,-0.5,-0.5,-0.5,-0.325,0.22222222222222207,0.22222222222222224,-0.175,-0.5,4.699999999999999,-3.466666666666666,0.054470110724026084,0
2024-12-22 21:25:00+00:00,Miami Dolphins,San Francisco 49ers,29,17,16,12,46,1,27.8,23.8,0.6,4.0,20.6,28.8,0,0.4,8.2,3,10.2,14.0,20.0,-6.0,0,0.3666666666666666,-0.1428571428571428,-8.0,28.166666666666668,-36.16666666666667,22.0,23.6,-1.6000000000000014,0.8888888888888888,0,0,1,0.5,0,156.56,361.0400000000001,204.48000000000008,-6.333333333333332,9.666666666666666,-15.999999999999998,4.88,3.92,0.11900000000000001,0.07100000000000001,0.388,0.292,0.5880000000000001,0.49200000000000005,0.96,3.0,1.0,2.0,16.710816502279553,7.377574928602283,1000,2500,1,0,0,-1,1500,0.624375519967082,0.4894855535834466,0.6995004159736655,0.5915884428667573,0,0,0.13488996638363537,1.0,-1.0,2.0,0.375,-0.3,0.22222222222222224,0.22222222222222232,0.675,10.625,0.4250000000000007,-17.0,0.031000875096675214,0
2024-12-23 01:20:00+00:00,Dallas Cowboys,Tampa Bay Buccaneers,26,24,16,2,50,1,14.4,32.4,0.2,-18.0,34.2,20.8,0,0.8,-13.4,3,-16.800000000000004,13.0,7.0,6.0,0,0.02631578947368418,0.04761904761904756,7.5,11.333333333333332,-3.833333333333332,24.2,16.6,7.599999999999998,0.8888888888888888,0,0,1,1.0,1,198.8,111.36000000000001,-87.44,1.3333333333333321,8.666666666666668,-7.333333333333336,4.72,5.18,0.111,0.134,0.372,0.418,0.5720000000000001,0.6180000000000001,-0.45999999999999996,1.0,3.0,-2.0,-19.29207364138784,-4.636366531592206,1000,3000,0,1,0,0,2000,0.552786404500042,0.7233713002958659,0.6422291236000337,0.7786970402366927,0,0,-0.17058489579582392,0.0,0.0,0.0,-0.05,0.6125,0.22222222222222224,0.22222222222222238,-0.6625000000000001,-7.0,9.800000000000004,2.666666666666666,0.04583591613025825,0
2024-12-24 01:15:00+00:00,Green Bay Packers,New Orleans Saints,34,0,16,34,34,1,28.0,17.2,0.8,10.8,16.2,22.4,0,0.2,6.2,3,14.8,24.0,15.0,9.0,0,0.07857142857142863,0.023684210526315808,-7.0,-4.666666666666667,-2.333333333333333,18.6,16.6,2.0,0.8888888888888888,0,0,1,1.0,1,124.96,87.36,-37.599999999999994,1.1666666666666679,-6.5,7.666666666666668,5.28,4.34,0.139,0.092,0.428,0.33399999999999996,0.6280000000000001,0.534,0.9400000000000004,3.0,0.0,3.0,7.720201636887815,2.332056321317031,1200,1000,1,0,0,0,-200,0.6505025929996047,0.6025471726103838,0.7204020743996837,0.6820377380883071,0,0,0.04795542038922085,0.0,0.0,0.0,0.5125,-0.425,0.22222222222222246,0.22222222222222235,0.9375,12.25,2.5500000000000007,2.2666666666666666,0.05362834463994518,0
2024-12-25 18:00:00+00:00,Pittsburgh Steelers,Kansas City Chiefs,10,29,17,-19,39,0,25.0,16.6,0.8,8.4,25.4,20.4,1,0.8,-5.0,3,2.6000000000000014,17.0,10.0,7.0,0,0.04066985645933019,0.012727272727272698,-20.166666666666668,8.666666666666666,-28.833333333333336,27.4,17.4,10.0,0.9444444444444444,0,0,1,0.5,0,131.44,21.759999999999998,-109.68,-15.0,1.3333333333333321,-16.333333333333332,4.7,4.62,0.11,0.106,0.37,0.362,0.5700000000000001,0.562,0.08000000000000007,2.0,3.0,-1.0,-15.169786302453133,-6.884590295573541,2000,0,1,0,0,0,-2000,0.5458524468853763,0.7482095365189539,0.636681957508301,0.7985676292151631,1,0,-0.20235708963357768,0.0,1.0,-1.0,0.2,0.0875,0.2222222222222222,0.2222222222222225,0.11250000000000002,-1.25,3.8500000000000014,-15.600000000000001,0.06418907859920137,0
2024-12-25 21:30:00+00:00,Houston Texans,Baltimore Ravens,2,31,17,-29,33,0,23.2,22.0,0.6,1.2,29.2,23.0,1,0.6,-6.2,3,-3.0,10.0,10.0,0.0,0,0.12121212121212122,-0.06493506493506496,-7.333333333333333,19.0,-26.333333333333332,20.2,19.2,1.0,0.9444444444444444,0,0,1,0.0,2,128.24,103.84,-24.400000000000006,-8.5,12.833333333333332,-21.333333333333332,4.76,4.98,0.11300000000000002,0.12400000000000001,0.376,0.39799999999999996,0.5760000000000001,0.5980000000000001,-0.22000000000000064,3.0,2.0,1.0,-15.013703061422447,2.438999873602737,1000,500,1,0,0,0,-500,0.7141350843492682,0.5909232957011608,0.7713080674794146,0.6727386365609286,0,0,0.12321178864810745,0.0,-0.3333333333333333,0.3333333333333333,0.075,0.725,0.2222222222222224,0.22222222222222227,-0.65,-3.375,0.375,-5.8,0.05967654734690076,0
2024-12-27 01:15:00+00:00,Chicago Bears,Seattle Seahawks,3,6,17,-3,9,0,20.2,23.8,0.2,-3.6,27.8,22.4,1,0.8,-5.4,3,-4.600000000000001,4.0,18.0,-14.0,0,0.37142857142857144,-0.06459330143540665,-7.166666666666666,-19.0,11.833333333333334,31.0,20.4,10.600000000000001,0.9444444444444444,0,0,1,0.5,0,76.96000000000001,111.43999999999998,34.479999999999976,-5.5,-5.5,0.0,4.08,4.48,0.07900000000000001,0.099,0.308,0.348,0.508,0.548,-0.40000000000000036,1.0,0.0,1.0,4.588962808236725,1.738223329903298,1200,500,1,0,0,0,-700,0.6544931259728687,0.6853201031206474,0.7235945007782949,0.7482560824965179,0,0,-0.03082697714777871,-1.0,0.0,-1.0,-0.7,-0.2125,0.22222222222222227,0.2222222222222222,-0.48749999999999993,-7.75,3.1499999999999986,-10.533333333333333,0.04721432634809946,0
2024-12-28 18:00:00+00:00,New England Patriots,Los Angeles Chargers,7,40,17,-33,47,0,20.4,26.2,0.2,-5.8,19.8,15.0,1,0.6,-4.8,3,3.599999999999998,27.0,19.0,8.0,0,-0.07518796992481203,0.11904761904761907,0.6666666666666661,-6.333333333333333,6.999999999999999,28.2,25.8,2.3999999999999986,0.9444444444444444,0,0,1,0.0,1,44.64,111.76000000000002,67.12000000000002,-1.3333333333333321,6.5,-7.833333333333332,4.28,4.46,0.08900000000000001,0.09800000000000002,0.32799999999999996,0.346,0.528,0.546,-0.17999999999999972,3.0,3.0,0.0,-6.667460773782174,1.9454991210679202,3000,500,1,0,0,-1,-2500,0.8322949016875157,0.6627315609191989,0.8658359213500126,0.7301852487353592,0,0,0.1695633407683168,-1.0,0.0,-1.0,-0.2,0.25,0.22222222222222238,0.22222222222222207,-0.45,-1.875,5.474999999999998,8.333333333333332,0.06498120824768322,0
2024-12-28 21:30:00+00:00,Cincinnati Bengals,Denver Broncos,30,24,17,6,54,1,31.6,30.4,0.4,1.2,22.6,24.0,0,0.4,1.4,3,12.0,6.0,8.0,-2.0,0,0.0,-0.29999999999999993,16.0,-11.5,27.5,26.2,20.8,5.399999999999999,0.9444444444444444,0,0,1,0.5,0,92.24,161.84,69.60000000000001,-0.16666666666666785,-7.0,6.833333333333332,5.36,5.62,0.14300000000000002,0.15600000000000003,0.436,0.462,0.6360000000000001,0.662,-0.2599999999999998,3.0,2.0,1.0,25.21487901257251,-0.8774259976375757,0,1200,1,0,0,0,1200,0.6168082236007667,0.5014082331205217,0.6934465788806135,0.6011265864964174,0,0,0.11539999048024496,-0.3333333333333333,-1.0,0.6666666666666667,0.8625,0.525,0.22222222222222246,0.22222222222222227,0.3375,-0.125,12.125,13.0,0.04179504351779395,0
2024-12-29 01:00:00+00:00,Los Angeles Rams,Arizona Cardinals,13,9,17,4,22,1,25.8,27.4,0.6,-1.6,19.8,27.2,0,0.2,7.4,3,9.0,20.0,6.0,14.0,1,0.07729468599033817,-0.1829573934837092,10.666666666666666,11.166666666666668,-0.5000000000000018,21.6,24.4,-2.799999999999997,0.9444444444444444,0,0,1,0.6666666666666666,3,93.04000000000002,79.76,-13.280000000000015,-12.833333333333332,14.666666666666666,-27.5,4.62,4.42,0.106,0.096,0.362,0.34199999999999997,0.562,0.542,0.20000000000000018,2.0,0.0,2.0,-15.094174107989925,-4.373317733447519,3000,2500,1,0,1,0,-500,0.5360243136758134,0.5947608730638169,0.6288194509406507,0.6758086984510534,1,0,-0.058736559388003484,1.0,-1.0,2.0,0.1125,0.225,0.22222222222222227,0.22222222222222227,-0.1125,0.75,8.25,15.866666666666667,0.07785231440969356,0
2024-12-29 18:00:00+00:00,Buffalo Bills,New York Jets,40,14,17,26,54,1,30.6,17.8,1.0,12.8,20.2,30.0,0,0.2,9.8,3,13.400000000000002,6.0,14.0,-8.0,1,0.17105263157894735,-0.0574162679425837,-6.166666666666666,2.5,-8.666666666666666,27.6,26.0,1.6000000000000014,0.9444444444444444,0,0,1,0.6666666666666666,3,83.75999999999999,33.2,-50.55999999999999,0.3333333333333357,-4.166666666666668,4.5000000000000036,5.88,4.6,0.16899999999999998,0.10500000000000001,0.488,0.36,0.6880000000000001,0.56,1.2800000000000002,3.0,1.0,2.0,7.450464417058326,12.422985952263963,3000,1000,1,1,0,0,-2000,0.6387954180800027,0.585421901205575,0.7110363344640023,0.66833752096446,0,0,0.05337351687442771,0.3333333333333333,-0.5,0.8333333333333333,1.175,-0.15,0.22222222222222235,0.2222222222222221,1.325,16.75,3.349999999999998,-13.466666666666665,0.0985554985438873,0
2024-12-29 18:00:00+00:00,New Orleans Saints,Las Vegas Raiders,10,25,17,-15,35,0,19.6,21.0,0.4,-1.4,17.6,28.4,1,0.0,10.8,3,5.0,14.0,21.0,-7.0,0,5.551115123125783e-17,-0.21804511278195488,-23.166666666666668,8.5,-31.666666666666668,20.0,21.0,-1.0,0.9444444444444444,0,0,1,0.5,0,318.23999999999995,46.64,-271.59999999999997,-11.5,-2.333333333333332,-9.166666666666668,3.94,3.84,0.072,0.067,0.294,0.284,0.49400000000000005,0.48400000000000004,0.10000000000000009,0.0,1.0,-1.0,37.16418499503943,-2.8183955816184616,1000,2500,1,0,0,0,1500,0.5165230098546572,0.7849418683239343,0.6132184078837257,0.8279534946591475,1,0,-0.26841885846927716,-0.3333333333333333,-0.3333333333333333,0.0,-0.55,-0.45,0.22222222222222232,0.22222222222222232,-0.10000000000000003,7.125,2.125,-15.133333333333333,0.04520128177986209,0
2024-12-29 18:00:00+00:00,New York Giants,Indianapolis Colts,45,33,17,12,78,1,11.4,26.8,0.0,-15.4,19.8,25.2,0,0.4,5.4,3,-5.4,14.0,13.0,1.0,0,0.12272727272727268,-0.0,-13.0,0.33333333333333304,-13.333333333333332,28.0,27.2,0.8000000000000007,0.9444444444444444,0,0,1,1.0,1,88.96000000000001,115.76000000000002,26.80000000000001,-2.166666666666666,5.833333333333332,-7.999999999999998,3.48,4.5,0.05,0.1,0.248,0.35,0.44800000000000006,0.55,-1.02,1.0,1.0,0.0,-12.976426479083912,-2.7004362301172633,500,1000,0,1,0,0,500,0.7319048676309098,0.5303342278811453,0.7855238941047278,0.6242673823049163,0,0,0.20157063974976452,-1.0,1.0,-2.0,-0.75,-0.1625,0.22222222222222204,0.22222222222222227,-0.5875,-3.25,2.1500000000000004,-12.4,0.05427003054415935,0
2024-12-29 18:00:00+00:00,Philadelphia Eagles,Dallas Cowboys,41,7,17,34,48,1,24.6,17.2,1.0,7.4,25.8,22.8,0,0.6,-3.0,3,1.8000000000000007,13.0,14.0,-1.0,1,0.0331262939958592,-0.050000000000000044,-3.833333333333334,6.333333333333334,-10.166666666666668,20.8,22.2,-1.3999999999999986,0.9444444444444444,0,0,1,0.6666666666666666,3,50.160000000000004,57.35999999999999,7.199999999999989,2.333333333333332,1.0,1.3333333333333321,5.16,5.04,0.133,0.127,0.416,0.40399999999999997,0.6160000000000001,0.604,0.1200000000000001,3.0,1.0,2.0,19.11278693494432,1.3196119048498776,500,1000,0,0,0,0,500,0.7544935082324705,0.5480943129368695,0.8035948065859764,0.6384754503494956,0,0,0.20639919529560102,0.3333333333333333,0.3333333333333333,0.0,0.6875,-0.025,0.22222222222222215,0.2222222222222222,0.7125,17.0,15.2,-19.2,0.09614505688933478,0
2024-12-29 18:00:00+00:00,Tampa Bay Buccaneers,Carolina Panthers,48,14,17,34,62,1,27.6,24.8,0.4,2.8,16.6,29.6,0,0.2,13.0,3,14.0,21.0,21.0,0.0,1,-0.021645021645021578,-0.09999999999999998,-3.166666666666666,-1.0,-2.166666666666666,17.2,27.6,-10.400000000000002,0.9444444444444444,0,0,1,1.0,4,105.44000000000001,49.839999999999996,-55.600000000000016,4.0,3.0,1.0,5.26,4.62,0.138,0.106,0.426,0.362,0.6260000000000001,0.562,0.6399999999999997,3.0,1.0,2.0,17.773872955963544,0.49943983147908755,3000,500,1,0,0,0,-2500,0.7218925567339126,0.65094994986392,0.7775140453871301,0.720759959891136,0,0,0.07094260686999265,0.0,-0.5,0.5,0.525,-0.0375,0.22222222222222227,0.22222222222222227,0.5625,13.0,1.0,11.733333333333333,0.09576772293476453,0
2024-12-29 18:00:00+00:00,Jacksonville Jaguars,Tennessee Titans,20,13,17,7,33,1,22.2,22.6,0.2,-0.4,22.4,37.2,0,0.2,14.8,3,2.8000000000000007,14.0,7.0,7.0,1,0.04761904761904767,-0.22368421052631576,9.0,-1.666666666666667,10.666666666666668,26.4,30.8,-4.400000000000002,0.9444444444444444,0,0,1,0.75,4,313.04,82.8,-230.24,7.5,9.5,-2.0,3.8,4.58,0.065,0.10400000000000001,0.27999999999999997,0.358,0.48000000000000004,0.558,-0.7800000000000002,1.0,1.0,0.0,-9.474255306326373,-2.637894309965153,3000,0,1,0,1,0,-3000,0.6102885682970026,0.5869322089535424,0.6882308546376021,0.669545767162834,0,0,0.023356359343460253,-0.5,0.0,-0.5,-0.55,-0.15,0.22222222222222204,0.22222222222222238,-0.4,1.375,1.4250000000000007,10.066666666666666,0.06863014378348904,0
2024-12-29 21:05:00+00:00,Cleveland Browns,Miami Dolphins,3,20,17,-17,23,0,16.8,22.4,0.4,-5.6,17.8,22.2,1,0.2,4.4,3,2.0,14.0,14.0,0.0,0,0.27727272727272734,-0.38095238095238093,-10.333333333333332,-2.0,-8.333333333333332,26.4,21.6,4.799999999999997,0.9444444444444444,0,0,1,0.5,0,62.96,144.56,81.6,-16.833333333333332,-7.166666666666668,-9.666666666666664,3.96,4.78,0.07300000000000001,0.114,0.296,0.378,0.49600000000000005,0.5780000000000001,-0.8200000000000003,1.0,3.0,-2.0,-13.083932126079803,-3.7644016948430035,0,500,1,0,0,0,500,0.5302926442986016,0.6208562277974224,0.6242341154388813,0.696684982237938,1,1,-0.09056358349882088,1.0,1.0,0.0,-0.5,0.4,0.22222222222222224,0.2222222222222222,-0.9,-11.75,13.75,-5.7333333333333325,0.04717703590675297,0
2024-12-29 21:25:00+00:00,Minnesota Vikings,Green Bay Packers,27,25,17,2,52,1,29.0,19.8,0.8,9.2,27.0,22.4,0,0.8,-4.6,3,5.0,12.0,13.0,-1.0,1,-0.16666666666666674,-0.09523809523809523,2.166666666666666,12.833333333333334,-10.666666666666668,21.2,14.8,6.399999999999999,0.9444444444444444,0,0,1,0.5,4,72.16,164.56,92.4,-3.166666666666668,-1.0,-2.166666666666668,5.34,5.5600000000000005,0.14200000000000002,0.15300000000000002,0.43399999999999994,0.45599999999999996,0.634,0.656,-0.22000000000000064,2.0,3.0,-1.0,-7.565433656677865,-0.7773117691156763,1200,1200,0,1,0,0,0,0.593798079768202,0.6394990464645065,0.6750384638145616,0.7115992371716052,0,0,-0.045700966696304524,1.0,-1.0,2.0,0.4,0.6375,0.22222222222222232,0.22222222222222215,-0.23749999999999993,1.25,3.75,-0.40000000000000036,0.07993728670714279,0
2024-12-30 01:20:00+00:00,Washington Commanders,Atlanta Falcons,30,24,17,6,54,1,29.8,25.8,0.6,4.0,18.0,27.0,0,0.4,9.0,3,14.8,7.0,12.0,-5.0,0,0.10275689223057649,-0.15538847117794485,-0.3333333333333335,35.5,-35.833333333333336,26.2,22.6,3.599999999999998,0.9444444444444444,0,0,1,1.0,1,128.56,426.16,297.6,-0.6666666666666679,11.166666666666666,-11.833333333333334,5.14,4.08,0.132,0.07900000000000001,0.414,0.308,0.614,0.508,1.0599999999999996,3.0,1.0,2.0,3.586914824030941,-9.579876932672308,500,3000,0,1,0,0,2500,0.5978573014463647,0.5513910388768409,0.6782858411570918,0.6411128311014728,0,0,0.0464662625695238,1.0,0.0,1.0,0.475,-0.15,0.22222222222222238,0.22222222222222224,0.625,7.25,7.550000000000001,1.200000000000001,0.03817515895710224,0
2024-12-31 01:15:00+00:00,San Francisco 49ers,Detroit Lions,34,40,17,-6,74,0,21.8,19.4,0.4,2.4,27.8,17.8,1,1.0,-10.0,3,-3.0,18.0,8.0,10.0,0,0.16666666666666663,-0.010822510822510845,0.3333333333333339,-2.5,2.833333333333334,25.4,24.4,1.0,0.9444444444444444,0,0,1,1.0,1,358.16,84.4,-273.76,-7.833333333333332,11.0,-18.833333333333332,3.92,5.4399999999999995,0.07100000000000001,0.147,0.292,0.44399999999999995,0.49200000000000005,0.644,-1.5199999999999996,1.0,2.0,-1.0,-3.359501253215615,-3.186495148222059,2500,0,0,0,1,0,-2500,0.4886063771418341,0.5152723058252191,0.5908851017134673,0.6122178446601753,1,0,-0.02666592868338502,-1.0,0.3333333333333333,-1.3333333333333333,-0.3125,1.0375,0.22222222222222232,0.22222222222222238,-1.35,-13.75,10.75,23.066666666666666,0.04450582497128202,0
